datetime,price_EUR_per_MWh,nuclear_MW,non_renewable_MW,renewable_MW
2025-01-01 00:00:00,102.2,2971.5664081289115,462.5,462.5
2025-01-01 01:00:00,98.2,2971.165988191486,462.5,462.5
2025-01-01 02:00:00,72.6,2971.61646062109,462.5,462.5
2025-01-01 03:00:00,67.85,2972.597489467784,462.5,462.5
2025-01-01 04:00:00,62.87,2977.923074635546,462.5,462.5
2025-01-01 05:00:00,58.99,2970.1649383479216,462.5,462.5
2025-01-01 06:00:00,68.57,2966.641242898575,462.5,462.5
2025-01-01 07:00:00,74.03,2968.2429226482777,462.5,462.5
2025-01-01 08:00:00,76.55,2968.663363582575,462.5,462.5
2025-01-01 09:00:00,88.1,2968.613311090397,462.5,462.5
2025-01-01 10:00:00,85.73,2970.665463269704,462.5,462.5
2025-01-01 11:00:00,75.8,2969.7444974136247,462.5,462.5
2025-01-01 12:00:00,70.74,2968.763468566932,462.5,462.5
2025-01-01 13:00:00,68.38,2967.512156262476,462.5,462.5
2025-01-01 14:00:00,65.05,2967.091715328179,462.5,462.5
2025-01-01 15:00:00,82.71,2964.7392481958022,462.5,462.5
2025-01-01 16:00:00,104.1,2962.3367285712475,462.5,462.5
2025-01-01 17:00:00,107.3,2962.83725349303,462.5,462.5
2025-01-01 18:00:00,108.2,2964.639143211446,462.5,462.5
2025-01-01 19:00:00,106.18,2964.9895106566933,462.5,462.5
2025-01-01 20:00:00,102.83,2965.510056575347,462.5,462.5
2025-01-01 21:00:00,102.33,2965.94050800808,462.5,462.5
2025-01-01 22:00:00,103.56,2967.2418728047137,462.5,462.5
2025-01-01 23:00:00,102.74,2966.0105814971294,462.5,462.5
2025-01-02 00:00:00,108.93,2966.310896450198,462.5,462.5
2025-01-02 01:00:00,109.49,2966.891505359466,462.5,462.5
2025-01-02 02:00:00,107.7,2965.760319036238,462.5,462.5
2025-01-02 03:00:00,107.0,2965.690245547188,462.5,462.5
2025-01-02 04:00:00,106.3,2966.461053926733,462.5,462.5
2025-01-02 05:00:00,106.82,2963.8383033365944,462.5,462.5
2025-01-02 06:00:00,110.95,2962.156539599406,462.5,462.5
2025-01-02 07:00:00,125.37,2963.0374634617424,462.5,462.5
2025-01-02 08:00:00,132.08,2961.6059621854456,462.5,462.5
2025-01-02 09:00:00,133.4,2961.43578371204,462.5,462.5
2025-01-02 10:00:00,130.97,2969.36409847307,462.5,462.5
2025-01-02 11:00:00,127.45,2962.3066970759405,462.5,462.5
2025-01-02 12:00:00,124.81,2953.277227486989,462.5,462.5
2025-01-02 13:00:00,126.35,2951.845726210692,462.5,462.5
2025-01-02 14:00:00,128.95,2953.147091007326,462.5,462.5
2025-01-02 15:00:00,134.59,2954.6486657726728,462.5,462.5
2025-01-02 16:00:00,138.13,2954.5285397914445,462.5,462.5
2025-01-02 17:00:00,143.59,2955.54961063188,462.5,462.5
2025-01-02 18:00:00,144.57,2956.6507654598017,462.5,462.5
2025-01-02 19:00:00,141.12,2957.7318992908517,462.5,462.5
2025-01-02 20:00:00,135.32,2962.2366235868917,462.5,462.5
2025-01-02 21:00:00,125.73,2966.0105814971294,462.5,462.5
2025-01-02 22:00:00,125.85,2966.9615788485157,462.5,462.5
2025-01-02 23:00:00,115.99,2967.361998785941,462.5,462.5
2025-01-03 00:00:00,108.58,2968.713416074753,462.5,462.5
2025-01-03 01:00:00,107.16,2968.1628386607927,462.5,462.5
2025-01-03 02:00:00,106.82,2969.243972491842,462.5,462.5
2025-01-03 03:00:00,104.43,2967.762418723367,462.5,462.5
2025-01-03 04:00:00,105.74,2966.461053926733,462.5,462.5
2025-01-03 05:00:00,110.43,2966.290875453327,462.5,462.5
2025-01-03 06:00:00,118.32,2965.0595841457425,462.5,462.5
2025-01-03 07:00:00,127.4,2963.558009380396,462.5,462.5
2025-01-03 08:00:00,135.08,2962.0063821228714,462.5,462.5
2025-01-03 09:00:00,134.13,2964.038513305307,462.5,462.5
2025-01-03 10:00:00,131.0,2966.340927945505,462.5,462.5
2025-01-03 11:00:00,126.31,2968.543237601347,462.5,462.5
2025-01-03 12:00:00,121.69,2968.663363582575,462.5,462.5
2025-01-03 13:00:00,120.04,2968.74344757006,462.5,462.5
2025-01-03 14:00:00,121.01,2968.893605046595,462.5,462.5
2025-01-03 15:00:00,128.61,2967.2118413094063,462.5,462.5
2025-01-03 16:00:00,137.46,2966.7613688798024,462.5,462.5
2025-01-03 17:00:00,146.44,2966.891505359466,462.5,462.5
2025-01-03 18:00:00,146.29,2968.7935000622383,462.5,462.5
2025-01-03 19:00:00,143.9,2969.243972491842,462.5,462.5
2025-01-03 20:00:00,137.92,2969.614360933961,462.5,462.5
2025-01-03 21:00:00,131.06,2970.7155157618818,462.5,462.5
2025-01-03 22:00:00,129.81,2971.216040683664,462.5,462.5
2025-01-03 23:00:00,126.99,2970.8656732384165,462.5,462.5
2025-01-04 00:00:00,120.59,2974.119085230001,462.5,462.5
2025-01-04 01:00:00,119.25,2974.0490117409518,462.5,462.5
2025-01-04 02:00:00,114.93,2970.8456522415454,462.5,462.5
2025-01-04 03:00:00,110.68,2974.4694526752487,462.5,462.5
2025-01-04 04:00:00,110.28,2974.1491167253084,462.5,462.5
2025-01-04 05:00:00,111.06,2973.768717784754,462.5,462.5
2025-01-04 06:00:00,119.2,2973.618560308219,462.5,462.5
2025-01-04 07:00:00,126.11,2973.698644295704,462.5,462.5
2025-01-04 08:00:00,132.07,2971.0959147024364,462.5,462.5
2025-01-04 09:00:00,133.57,2974.2191902143577,462.5,462.5
2025-01-04 10:00:00,131.06,2971.0959147024364,462.5,462.5
2025-01-04 11:00:00,126.09,2969.193919999664,462.5,462.5
2025-01-04 12:00:00,124.93,2970.315095824456,462.5,462.5
2025-01-04 13:00:00,126.09,2972.1970695303576,462.5,462.5
2025-01-04 14:00:00,128.47,2979.174386940002,462.5,462.5
2025-01-04 15:00:00,136.84,2973.848801772239,462.5,462.5
2025-01-04 16:00:00,144.26,2974.09906423313,462.5,462.5
2025-01-04 17:00:00,152.62,2971.766618097625,462.5,462.5
2025-01-04 18:00:00,147.76,2971.696544608575,462.5,462.5
2025-01-04 19:00:00,140.82,2972.9478569130306,462.5,462.5
2025-01-04 20:00:00,134.39,2972.46735298812,462.5,462.5
2025-01-04 21:00:00,126.95,2972.897804420853,462.5,462.5
2025-01-04 22:00:00,126.1,2974.09906423313,462.5,462.5
2025-01-04 23:00:00,119.21,2973.268192862972,462.5,462.5
2025-01-05 00:00:00,119.4,2971.3161456680205,462.5,462.5
2025-01-05 01:00:00,114.11,2972.1470170381795,462.5,462.5
2025-01-05 02:00:00,110.07,2971.216040683664,462.5,462.5
2025-01-05 03:00:00,105.83,2971.346177163328,462.5,462.5
2025-01-05 04:00:00,107.53,2970.1649383479216,462.5,462.5
2025-01-05 05:00:00,115.1,2967.41205127812,462.5,462.5
2025-01-05 06:00:00,119.94,2966.5911904063964,462.5,462.5
2025-01-05 07:00:00,124.22,2965.139668133228,462.5,462.5
2025-01-05 08:00:00,127.8,2964.5390382270893,462.5,462.5
2025-01-05 09:00:00,129.11,2963.337778414812,462.5,462.5
2025-01-05 10:00:00,128.02,2963.2076419351483,462.5,462.5
2025-01-05 11:00:00,126.77,2961.005332279307,462.5,462.5
2025-01-05 12:00:00,126.1,2962.0864661103565,462.5,462.5
2025-01-05 13:00:00,126.36,2961.585941188574,462.5,462.5
2025-01-05 14:00:00,130.16,2958.682896642237,462.5,462.5
2025-01-05 15:00:00,132.1,2958.0322142439204,462.5,462.5
2025-01-05 16:00:00,133.39,2955.9800620646133,462.5,462.5
2025-01-05 17:00:00,132.93,2955.7798520959,462.5,462.5
2025-01-05 18:00:00,132.8,2956.1502405380197,462.5,462.5
2025-01-05 19:00:00,131.7,2958.5327391657024,462.5,462.5
2025-01-05 20:00:00,127.19,2959.904177451386,462.5,462.5
2025-01-05 21:00:00,117.88,2960.684996329366,462.5,462.5
2025-01-05 22:00:00,119.41,2963.4078519038617,462.5,462.5
2025-01-05 23:00:00,120.01,2964.4389332427327,462.5,462.5
2025-01-06 00:00:00,115.69,2965.6602140518817,462.5,462.5
2025-01-06 01:00:00,105.95,2966.661263895446,462.5,462.5
2025-01-06 02:00:00,98.58,2967.96262869208,462.5,462.5
2025-01-06 03:00:00,94.81,2965.6401930550105,462.5,462.5
2025-01-06 04:00:00,98.69,2966.541137914218,462.5,462.5
2025-01-06 05:00:00,112.34,2963.958429317822,462.5,462.5
2025-01-06 06:00:00,123.07,2962.5369385399604,462.5,462.5
2025-01-06 07:00:00,132.41,2962.7071170133663,462.5,462.5
2025-01-06 08:00:00,132.44,2962.3066970759405,462.5,462.5
2025-01-06 09:00:00,132.8,2961.20554224802,462.5,462.5
2025-01-06 10:00:00,130.65,2960.835153805901,462.5,462.5
2025-01-06 11:00:00,128.06,2957.4015528424748,462.5,462.5
2025-01-06 12:00:00,123.41,2957.4015528424748,462.5,462.5
2025-01-06 13:00:00,123.41,2957.8320042752075,462.5,462.5
2025-01-06 14:00:00,127.91,2957.081216892534,462.5,462.5
2025-01-06 15:00:00,137.19,2955.079117205405,462.5,462.5
2025-01-06 16:00:00,137.05,2950.974812846791,462.5,462.5
2025-01-06 17:00:00,139.99,2948.0217158082755,462.5,462.5
2025-01-06 18:00:00,137.5,2947.9216108239198,462.5,462.5
2025-01-06 19:00:00,134.91,2949.9237105110483,462.5,462.5
2025-01-06 20:00:00,129.8,2954.4284348070883,462.5,462.5
2025-01-06 21:00:00,128.88,2957.5817418143165,462.5,462.5
2025-01-06 22:00:00,125.88,2958.632844150059,462.5,462.5
2025-01-06 23:00:00,122.13,2959.553810006138,462.5,462.5
2025-01-07 00:00:00,118.51,2960.7851013137224,462.5,462.5
2025-01-07 01:00:00,115.19,2962.4568545524758,462.5,462.5
2025-01-07 02:00:00,115.86,2962.657064521188,462.5,462.5
2025-01-07 03:00:00,115.35,2962.83725349303,462.5,462.5
2025-01-07 04:00:00,111.27,2962.4568545524758,462.5,462.5
2025-01-07 05:00:00,118.4,2960.855174802772,462.5,462.5
2025-01-07 06:00:00,124.39,2959.6038624983166,462.5,462.5
2025-01-07 07:00:00,131.69,2957.301447858118,462.5,462.5
2025-01-07 08:00:00,138.4,2957.231374369069,462.5,462.5
2025-01-07 09:00:00,134.5,2956.830954431643,462.5,462.5
2025-01-07 10:00:00,133.78,2958.332529196989,462.5,462.5
2025-01-07 11:00:00,136.04,2958.5527601625736,462.5,462.5
2025-01-07 12:00:00,131.54,2766.2010327216635,462.5,462.5
2025-01-07 13:00:00,129.2,2962.386781063426,462.5,462.5
2025-01-07 14:00:00,134.05,2964.7092167004957,462.5,462.5
2025-01-07 15:00:00,140.6,2964.5390382270893,462.5,462.5
2025-01-07 16:00:00,145.89,2963.558009380396,462.5,462.5
2025-01-07 17:00:00,145.9,2963.237673430456,462.5,462.5
2025-01-07 18:00:00,142.06,2963.2877259226334,462.5,462.5
2025-01-07 19:00:00,139.97,2964.4889857349112,462.5,462.5
2025-01-07 20:00:00,135.0,2965.94050800808,462.5,462.5
2025-01-07 21:00:00,131.9,2965.109636637921,462.5,462.5
2025-01-07 22:00:00,131.9,2968.292975140456,462.5,462.5
2025-01-07 23:00:00,128.02,2969.0137310278224,462.5,462.5
2025-01-08 00:00:00,115.19,2968.4431326169906,462.5,462.5
2025-01-08 01:00:00,109.69,2968.613311090397,462.5,462.5
2025-01-08 02:00:00,104.36,2968.012681184258,462.5,462.5
2025-01-08 03:00:00,102.32,2966.8114213719805,462.5,462.5
2025-01-08 04:00:00,103.28,2964.0084818100004,462.5,462.5
2025-01-08 05:00:00,117.28,2961.806172154158,462.5,462.5
2025-01-08 06:00:00,129.85,2959.703967482673,462.5,462.5
2025-01-08 07:00:00,136.03,2958.602812654752,462.5,462.5
2025-01-08 08:00:00,138.4,2958.6528651469307,462.5,462.5
2025-01-08 09:00:00,135.24,2960.384681376297,462.5,462.5
2025-01-08 10:00:00,134.65,2956.430534494217,462.5,462.5
2025-01-08 11:00:00,131.28,2955.129169697584,462.5,462.5
2025-01-08 12:00:00,127.71,2954.578592283623,462.5,462.5
2025-01-08 13:00:00,128.69,2950.49430892188,462.5,462.5
2025-01-08 14:00:00,135.39,2948.772503190949,462.5,462.5
2025-01-08 15:00:00,143.24,2949.0928391408897,462.5,462.5
2025-01-08 16:00:00,146.11,2947.2909494224737,462.5,462.5
2025-01-08 17:00:00,146.57,2946.239847086731,462.5,462.5
2025-01-08 18:00:00,150.34,2946.8404769928698,462.5,462.5
2025-01-08 19:00:00,141.74,2948.1218207926327,462.5,462.5
2025-01-08 20:00:00,134.91,2948.79252418782,462.5,462.5
2025-01-08 21:00:00,128.27,2950.2740779562955,462.5,462.5
2025-01-08 22:00:00,126.98,2951.625495245108,462.5,462.5
2025-01-08 23:00:00,118.91,2950.574392909365,462.5,462.5
2025-01-09 00:00:00,117.59,2950.043836492276,462.5,462.5
2025-01-09 01:00:00,109.81,2949.773553034513,462.5,462.5
2025-01-09 02:00:00,102.08,2952.025915182533,462.5,462.5
2025-01-09 03:00:00,101.93,2952.2761776434245,462.5,462.5
2025-01-09 04:00:00,102.53,2952.6765975808503,462.5,462.5
2025-01-09 05:00:00,113.81,2954.348350819603,462.5,462.5
2025-01-09 06:00:00,132.54,2952.396303624653,462.5,462.5
2025-01-09 07:00:00,151.57,2951.425285276395,462.5,462.5
2025-01-09 08:00:00,170.52,2945.6692486759,462.5,462.5
2025-01-09 09:00:00,151.0,2945.739322164949,462.5,462.5
2025-01-09 10:00:00,149.38,2955.0991382022767,462.5,462.5
2025-01-09 11:00:00,144.38,2955.9300095724348,462.5,462.5
2025-01-09 12:00:00,138.9,2945.939532133661,462.5,462.5
2025-01-09 13:00:00,134.69,2937.6608499273834,462.5,462.5
2025-01-09 14:00:00,131.4,2941.7651542859976,462.5,462.5
2025-01-09 15:00:00,132.9,2943.086540079503,462.5,462.5
2025-01-09 16:00:00,131.39,2944.7182513245134,462.5,462.5
2025-01-09 17:00:00,135.0,2949.4932590783155,462.5,462.5
2025-01-09 18:00:00,134.99,2957.7519202877224,462.5,462.5
2025-01-09 19:00:00,132.9,2963.958429317822,462.5,462.5
2025-01-09 20:00:00,126.89,2966.4410329298616,462.5,462.5
2025-01-09 21:00:00,123.09,2969.7144659183173,462.5,462.5
2025-01-09 22:00:00,122.07,2979.3545759118438,462.5,462.5
2025-01-09 23:00:00,114.97,2979.0242294634672,462.5,462.5
2025-01-10 00:00:00,109.15,2978.123284604259,462.5,462.5
2025-01-10 01:00:00,105.5,2969.764518410496,462.5,462.5
2025-01-10 02:00:00,98.99,2970.1949698432286,462.5,462.5
2025-01-10 03:00:00,95.51,2970.2650433322783,462.5,462.5
2025-01-10 04:00:00,95.71,2968.3930801248125,462.5,462.5
2025-01-10 05:00:00,106.81,2968.0927651717434,462.5,462.5
2025-01-10 06:00:00,117.19,2965.7402980393667,462.5,462.5
2025-01-10 07:00:00,126.1,2964.388880750555,462.5,462.5
2025-01-10 08:00:00,133.88,2962.687096016495,462.5,462.5
2025-01-10 09:00:00,131.8,2965.540088070654,462.5,462.5
2025-01-10 10:00:00,127.2,2967.4921352656047,462.5,462.5
2025-01-10 11:00:00,122.47,2963.1575894429707,462.5,462.5
2025-01-10 12:00:00,120.39,2965.840403023723,462.5,462.5
2025-01-10 13:00:00,117.2,2969.844602397981,462.5,462.5
2025-01-10 14:00:00,117.2,2969.844602397981,462.5,462.5
2025-01-10 15:00:00,127.83,2969.0137310278224,462.5,462.5
2025-01-10 16:00:00,137.3,2969.113836012179,462.5,462.5
2025-01-10 17:00:00,146.19,2971.0959147024364,462.5,462.5
2025-01-10 18:00:00,148.33,2972.7676679411893,462.5,462.5
2025-01-10 19:00:00,143.04,2978.223389588615,462.5,462.5
2025-01-10 20:00:00,133.19,2978.623809526041,462.5,462.5
2025-01-10 21:00:00,125.53,2980.2755417679227,462.5,462.5
2025-01-10 22:00:00,122.1,2982.207567966002,462.5,462.5
2025-01-10 23:00:00,117.51,2980.155415786695,462.5,462.5
2025-01-11 00:00:00,113.68,2973.0179304020803,462.5,462.5
2025-01-11 01:00:00,113.02,2974.569557659605,462.5,462.5
2025-01-11 02:00:00,109.0,2975.1001140766944,462.5,462.5
2025-01-11 03:00:00,107.76,2975.0200300892093,462.5,462.5
2025-01-11 04:00:00,107.44,2974.7697676283183,462.5,462.5
2025-01-11 05:00:00,108.59,2973.598539311348,462.5,462.5
2025-01-11 06:00:00,111.74,2972.897804420853,462.5,462.5
2025-01-11 07:00:00,114.98,2973.2982243582783,462.5,462.5
2025-01-11 08:00:00,120.3,2972.667562956833,462.5,462.5
2025-01-11 09:00:00,119.07,2973.218140370793,462.5,462.5
2025-01-11 10:00:00,114.97,2973.718665292575,462.5,462.5
2025-01-11 11:00:00,108.97,2969.7945499058023,462.5,462.5
2025-01-11 12:00:00,108.59,2971.145967194615,462.5,462.5
2025-01-11 13:00:00,108.59,2969.4141509652486,462.5,462.5
2025-01-11 14:00:00,108.59,2968.2128911529708,462.5,462.5
2025-01-11 15:00:00,112.06,2969.0637835200005,462.5,462.5
2025-01-11 16:00:00,119.8,2971.396229655506,462.5,462.5
2025-01-11 17:00:00,127.69,2972.747646944318,462.5,462.5
2025-01-11 18:00:00,133.08,2970.2650433322783,462.5,462.5
2025-01-11 19:00:00,132.89,2969.344077476199,462.5,462.5
2025-01-11 20:00:00,127.1,2970.895704733724,462.5,462.5
2025-01-11 21:00:00,123.02,2970.745547257189,462.5,462.5
2025-01-11 22:00:00,121.2,2973.2481718661,462.5,462.5
2025-01-11 23:00:00,113.3,2972.4973844834267,462.5,462.5
2025-01-12 00:00:00,103.08,2973.618560308219,462.5,462.5
2025-01-12 01:00:00,97.77,2973.698644295704,462.5,462.5
2025-01-12 02:00:00,94.34,2974.699694139269,462.5,462.5
2025-01-12 03:00:00,91.41,2974.6196101517835,462.5,462.5
2025-01-12 04:00:00,90.96,2975.150166568873,462.5,462.5
2025-01-12 05:00:00,93.3,2973.5685078160404,462.5,462.5
2025-01-12 06:00:00,99.43,2973.5484868191693,462.5,462.5
2025-01-12 07:00:00,103.31,2973.1180353864365,462.5,462.5
2025-01-12 08:00:00,114.14,2974.569557659605,462.5,462.5
2025-01-12 09:00:00,119.01,2975.8008489671893,462.5,462.5
2025-01-12 10:00:00,116.61,2974.069032737823,462.5,462.5
2025-01-12 11:00:00,110.0,2972.897804420853,462.5,462.5
2025-01-12 12:00:00,107.24,2971.84670208511,462.5,462.5
2025-01-12 13:00:00,106.35,2972.016880558516,462.5,462.5
2025-01-12 14:00:00,109.59,2971.0458622102583,462.5,462.5
2025-01-12 15:00:00,120.94,2971.246072178971,462.5,462.5
2025-01-12 16:00:00,130.55,2969.4942349527337,462.5,462.5
2025-01-12 17:00:00,137.2,2969.143867507486,462.5,462.5
2025-01-12 18:00:00,143.64,2968.963678535644,462.5,462.5
2025-01-12 19:00:00,140.9,2969.243972491842,462.5,462.5
2025-01-12 20:00:00,133.37,2970.014780871387,462.5,462.5
2025-01-12 21:00:00,126.23,2969.3140459808915,462.5,462.5
2025-01-12 22:00:00,122.4,2970.965778222773,462.5,462.5
2025-01-12 23:00:00,117.28,2971.5664081289115,462.5,462.5
2025-01-13 00:00:00,114.31,2972.6175104646545,462.5,462.5
2025-01-13 01:00:00,110.64,2972.747646944318,462.5,462.5
2025-01-13 02:00:00,107.01,2971.646492116397,462.5,462.5
2025-01-13 03:00:00,105.52,2972.2170905272287,462.5,462.5
2025-01-13 04:00:00,105.07,2970.915725730595,462.5,462.5
2025-01-13 05:00:00,115.85,2969.113836012179,462.5,462.5
2025-01-13 06:00:00,140.29,2969.7144659183173,462.5,462.5
2025-01-13 07:00:00,165.47,2968.1928701561,462.5,462.5
2025-01-13 08:00:00,185.05,2968.413101121684,462.5,462.5
2025-01-13 09:00:00,157.3,2968.2629436451493,462.5,462.5
2025-01-13 10:00:00,140.67,2973.468402831684,462.5,462.5
2025-01-13 11:00:00,130.1,2967.9926601873867,462.5,462.5
2025-01-13 12:00:00,122.99,2967.842502710852,462.5,462.5
2025-01-13 13:00:00,121.1,2967.091715328179,462.5,462.5
2025-01-13 14:00:00,124.4,2966.7914003751093,462.5,462.5
2025-01-13 15:00:00,132.45,2965.960529004951,462.5,462.5
2025-01-13 16:00:00,150.12,2967.2418728047137,462.5,462.5
2025-01-13 17:00:00,166.87,2968.813521059109,462.5,462.5
2025-01-13 18:00:00,167.71,2968.963678535644,462.5,462.5
2025-01-13 19:00:00,159.33,2966.6912953907527,462.5,462.5
2025-01-13 20:00:00,143.1,2968.062733676436,462.5,462.5
2025-01-13 21:00:00,129.59,2969.6443924292685,462.5,462.5
2025-01-13 22:00:00,125.11,2969.8946548901595,462.5,462.5
2025-01-13 23:00:00,118.35,2971.9668280663377,462.5,462.5
2025-01-14 00:00:00,124.97,2972.5174054802983,462.5,462.5
2025-01-14 01:00:00,121.69,2973.698644295704,462.5,462.5
2025-01-14 02:00:00,118.92,2971.7465971007537,462.5,462.5
2025-01-14 03:00:00,117.3,2972.116985542872,462.5,462.5
2025-01-14 04:00:00,117.79,2973.0980143895654,462.5,462.5
2025-01-14 05:00:00,123.81,2969.36409847307,462.5,462.5
2025-01-14 06:00:00,137.96,2968.5632585982185,462.5,462.5
2025-01-14 07:00:00,166.57,2968.9436575387726,462.5,462.5
2025-01-14 08:00:00,184.22,2972.066933050694,462.5,462.5
2025-01-14 09:00:00,167.96,2971.9968595616447,462.5,462.5
2025-01-14 10:00:00,143.47,2974.94995660016,462.5,462.5
2025-01-14 11:00:00,133.8,2970.7155157618818,462.5,462.5
2025-01-14 12:00:00,128.33,2968.74344757006,462.5,462.5
2025-01-14 13:00:00,129.21,2968.74344757006,462.5,462.5
2025-01-14 14:00:00,131.94,2967.842502710852,462.5,462.5
2025-01-14 15:00:00,156.01,2967.7123662311888,462.5,462.5
2025-01-14 16:00:00,164.35,2967.792450218674,462.5,462.5
2025-01-14 17:00:00,170.34,2967.392030281248,462.5,462.5
2025-01-14 18:00:00,190.2,2968.3930801248125,462.5,462.5
2025-01-14 19:00:00,184.75,2968.863573551288,462.5,462.5
2025-01-14 20:00:00,172.18,2969.814570902674,462.5,462.5
2025-01-14 21:00:00,150.23,2971.196019686793,462.5,462.5
2025-01-14 22:00:00,137.94,2971.5463871320403,462.5,462.5
2025-01-14 23:00:00,131.61,2971.9968595616447,462.5,462.5
2025-01-15 00:00:00,123.19,2971.115935699308,462.5,462.5
2025-01-15 01:00:00,118.11,2971.646492116397,462.5,462.5
2025-01-15 02:00:00,115.07,2972.597489467784,462.5,462.5
2025-01-15 03:00:00,112.96,2972.297174514714,462.5,462.5
2025-01-15 04:00:00,115.79,2971.7165656054462,462.5,462.5
2025-01-15 05:00:00,123.43,2971.165988191486,462.5,462.5
2025-01-15 06:00:00,151.61,2970.415200808813,462.5,462.5
2025-01-15 07:00:00,191.22,2970.4652533009908,462.5,462.5
2025-01-15 08:00:00,222.62,2969.2139409965357,462.5,462.5
2025-01-15 09:00:00,210.3,2969.614360933961,462.5,462.5
2025-01-15 10:00:00,178.09,2968.012681184258,462.5,462.5
2025-01-15 11:00:00,168.43,2967.842502710852,462.5,462.5
2025-01-15 12:00:00,162.5,2967.762418723367,462.5,462.5
2025-01-15 13:00:00,159.91,2967.6422927421395,462.5,462.5
2025-01-15 14:00:00,169.38,2966.411001434555,462.5,462.5
2025-01-15 15:00:00,174.91,2963.107536950792,462.5,462.5
2025-01-15 16:00:00,175.1,2962.386781063426,462.5,462.5
2025-01-15 17:00:00,209.63,2964.208691778713,462.5,462.5
2025-01-15 18:00:00,213.2,2964.088565797485,462.5,462.5
2025-01-15 19:00:00,201.85,2965.189720625406,462.5,462.5
2025-01-15 20:00:00,176.2,2966.2608439580204,462.5,462.5
2025-01-15 21:00:00,159.97,2966.240822961149,462.5,462.5
2025-01-15 22:00:00,141.54,2966.290875453327,462.5,462.5
2025-01-15 23:00:00,134.8,2965.9104765127727,462.5,462.5
2025-01-16 00:00:00,128.81,2965.610161559703,462.5,462.5
2025-01-16 01:00:00,123.35,2966.19077046897,462.5,462.5
2025-01-16 02:00:00,120.01,2966.561158911089,462.5,462.5
2025-01-16 03:00:00,118.63,2965.309846606634,462.5,462.5
2025-01-16 04:00:00,119.93,2964.058534302178,462.5,462.5
2025-01-16 05:00:00,129.56,2964.0084818100004,462.5,462.5
2025-01-16 06:00:00,145.59,2962.887305985208,462.5,462.5
2025-01-16 07:00:00,192.73,2961.6860461729307,462.5,462.5
2025-01-16 08:00:00,216.34,2960.985311282436,462.5,462.5
2025-01-16 09:00:00,187.2,2963.45790439604,462.5,462.5
2025-01-16 10:00:00,162.26,2963.307746919505,462.5,462.5
2025-01-16 11:00:00,142.64,2963.558009380396,462.5,462.5
2025-01-16 12:00:00,138.22,2965.339878101941,462.5,462.5
2025-01-16 13:00:00,137.39,2962.7371485086733,462.5,462.5
2025-01-16 14:00:00,144.29,2963.588040875703,462.5,462.5
2025-01-16 15:00:00,163.19,2962.056434615049,462.5,462.5
2025-01-16 16:00:00,188.97,2962.5069070446534,462.5,462.5
2025-01-16 17:00:00,207.02,2964.7092167004957,462.5,462.5
2025-01-16 18:00:00,208.71,2964.9895106566933,462.5,462.5
2025-01-16 19:00:00,192.51,2966.19077046897,462.5,462.5
2025-01-16 20:00:00,153.04,2964.9895106566933,462.5,462.5
2025-01-16 21:00:00,139.9,2965.039563148872,462.5,462.5
2025-01-16 22:00:00,134.01,2965.9905605002577,462.5,462.5
2025-01-16 23:00:00,127.5,2965.610161559703,462.5,462.5
2025-01-17 00:00:00,123.94,2966.290875453327,462.5,462.5
2025-01-17 01:00:00,120.09,2966.9916103438222,462.5,462.5
2025-01-17 02:00:00,117.7,2968.5632585982185,462.5,462.5
2025-01-17 03:00:00,116.14,2967.261893801585,462.5,462.5
2025-01-17 04:00:00,117.64,2967.812471215545,462.5,462.5
2025-01-17 05:00:00,123.61,2966.0906654846144,462.5,462.5
2025-01-17 06:00:00,140.17,2962.4568545524758,462.5,462.5
2025-01-17 07:00:00,176.65,2960.8051223105936,462.5,462.5
2025-01-17 08:00:00,206.77,2962.3066970759405,462.5,462.5
2025-01-17 09:00:00,176.07,2966.9615788485157,462.5,462.5
2025-01-17 10:00:00,149.68,2968.963678535644,462.5,462.5
2025-01-17 11:00:00,135.39,2967.812471215545,462.5,462.5
2025-01-17 12:00:00,128.21,2964.9594791613863,462.5,462.5
2025-01-17 13:00:00,126.36,2965.890455515901,462.5,462.5
2025-01-17 14:00:00,131.19,2965.810371528416,462.5,462.5
2025-01-17 15:00:00,146.07,2966.7613688798024,462.5,462.5
2025-01-17 16:00:00,169.69,2967.361998785941,462.5,462.5
2025-01-17 17:00:00,177.14,2966.7113163876243,462.5,462.5
2025-01-17 18:00:00,190.93,2966.160738973664,462.5,462.5
2025-01-17 19:00:00,178.64,2967.41205127812,462.5,462.5
2025-01-17 20:00:00,156.11,2967.692345234317,462.5,462.5
2025-01-17 21:00:00,142.75,2970.395179811941,462.5,462.5
2025-01-17 22:00:00,140.0,2970.8156207462384,462.5,462.5
2025-01-17 23:00:00,133.51,2970.7655682540603,462.5,462.5
2025-01-18 00:00:00,128.92,2970.895704733724,462.5,462.5
2025-01-18 01:00:00,124.2,2969.113836012179,462.5,462.5
2025-01-18 02:00:00,121.77,2970.8456522415454,462.5,462.5
2025-01-18 03:00:00,119.37,2970.6954947650106,462.5,462.5
2025-01-18 04:00:00,118.17,2970.2650433322783,462.5,462.5
2025-01-18 05:00:00,121.41,2968.1628386607927,462.5,462.5
2025-01-18 06:00:00,127.48,2965.7402980393667,462.5,462.5
2025-01-18 07:00:00,136.42,2967.141767820357,462.5,462.5
2025-01-18 08:00:00,144.46,2966.461053926733,462.5,462.5
2025-01-18 09:00:00,142.02,2966.2608439580204,462.5,462.5
2025-01-18 10:00:00,136.81,2966.891505359466,462.5,462.5
2025-01-18 11:00:00,128.4,2967.4921352656047,462.5,462.5
2025-01-18 12:00:00,123.75,2968.0927651717434,462.5,462.5
2025-01-18 13:00:00,122.43,2967.692345234317,462.5,462.5
2025-01-18 14:00:00,123.09,2966.541137914218,462.5,462.5
2025-01-18 15:00:00,133.22,2967.2418728047137,462.5,462.5
2025-01-18 16:00:00,144.92,2966.9916103438222,462.5,462.5
2025-01-18 17:00:00,155.36,2965.309846606634,462.5,462.5
2025-01-18 18:00:00,161.52,2966.661263895446,462.5,462.5
2025-01-18 19:00:00,161.23,2966.49108542204,462.5,462.5
2025-01-18 20:00:00,146.09,2967.2118413094063,462.5,462.5
2025-01-18 21:00:00,140.2,2967.261893801585,462.5,462.5
2025-01-18 22:00:00,135.73,2969.994759874516,462.5,462.5
2025-01-18 23:00:00,129.23,2969.9647283792087,462.5,462.5
2025-01-19 00:00:00,129.96,2968.763468566932,462.5,462.5
2025-01-19 01:00:00,125.77,2969.614360933961,462.5,462.5
2025-01-19 02:00:00,124.68,2968.713416074753,462.5,462.5
2025-01-19 03:00:00,122.12,2969.7444974136247,462.5,462.5
2025-01-19 04:00:00,120.01,2967.9926601873867,462.5,462.5
2025-01-19 05:00:00,122.45,2967.11173632505,462.5,462.5
2025-01-19 06:00:00,125.02,2966.2608439580204,462.5,462.5
2025-01-19 07:00:00,127.29,2966.561158911089,462.5,462.5
2025-01-19 08:00:00,130.64,2966.060633989307,462.5,462.5
2025-01-19 09:00:00,129.9,2966.461053926733,462.5,462.5
2025-01-19 10:00:00,127.46,2966.4410329298616,462.5,462.5
2025-01-19 11:00:00,122.12,2966.611211403268,462.5,462.5
2025-01-19 12:00:00,117.8,2966.941557851644,462.5,462.5
2025-01-19 13:00:00,114.29,2969.6443924292685,462.5,462.5
2025-01-19 14:00:00,117.53,2966.7613688798024,462.5,462.5
2025-01-19 15:00:00,129.12,2966.8114213719805,462.5,462.5
2025-01-19 16:00:00,141.08,2969.2139409965357,462.5,462.5
2025-01-19 17:00:00,155.99,2967.8625237077235,462.5,462.5
2025-01-19 18:00:00,164.99,2970.2650433322783,462.5,462.5
2025-01-19 19:00:00,163.71,2970.2650433322783,462.5,462.5
2025-01-19 20:00:00,155.61,2970.7655682540603,462.5,462.5
2025-01-19 21:00:00,142.4,2970.9457572259016,462.5,462.5
2025-01-19 22:00:00,136.13,2971.91677557416,462.5,462.5
2025-01-19 23:00:00,129.89,2971.145967194615,462.5,462.5
2025-01-20 00:00:00,129.12,2970.495284796298,462.5,462.5
2025-01-20 01:00:00,127.04,2971.496334639862,462.5,462.5
2025-01-20 02:00:00,125.04,2971.216040683664,462.5,462.5
2025-01-20 03:00:00,122.69,2971.5463871320403,462.5,462.5
2025-01-20 04:00:00,123.52,2971.6665131132686,462.5,462.5
2025-01-20 05:00:00,129.66,2969.36409847307,462.5,462.5
2025-01-20 06:00:00,147.64,2968.543237601347,462.5,462.5
2025-01-20 07:00:00,212.2,2965.4099515909907,462.5,462.5
2025-01-20 08:00:00,279.94,2965.9104765127727,462.5,462.5
2025-01-20 09:00:00,230.41,2964.7392481958022,462.5,462.5
2025-01-20 10:00:00,191.45,2966.741347882931,462.5,462.5
2025-01-20 11:00:00,173.7,2966.861473864159,462.5,462.5
2025-01-20 12:00:00,164.48,2967.592240249961,462.5,462.5
2025-01-20 13:00:00,163.39,2968.2429226482777,462.5,462.5
2025-01-20 14:00:00,172.82,2968.0927651717434,462.5,462.5
2025-01-20 15:00:00,193.38,2966.7113163876243,462.5,462.5
2025-01-20 16:00:00,226.9,2965.810371528416,462.5,462.5
2025-01-20 17:00:00,264.05,2966.8114213719805,462.5,462.5
2025-01-20 18:00:00,290.01,2967.96262869208,462.5,462.5
2025-01-20 19:00:00,249.76,2967.0416628360003,462.5,462.5
2025-01-20 20:00:00,188.65,2971.165988191486,462.5,462.5
2025-01-20 21:00:00,159.27,2971.246072178971,462.5,462.5
2025-01-20 22:00:00,147.21,2972.6175104646545,462.5,462.5
2025-01-20 23:00:00,138.59,2972.997909405209,462.5,462.5
2025-01-21 00:00:00,130.56,2972.897804420853,462.5,462.5
2025-01-21 01:00:00,125.42,2972.3672480037635,462.5,462.5
2025-01-21 02:00:00,123.15,2972.046912053823,462.5,462.5
2025-01-21 03:00:00,122.05,2970.7655682540603,462.5,462.5
2025-01-21 04:00:00,123.01,2971.84670208511,462.5,462.5
2025-01-21 05:00:00,129.07,2980.00525831016,462.5,462.5
2025-01-21 06:00:00,147.23,2978.7038935135265,462.5,462.5
2025-01-21 07:00:00,211.44,2975.150166568873,462.5,462.5
2025-01-21 08:00:00,253.39,2975.370397534457,462.5,462.5
2025-01-21 09:00:00,215.81,2980.5558357241207,462.5,462.5
2025-01-21 10:00:00,173.77,2981.176486627131,462.5,462.5
2025-01-21 11:00:00,157.59,2978.824019494754,462.5,462.5
2025-01-21 12:00:00,145.2,2979.3545759118438,462.5,462.5
2025-01-21 13:00:00,141.05,2979.0542609587737,462.5,462.5
2025-01-21 14:00:00,144.97,2977.472602205942,462.5,462.5
2025-01-21 15:00:00,167.28,2972.6175104646545,462.5,462.5
2025-01-21 16:00:00,208.31,2973.768717784754,462.5,462.5
2025-01-21 17:00:00,240.82,2971.366198160199,462.5,462.5
2025-01-21 18:00:00,276.61,2965.490035578476,462.5,462.5
2025-01-21 19:00:00,227.03,2965.7402980393667,462.5,462.5
2025-01-21 20:00:00,168.03,2969.344077476199,462.5,462.5
2025-01-21 21:00:00,144.1,2971.9668280663377,462.5,462.5
2025-01-21 22:00:00,140.89,2971.9968595616447,462.5,462.5
2025-01-21 23:00:00,134.0,2972.997909405209,462.5,462.5
2025-01-22 00:00:00,134.27,2973.1981193739216,462.5,462.5
2025-01-22 01:00:00,131.69,2973.5484868191693,462.5,462.5
2025-01-22 02:00:00,129.01,2972.2170905272287,462.5,462.5
2025-01-22 03:00:00,128.19,2972.297174514714,462.5,462.5
2025-01-22 04:00:00,129.15,2972.6175104646545,462.5,462.5
2025-01-22 05:00:00,140.0,2970.8656732384165,462.5,462.5
2025-01-22 06:00:00,154.0,2968.493185109169,462.5,462.5
2025-01-22 07:00:00,188.52,2969.4942349527337,462.5,462.5
2025-01-22 08:00:00,219.45,2969.36409847307,462.5,462.5
2025-01-22 09:00:00,197.96,2968.613311090397,462.5,462.5
2025-01-22 10:00:00,180.44,2967.96262869208,462.5,462.5
2025-01-22 11:00:00,167.93,2967.361998785941,462.5,462.5
2025-01-22 12:00:00,160.05,2967.4621037702973,462.5,462.5
2025-01-22 13:00:00,158.28,2967.9926601873867,462.5,462.5
2025-01-22 14:00:00,164.02,2968.74344757006,462.5,462.5
2025-01-22 15:00:00,187.32,2965.8604240205946,462.5,462.5
2025-01-22 16:00:00,189.18,2966.0105814971294,462.5,462.5
2025-01-22 17:00:00,197.62,2967.11173632505,462.5,462.5
2025-01-22 18:00:00,186.35,2967.091715328179,462.5,462.5
2025-01-22 19:00:00,169.06,2967.4621037702973,462.5,462.5
2025-01-22 20:00:00,164.0,2968.543237601347,462.5,462.5
2025-01-22 21:00:00,147.02,2969.394129968377,462.5,462.5
2025-01-22 22:00:00,141.49,2969.8946548901595,462.5,462.5
2025-01-22 23:00:00,134.89,2971.946807069466,462.5,462.5
2025-01-23 00:00:00,130.14,2972.8477519286744,462.5,462.5
2025-01-23 01:00:00,127.16,2970.295074827585,462.5,462.5
2025-01-23 02:00:00,125.11,2971.6665131132686,462.5,462.5
2025-01-23 03:00:00,123.7,2969.444182460555,462.5,462.5
2025-01-23 04:00:00,123.95,2968.893605046595,462.5,462.5
2025-01-23 05:00:00,131.0,2967.8925552030305,462.5,462.5
2025-01-23 06:00:00,145.26,2965.690245547188,462.5,462.5
2025-01-23 07:00:00,166.77,2961.055384771485,462.5,462.5
2025-01-23 08:00:00,174.07,2956.600712967623,462.5,462.5
2025-01-23 09:00:00,167.35,2957.031164400356,462.5,462.5
2025-01-23 10:00:00,161.05,2952.646566085544,462.5,462.5
2025-01-23 11:00:00,156.65,2955.54961063188,462.5,462.5
2025-01-23 12:00:00,150.98,2956.600712967623,462.5,462.5
2025-01-23 13:00:00,148.27,2950.8747078624347,462.5,462.5
2025-01-23 14:00:00,152.51,2955.6296946193656,462.5,462.5
2025-01-23 15:00:00,160.99,2958.5327391657024,462.5,462.5
2025-01-23 16:00:00,170.21,2957.902077764257,462.5,462.5
2025-01-23 17:00:00,172.01,2957.781951783029,462.5,462.5
2025-01-23 18:00:00,166.03,2960.104387420098,462.5,462.5
2025-01-23 19:00:00,158.01,2961.005332279307,462.5,462.5
2025-01-23 20:00:00,149.7,2962.5369385399604,462.5,462.5
2025-01-23 21:00:00,143.29,2964.088565797485,462.5,462.5
2025-01-23 22:00:00,141.4,2966.0906654846144,462.5,462.5
2025-01-23 23:00:00,134.04,2967.842502710852,462.5,462.5
2025-01-24 00:00:00,128.01,2966.390980437684,462.5,462.5
2025-01-24 01:00:00,125.56,2967.2418728047137,462.5,462.5
2025-01-24 02:00:00,123.95,2966.511106418912,462.5,462.5
2025-01-24 03:00:00,122.92,2967.2118413094063,462.5,462.5
2025-01-24 04:00:00,123.45,2969.0437625231293,462.5,462.5
2025-01-24 05:00:00,130.02,2963.537988383525,462.5,462.5
2025-01-24 06:00:00,145.12,2963.3878309069905,462.5,462.5
2025-01-24 07:00:00,160.61,2962.4868860477823,462.5,462.5
2025-01-24 08:00:00,162.0,2962.156539599406,462.5,462.5
2025-01-24 09:00:00,152.8,2964.038513305307,462.5,462.5
2025-01-24 10:00:00,151.16,2964.5390382270893,462.5,462.5
2025-01-24 11:00:00,141.03,2963.337778414812,462.5,462.5
2025-01-24 12:00:00,130.05,2962.136518602535,462.5,462.5
2025-01-24 13:00:00,126.98,2960.434733868475,462.5,462.5
2025-01-24 14:00:00,140.47,2958.4026026860392,462.5,462.5
2025-01-24 15:00:00,146.54,2957.952130256436,462.5,462.5
2025-01-24 16:00:00,150.51,2957.601762811188,462.5,462.5
2025-01-24 17:00:00,152.92,2957.081216892534,462.5,462.5
2025-01-24 18:00:00,150.11,2957.231374369069,462.5,462.5
2025-01-24 19:00:00,146.74,2958.4826866735243,462.5,462.5
2025-01-24 20:00:00,143.08,2961.085416266792,462.5,462.5
2025-01-24 21:00:00,141.25,2963.087515953921,462.5,462.5
2025-01-24 22:00:00,138.83,2962.7071170133663,462.5,462.5
2025-01-24 23:00:00,133.07,2963.808271841287,462.5,462.5
2025-01-25 00:00:00,137.09,2965.359899098812,462.5,462.5
2025-01-25 01:00:00,131.82,2967.2118413094063,462.5,462.5
2025-01-25 02:00:00,131.19,2968.0927651717434,462.5,462.5
2025-01-25 03:00:00,130.81,2968.8435525544164,462.5,462.5
2025-01-25 04:00:00,130.11,2969.394129968377,462.5,462.5
2025-01-25 05:00:00,130.97,2968.893605046595,462.5,462.5
2025-01-25 06:00:00,138.72,2967.361998785941,462.5,462.5
2025-01-25 07:00:00,141.18,2966.1407179767925,462.5,462.5
2025-01-25 08:00:00,143.94,2966.891505359466,462.5,462.5
2025-01-25 09:00:00,142.48,2966.1106864814856,462.5,462.5
2025-01-25 10:00:00,138.84,2964.689195703624,462.5,462.5
2025-01-25 11:00:00,129.76,2960.5048073575244,462.5,462.5
2025-01-25 12:00:00,127.35,2956.380482002039,462.5,462.5
2025-01-25 13:00:00,126.91,2953.046986022969,462.5,462.5
2025-01-25 14:00:00,127.86,2949.9237105110483,462.5,462.5
2025-01-25 15:00:00,132.93,2949.192944125246,462.5,462.5
2025-01-25 16:00:00,143.1,2948.692419203464,462.5,462.5
2025-01-25 17:00:00,147.39,2950.224025464118,462.5,462.5
2025-01-25 18:00:00,147.39,2954.478487299267,462.5,462.5
2025-01-25 19:00:00,144.99,2956.750870444158,462.5,462.5
2025-01-25 20:00:00,144.03,2959.583841501445,462.5,462.5
2025-01-25 21:00:00,138.7,2961.43578371204,462.5,462.5
2025-01-25 22:00:00,134.0,2964.088565797485,462.5,462.5
2025-01-25 23:00:00,128.49,2963.8383033365944,462.5,462.5
2025-01-26 00:00:00,136.16,2958.8030226234646,462.5,462.5
2025-01-26 01:00:00,130.01,2957.3515003502966,462.5,462.5
2025-01-26 02:00:00,128.0,2963.057484458613,462.5,462.5
2025-01-26 03:00:00,125.09,2964.5890907192675,462.5,462.5
2025-01-26 04:00:00,125.01,2964.5890907192675,462.5,462.5
2025-01-26 05:00:00,125.09,2963.187620938277,462.5,462.5
2025-01-26 06:00:00,128.0,2962.0864661103565,462.5,462.5
2025-01-26 07:00:00,133.47,2960.404702373168,462.5,462.5
2025-01-26 08:00:00,136.0,2960.9052272949507,462.5,462.5
2025-01-26 09:00:00,136.53,2963.337778414812,462.5,462.5
2025-01-26 10:00:00,128.96,2963.7381983522378,462.5,462.5
2025-01-26 11:00:00,122.96,2964.1085867943566,462.5,462.5
2025-01-26 12:00:00,110.79,2962.9874109695647,462.5,462.5
2025-01-26 13:00:00,105.99,2963.8883558287725,462.5,462.5
2025-01-26 14:00:00,112.13,2960.755069818416,462.5,462.5
2025-01-26 15:00:00,129.17,2960.034313931049,462.5,462.5
2025-01-26 16:00:00,141.32,2959.6539149904947,462.5,462.5
2025-01-26 17:00:00,149.77,2959.053285084356,462.5,462.5
2025-01-26 18:00:00,150.8,2960.134418915406,462.5,462.5
2025-01-26 19:00:00,147.9,2960.6549648340592,462.5,462.5
2025-01-26 20:00:00,146.15,2959.904177451386,462.5,462.5
2025-01-26 21:00:00,141.28,2958.833054118772,462.5,462.5
2025-01-26 22:00:00,138.16,2961.806172154158,462.5,462.5
2025-01-26 23:00:00,132.27,2961.786151157287,462.5,462.5
2025-01-27 00:00:00,124.33,2963.007431966436,462.5,462.5
2025-01-27 01:00:00,115.72,2965.039563148872,462.5,462.5
2025-01-27 02:00:00,113.04,2965.1596891301,462.5,462.5
2025-01-27 03:00:00,111.63,2962.5869910321385,462.5,462.5
2025-01-27 04:00:00,111.75,2962.657064521188,462.5,462.5
2025-01-27 05:00:00,125.65,2959.4336840249107,462.5,462.5
2025-01-27 06:00:00,139.94,2956.4005029989103,462.5,462.5
2025-01-27 07:00:00,146.27,2955.7297996037223,462.5,462.5
2025-01-27 08:00:00,147.3,2955.7297996037223,462.5,462.5
2025-01-27 09:00:00,147.3,2959.303547545247,462.5,462.5
2025-01-27 10:00:00,149.85,2958.052235240792,462.5,462.5
2025-01-27 11:00:00,147.5,2954.328329822732,462.5,462.5
2025-01-27 12:00:00,146.41,2952.946881038613,462.5,462.5
2025-01-27 13:00:00,139.1,2951.9458311950484,462.5,462.5
2025-01-27 14:00:00,145.17,2953.227174994811,462.5,462.5
2025-01-27 15:00:00,149.82,2953.3973534682173,462.5,462.5
2025-01-27 16:00:00,149.86,2954.548560788316,462.5,462.5
2025-01-27 17:00:00,149.52,2958.5527601625736,462.5,462.5
2025-01-27 18:00:00,148.18,2959.203442560891,462.5,462.5
2025-01-27 19:00:00,145.61,2958.4026026860392,462.5,462.5
2025-01-27 20:00:00,146.3,2960.134418915406,462.5,462.5
2025-01-27 21:00:00,141.14,2960.8051223105936,462.5,462.5
2025-01-27 22:00:00,134.36,2960.855174802772,462.5,462.5
2025-01-27 23:00:00,128.42,2961.9363086338217,462.5,462.5
2025-01-28 00:00:00,122.64,2962.9874109695647,462.5,462.5
2025-01-28 01:00:00,117.57,2963.437883399168,462.5,462.5
2025-01-28 02:00:00,113.78,2963.107536950792,462.5,462.5
2025-01-28 03:00:00,113.07,2963.7381983522378,462.5,462.5
2025-01-28 04:00:00,116.14,2962.857274489901,462.5,462.5
2025-01-28 05:00:00,124.31,2961.285626235505,462.5,462.5
2025-01-28 06:00:00,138.94,2958.6528651469307,462.5,462.5
2025-01-28 07:00:00,148.26,2958.602812654752,462.5,462.5
2025-01-28 08:00:00,146.84,2960.7851013137224,462.5,462.5
2025-01-28 09:00:00,144.05,2960.0843664232275,462.5,462.5
2025-01-28 10:00:00,143.06,2961.555909693267,462.5,462.5
2025-01-28 11:00:00,136.54,2960.9552797871283,462.5,462.5
2025-01-28 12:00:00,129.53,2761.245835996019,462.5,462.5
2025-01-28 13:00:00,127.49,2961.555909693267,462.5,462.5
2025-01-28 14:00:00,131.66,2961.2355737433268,462.5,462.5
2025-01-28 15:00:00,139.7,2959.703967482673,462.5,462.5
2025-01-28 16:00:00,148.72,2960.985311282436,462.5,462.5
2025-01-28 17:00:00,149.5,2957.882056767386,462.5,462.5
2025-01-28 18:00:00,148.61,2960.104387420098,462.5,462.5
2025-01-28 19:00:00,147.22,2960.855174802772,462.5,462.5
2025-01-28 20:00:00,144.98,2960.3045973888115,462.5,462.5
2025-01-28 21:00:00,139.82,2961.305647232376,462.5,462.5
2025-01-28 22:00:00,137.36,2962.2366235868917,462.5,462.5
2025-01-28 23:00:00,130.0,2234.193093359333,462.5,462.5
2025-01-29 00:00:00,121.76,2963.9384083209507,462.5,462.5
2025-01-29 01:00:00,114.99,2963.6581143647527,462.5,462.5
2025-01-29 02:00:00,112.96,2963.4078519038617,462.5,462.5
2025-01-29 03:00:00,112.92,2964.1886707818417,462.5,462.5
2025-01-29 04:00:00,114.93,2962.286676079069,462.5,462.5
2025-01-29 05:00:00,125.76,2961.2355737433268,462.5,462.5
2025-01-29 06:00:00,143.33,2959.403652529604,462.5,462.5
2025-01-29 07:00:00,149.66,2956.6507654598017,462.5,462.5
2025-01-29 08:00:00,147.93,2961.105437263663,462.5,462.5
2025-01-29 09:00:00,141.72,2964.639143211446,462.5,462.5
2025-01-29 10:00:00,138.45,2966.19077046897,462.5,462.5
2025-01-29 11:00:00,133.9,2964.85937417703,462.5,462.5
2025-01-29 12:00:00,124.53,2959.403652529604,462.5,462.5
2025-01-29 13:00:00,123.58,2961.085416266792,462.5,462.5
2025-01-29 14:00:00,125.79,2962.406802060297,462.5,462.5
2025-01-29 15:00:00,139.51,2961.305647232376,462.5,462.5
2025-01-29 16:00:00,144.35,2959.533789009267,462.5,462.5
2025-01-29 17:00:00,149.99,2961.305647232376,462.5,462.5
2025-01-29 18:00:00,150.09,2962.036413618178,462.5,462.5
2025-01-29 19:00:00,149.09,2965.3899305941195,462.5,462.5
2025-01-29 20:00:00,144.9,2967.011631340694,462.5,462.5
2025-01-29 21:00:00,139.5,2968.5932900935254,462.5,462.5
2025-01-29 22:00:00,135.97,2971.3161456680205,462.5,462.5
2025-01-29 23:00:00,128.77,2972.297174514714,462.5,462.5
2025-01-30 00:00:00,129.8,2972.6175104646545,462.5,462.5
2025-01-30 01:00:00,125.0,2975.870922456239,462.5,462.5
2025-01-30 02:00:00,122.91,2979.474701893071,462.5,462.5
2025-01-30 03:00:00,122.47,2977.652791177784,462.5,462.5
2025-01-30 04:00:00,121.9,2973.0479618973877,462.5,462.5
2025-01-30 05:00:00,128.13,2971.9668280663377,462.5,462.5
2025-01-30 06:00:00,145.51,2968.1928701561,462.5,462.5
2025-01-30 07:00:00,157.89,2967.792450218674,462.5,462.5
2025-01-30 08:00:00,164.2,2967.592240249961,462.5,462.5
2025-01-30 09:00:00,155.06,2968.543237601347,462.5,462.5
2025-01-30 10:00:00,144.77,2969.9146758870306,462.5,462.5
2025-01-30 11:00:00,139.37,2968.0927651717434,462.5,462.5
2025-01-30 12:00:00,132.17,2967.0616838328715,462.5,462.5
2025-01-30 13:00:00,132.51,2965.840403023723,462.5,462.5
2025-01-30 14:00:00,140.41,2963.437883399168,462.5,462.5
2025-01-30 15:00:00,149.37,2962.386781063426,462.5,462.5
2025-01-30 16:00:00,161.8,2962.3367285712475,462.5,462.5
2025-01-30 17:00:00,176.71,2959.483736517089,462.5,462.5
2025-01-30 18:00:00,172.36,2960.134418915406,462.5,462.5
2025-01-30 19:00:00,165.0,2961.20554224802,462.5,462.5
2025-01-30 20:00:00,152.93,2962.356749568118,462.5,462.5
2025-01-30 21:00:00,143.97,2960.885206298079,462.5,462.5
2025-01-30 22:00:00,142.01,2963.057484458613,462.5,462.5
2025-01-30 23:00:00,134.2,2962.7872010008514,462.5,462.5
2025-01-31 00:00:00,132.07,2964.4889857349112,462.5,462.5
2025-01-31 01:00:00,123.91,2971.2961246711493,462.5,462.5
2025-01-31 02:00:00,124.09,2965.259794114456,462.5,462.5
2025-01-31 03:00:00,124.09,2963.0374634617424,462.5,462.5
2025-01-31 04:00:00,124.7,2963.45790439604,462.5,462.5
2025-01-31 05:00:00,132.11,2962.9573794742573,462.5,462.5
2025-01-31 06:00:00,145.33,2961.6059621854456,462.5,462.5
2025-01-31 07:00:00,154.92,2960.58489134501,462.5,462.5
2025-01-31 08:00:00,162.24,2961.956329630693,462.5,462.5
2025-01-31 09:00:00,157.58,2965.009531653565,462.5,462.5
2025-01-31 10:00:00,144.31,2963.588040875703,462.5,462.5
2025-01-31 11:00:00,142.94,2965.259794114456,462.5,462.5
2025-01-31 12:00:00,139.09,2965.4099515909907,462.5,462.5
2025-01-31 13:00:00,136.0,2960.154439912277,462.5,462.5
2025-01-31 14:00:00,140.5,2960.3346288841185,462.5,462.5
2025-01-31 15:00:00,147.92,2963.2076419351483,462.5,462.5
2025-01-31 16:00:00,161.66,2962.8072219977225,462.5,462.5
2025-01-31 17:00:00,182.01,2962.5069070446534,462.5,462.5
2025-01-31 18:00:00,179.63,2965.109636637921,462.5,462.5
2025-01-31 19:00:00,170.02,2965.8604240205946,462.5,462.5
2025-01-31 20:00:00,153.78,2967.6422927421395,462.5,462.5
2025-01-31 21:00:00,144.94,2967.9125761999017,462.5,462.5
2025-01-31 22:00:00,141.81,2969.243972491842,462.5,462.5
2025-01-31 23:00:00,136.2,2970.5153057931693,462.5,462.5
2025-02-01 00:00:00,138.4,2970.395179811941,454.1666666666667,454.1666666666667
2025-02-01 01:00:00,133.38,2971.7165656054462,454.1666666666667,454.1666666666667
2025-02-01 02:00:00,131.99,2970.915725730595,454.1666666666667,454.1666666666667
2025-02-01 03:00:00,130.37,2971.866723081981,454.1666666666667,454.1666666666667
2025-02-01 04:00:00,128.36,2971.4663031445552,454.1666666666667,454.1666666666667
2025-02-01 05:00:00,129.31,2969.994759874516,454.1666666666667,454.1666666666667
2025-02-01 06:00:00,133.32,2968.963678535644,454.1666666666667,454.1666666666667
2025-02-01 07:00:00,144.28,2969.143867507486,454.1666666666667,454.1666666666667
2025-02-01 08:00:00,148.91,2968.763468566932,454.1666666666667,454.1666666666667
2025-02-01 09:00:00,142.31,2968.493185109169,454.1666666666667,454.1666666666667
2025-02-01 10:00:00,136.9,2968.2128911529708,454.1666666666667,454.1666666666667
2025-02-01 11:00:00,135.9,2969.394129968377,454.1666666666667,454.1666666666667
2025-02-01 12:00:00,131.08,2968.763468566932,454.1666666666667,454.1666666666667
2025-02-01 13:00:00,132.2,2968.9436575387726,454.1666666666667,454.1666666666667
2025-02-01 14:00:00,132.03,2970.415200808813,454.1666666666667,454.1666666666667
2025-02-01 15:00:00,132.65,2970.795599749367,454.1666666666667,454.1666666666667
2025-02-01 16:00:00,153.31,2970.094864858872,454.1666666666667,454.1666666666667
2025-02-01 17:00:00,165.4,2971.216040683664,454.1666666666667,454.1666666666667
2025-02-01 18:00:00,165.9,2970.44523230412,454.1666666666667,454.1666666666667
2025-02-01 19:00:00,163.41,2971.61646062109,454.1666666666667,454.1666666666667
2025-02-01 20:00:00,153.44,2972.897804420853,454.1666666666667,454.1666666666667
2025-02-01 21:00:00,146.73,2972.3672480037635,454.1666666666667,454.1666666666667
2025-02-01 22:00:00,141.18,2972.867772925545,454.1666666666667,454.1666666666667
2025-02-01 23:00:00,132.03,2972.667562956833,454.1666666666667,454.1666666666667
2025-02-02 00:00:00,134.53,2972.4973844834267,454.1666666666667,454.1666666666667
2025-02-02 01:00:00,127.89,2972.69759445214,454.1666666666667,454.1666666666667
2025-02-02 02:00:00,123.26,2972.69759445214,454.1666666666667,454.1666666666667
2025-02-02 03:00:00,120.16,2972.2170905272287,454.1666666666667,454.1666666666667
2025-02-02 04:00:00,119.05,2972.667562956833,454.1666666666667,454.1666666666667
2025-02-02 05:00:00,121.22,2972.3972794990705,454.1666666666667,454.1666666666667
2025-02-02 06:00:00,127.37,2970.495284796298,454.1666666666667,454.1666666666667
2025-02-02 07:00:00,139.43,2972.116985542872,454.1666666666667,454.1666666666667
2025-02-02 08:00:00,144.36,2971.0458622102583,454.1666666666667,454.1666666666667
2025-02-02 09:00:00,141.38,2970.3451273197634,454.1666666666667,454.1666666666667
2025-02-02 10:00:00,132.08,2971.366198160199,454.1666666666667,454.1666666666667
2025-02-02 11:00:00,123.55,2970.5153057931693,454.1666666666667,454.1666666666667
2025-02-02 12:00:00,108.6,2970.99580971808,454.1666666666667,454.1666666666667
2025-02-02 13:00:00,99.7,2970.8156207462384,454.1666666666667,454.1666666666667
2025-02-02 14:00:00,105.74,2969.66441342614,454.1666666666667,454.1666666666667
2025-02-02 15:00:00,126.98,2970.795599749367,454.1666666666667,454.1666666666667
2025-02-02 16:00:00,156.31,2972.1970695303576,454.1666666666667,454.1666666666667
2025-02-02 17:00:00,168.45,2970.8456522415454,454.1666666666667,454.1666666666667
2025-02-02 18:00:00,171.09,2971.396229655506,454.1666666666667,454.1666666666667
2025-02-02 19:00:00,170.99,2969.9146758870306,454.1666666666667,454.1666666666667
2025-02-02 20:00:00,160.79,2972.547436975605,454.1666666666667,454.1666666666667
2025-02-02 21:00:00,154.21,2971.9668280663377,454.1666666666667,454.1666666666667
2025-02-02 22:00:00,147.92,2972.747646944318,454.1666666666667,454.1666666666667
2025-02-02 23:00:00,140.81,2973.1981193739216,454.1666666666667,454.1666666666667
2025-02-03 00:00:00,134.81,2972.597489467784,454.1666666666667,454.1666666666667
2025-02-03 01:00:00,131.66,2974.018980245645,454.1666666666667,454.1666666666667
2025-02-03 02:00:00,127.13,2974.199169217486,454.1666666666667,454.1666666666667
2025-02-03 03:00:00,126.14,2974.09906423313,454.1666666666667,454.1666666666667
2025-02-03 04:00:00,127.67,2972.7176154490107,454.1666666666667,454.1666666666667
2025-02-03 05:00:00,136.36,2971.8967545772884,454.1666666666667,454.1666666666667
2025-02-03 06:00:00,159.73,2969.9146758870306,454.1666666666667,454.1666666666667
2025-02-03 07:00:00,210.52,2968.74344757006,454.1666666666667,454.1666666666667
2025-02-03 08:00:00,256.39,2968.763468566932,454.1666666666667,454.1666666666667
2025-02-03 09:00:00,188.99,2970.2450223354067,454.1666666666667,454.1666666666667
2025-02-03 10:00:00,158.14,2968.74344757006,454.1666666666667,454.1666666666667
2025-02-03 11:00:00,148.8,2970.5953897806544,454.1666666666667,454.1666666666667
2025-02-03 12:00:00,139.37,2970.8456522415454,454.1666666666667,454.1666666666667
2025-02-03 13:00:00,138.15,2970.545337288476,454.1666666666667,454.1666666666667
2025-02-03 14:00:00,142.48,2970.2149908401,454.1666666666667,454.1666666666667
2025-02-03 15:00:00,153.01,2971.696544608575,454.1666666666667,454.1666666666667
2025-02-03 16:00:00,175.27,2968.5932900935254,454.1666666666667,454.1666666666667
2025-02-03 17:00:00,182.41,2969.66441342614,454.1666666666667,454.1666666666667
2025-02-03 18:00:00,215.56,2968.5632585982185,454.1666666666667,454.1666666666667
2025-02-03 19:00:00,217.7,2969.7945499058023,454.1666666666667,454.1666666666667
2025-02-03 20:00:00,173.1,2970.7155157618818,454.1666666666667,454.1666666666667
2025-02-03 21:00:00,156.36,2970.495284796298,454.1666666666667,454.1666666666667
2025-02-03 22:00:00,151.35,2972.4973844834267,454.1666666666667,454.1666666666667
2025-02-03 23:00:00,140.77,2972.3972794990705,454.1666666666667,454.1666666666667
2025-02-04 00:00:00,136.06,2971.8967545772884,454.1666666666667,454.1666666666667
2025-02-04 01:00:00,132.47,2972.347227006892,454.1666666666667,454.1666666666667
2025-02-04 02:00:00,129.61,2971.7165656054462,454.1666666666667,454.1666666666667
2025-02-04 03:00:00,125.8,2973.1981193739216,454.1666666666667,454.1666666666667
2025-02-04 04:00:00,125.97,2971.7165656054462,454.1666666666667,454.1666666666667
2025-02-04 05:00:00,135.61,2975.050061584516,454.1666666666667,454.1666666666667
2025-02-04 06:00:00,155.97,2970.8656732384165,454.1666666666667,454.1666666666667
2025-02-04 07:00:00,186.24,2969.844602397981,454.1666666666667,454.1666666666667
2025-02-04 08:00:00,189.2,2971.115935699308,454.1666666666667,454.1666666666667
2025-02-04 09:00:00,164.89,2971.8967545772884,454.1666666666667,454.1666666666667
2025-02-04 10:00:00,150.09,2973.148066881744,454.1666666666667,454.1666666666667
2025-02-04 11:00:00,141.06,2971.4663031445552,454.1666666666667,454.1666666666667
2025-02-04 12:00:00,130.42,2969.59433993709,454.1666666666667,454.1666666666667
2025-02-04 13:00:00,130.07,2968.613311090397,454.1666666666667,454.1666666666667
2025-02-04 14:00:00,137.07,2969.7444974136247,454.1666666666667,454.1666666666667
2025-02-04 15:00:00,143.13,2969.2940249840203,454.1666666666667,454.1666666666667
2025-02-04 16:00:00,158.69,2968.993710030951,454.1666666666667,454.1666666666667
2025-02-04 17:00:00,169.85,2967.011631340694,454.1666666666667,454.1666666666667
2025-02-04 18:00:00,176.51,2968.1127861686145,454.1666666666667,454.1666666666667
2025-02-04 19:00:00,171.99,2969.694444921446,454.1666666666667,454.1666666666667
2025-02-04 20:00:00,159.61,2970.1148858557435,454.1666666666667,454.1666666666667
2025-02-04 21:00:00,152.52,2970.615410777525,454.1666666666667,454.1666666666667
2025-02-04 22:00:00,144.81,2971.496334639862,454.1666666666667,454.1666666666667
2025-02-04 23:00:00,138.89,2971.7465971007537,454.1666666666667,454.1666666666667
2025-02-05 00:00:00,138.2,2971.766618097625,454.1666666666667,454.1666666666667
2025-02-05 01:00:00,134.1,2971.7165656054462,454.1666666666667,454.1666666666667
2025-02-05 02:00:00,130.98,2972.647541959961,454.1666666666667,454.1666666666667
2025-02-05 03:00:00,128.53,2973.0479618973877,454.1666666666667,454.1666666666667
2025-02-05 04:00:00,128.2,2971.516355636734,454.1666666666667,454.1666666666667
2025-02-05 05:00:00,138.4,2972.1470170381795,454.1666666666667,454.1666666666667
2025-02-05 06:00:00,152.34,2970.7655682540603,454.1666666666667,454.1666666666667
2025-02-05 07:00:00,161.73,2969.514255949605,454.1666666666667,454.1666666666667
2025-02-05 08:00:00,170.29,2970.4652533009908,454.1666666666667,454.1666666666667
2025-02-05 09:00:00,154.91,2971.0959147024364,454.1666666666667,454.1666666666667
2025-02-05 10:00:00,148.15,2966.9916103438222,454.1666666666667,454.1666666666667
2025-02-05 11:00:00,135.55,2969.59433993709,454.1666666666667,454.1666666666667
2025-02-05 12:00:00,132.33,2971.4663031445552,454.1666666666667,454.1666666666667
2025-02-05 13:00:00,128.98,2971.2660931758423,454.1666666666667,454.1666666666667
2025-02-05 14:00:00,132.14,2971.145967194615,454.1666666666667,454.1666666666667
2025-02-05 15:00:00,144.32,2971.496334639862,454.1666666666667,454.1666666666667
2025-02-05 16:00:00,159.44,2968.763468566932,454.1666666666667,454.1666666666667
2025-02-05 17:00:00,179.03,2968.543237601347,454.1666666666667,454.1666666666667
2025-02-05 18:00:00,187.59,2969.564308441783,454.1666666666667,454.1666666666667
2025-02-05 19:00:00,186.92,2970.965778222773,454.1666666666667,454.1666666666667
2025-02-05 20:00:00,164.5,2971.346177163328,454.1666666666667,454.1666666666667
2025-02-05 21:00:00,153.86,2972.4973844834267,454.1666666666667,454.1666666666667
2025-02-05 22:00:00,151.85,2972.647541959961,454.1666666666667,454.1666666666667
2025-02-05 23:00:00,143.08,2972.6175104646545,454.1666666666667,454.1666666666667
2025-02-06 00:00:00,139.06,2973.618560308219,454.1666666666667,454.1666666666667
2025-02-06 01:00:00,136.41,2973.2481718661,454.1666666666667,454.1666666666667
2025-02-06 02:00:00,133.95,2971.216040683664,454.1666666666667,454.1666666666667
2025-02-06 03:00:00,132.98,2971.9968595616447,454.1666666666667,454.1666666666667
2025-02-06 04:00:00,130.8,2970.565358285347,454.1666666666667,454.1666666666667
2025-02-06 05:00:00,134.76,2969.544287444912,454.1666666666667,454.1666666666667
2025-02-06 06:00:00,151.88,2966.5911904063964,454.1666666666667,454.1666666666667
2025-02-06 07:00:00,185.76,2966.1106864814856,454.1666666666667,454.1666666666667
2025-02-06 08:00:00,216.41,2967.562208754654,454.1666666666667,454.1666666666667
2025-02-06 09:00:00,182.07,2966.8414528672874,454.1666666666667,454.1666666666667
2025-02-06 10:00:00,161.03,2971.346177163328,454.1666666666667,454.1666666666667
2025-02-06 11:00:00,149.69,2972.317195511585,454.1666666666667,454.1666666666667
2025-02-06 12:00:00,143.72,2968.8435525544164,454.1666666666667,454.1666666666667
2025-02-06 13:00:00,141.0,2957.781951783029,454.1666666666667,454.1666666666667
2025-02-06 14:00:00,144.29,2960.154439912277,454.1666666666667,454.1666666666667
2025-02-06 15:00:00,150.8,2964.2587442708914,454.1666666666667,454.1666666666667
2025-02-06 16:00:00,162.29,2964.1886707818417,454.1666666666667,454.1666666666667
2025-02-06 17:00:00,169.0,2964.9895106566933,454.1666666666667,454.1666666666667
2025-02-06 18:00:00,173.5,2967.742397726496,454.1666666666667,454.1666666666667
2025-02-06 19:00:00,164.59,2965.610161559703,454.1666666666667,454.1666666666667
2025-02-06 20:00:00,153.9,2966.3609489423766,454.1666666666667,454.1666666666667
2025-02-06 21:00:00,150.99,2965.4099515909907,454.1666666666667,454.1666666666667
2025-02-06 22:00:00,150.58,2966.9615788485157,454.1666666666667,454.1666666666667
2025-02-06 23:00:00,145.72,2968.1928701561,454.1666666666667,454.1666666666667
2025-02-07 00:00:00,147.09,2968.062733676436,454.1666666666667,454.1666666666667
2025-02-07 01:00:00,142.99,2968.3930801248125,454.1666666666667,454.1666666666667
2025-02-07 02:00:00,136.65,2968.5132061060403,454.1666666666667,454.1666666666667
2025-02-07 03:00:00,136.56,2967.812471215545,454.1666666666667,454.1666666666667
2025-02-07 04:00:00,136.18,2967.0616838328715,454.1666666666667,454.1666666666667
2025-02-07 05:00:00,144.9,2966.4410329298616,454.1666666666667,454.1666666666667
2025-02-07 06:00:00,153.69,2963.9384083209507,454.1666666666667,454.1666666666667
2025-02-07 07:00:00,156.93,2965.339878101941,454.1666666666667,454.1666666666667
2025-02-07 08:00:00,158.64,2965.359899098812,454.1666666666667,454.1666666666667
2025-02-07 09:00:00,154.16,2964.5090067317824,454.1666666666667,454.1666666666667
2025-02-07 10:00:00,153.3,2964.9594791613863,454.1666666666667,454.1666666666667
2025-02-07 11:00:00,145.05,2965.339878101941,454.1666666666667,454.1666666666667
2025-02-07 12:00:00,140.89,2964.6091117161386,454.1666666666667,454.1666666666667
2025-02-07 13:00:00,140.93,2963.6581143647527,454.1666666666667,454.1666666666667
2025-02-07 14:00:00,146.07,2962.637043524317,454.1666666666667,454.1666666666667
2025-02-07 15:00:00,150.86,2962.5869910321385,454.1666666666667,454.1666666666667
2025-02-07 16:00:00,151.12,2961.255594740198,454.1666666666667,454.1666666666667
2025-02-07 17:00:00,153.3,2961.505857201089,454.1666666666667,454.1666666666667
2025-02-07 18:00:00,153.8,2963.588040875703,454.1666666666667,454.1666666666667
2025-02-07 19:00:00,152.82,2965.309846606634,454.1666666666667,454.1666666666667
2025-02-07 20:00:00,152.06,2967.011631340694,454.1666666666667,454.1666666666667
2025-02-07 21:00:00,153.29,2968.713416074753,454.1666666666667,454.1666666666667
2025-02-07 22:00:00,150.0,2970.7655682540603,454.1666666666667,454.1666666666667
2025-02-07 23:00:00,144.35,2970.5953897806544,454.1666666666667,454.1666666666667
2025-02-08 00:00:00,150.8,2972.096964546001,454.1666666666667,454.1666666666667
2025-02-08 01:00:00,144.53,2973.748696787882,454.1666666666667,454.1666666666667
2025-02-08 02:00:00,140.1,2973.768717784754,454.1666666666667,454.1666666666667
2025-02-08 03:00:00,138.26,2973.9188752612886,454.1666666666667,454.1666666666667
2025-02-08 04:00:00,137.36,2973.168087878615,454.1666666666667,454.1666666666667
2025-02-08 05:00:00,138.8,2970.99580971808,454.1666666666667,454.1666666666667
2025-02-08 06:00:00,147.01,2969.7444974136247,454.1666666666667,454.1666666666667
2025-02-08 07:00:00,152.0,2970.3451273197634,454.1666666666667,454.1666666666667
2025-02-08 08:00:00,155.81,2972.4473319912486,454.1666666666667,454.1666666666667
2025-02-08 09:00:00,153.76,2971.0458622102583,454.1666666666667,454.1666666666667
2025-02-08 10:00:00,151.04,2971.246072178971,454.1666666666667,454.1666666666667
2025-02-08 11:00:00,144.99,2976.4715523623777,454.1666666666667,454.1666666666667
2025-02-08 12:00:00,142.7,2975.3503765375854,454.1666666666667,454.1666666666667
2025-02-08 13:00:00,139.77,2973.6686128003976,454.1666666666667,454.1666666666667
2025-02-08 14:00:00,138.87,2970.745547257189,454.1666666666667,454.1666666666667
2025-02-08 15:00:00,147.08,2965.2898256097624,454.1666666666667,454.1666666666667
2025-02-08 16:00:00,151.21,2961.736098665109,454.1666666666667,454.1666666666667
2025-02-08 17:00:00,156.4,2960.4847863606533,454.1666666666667,454.1666666666667
2025-02-08 18:00:00,158.1,2962.1865710947127,454.1666666666667,454.1666666666667
2025-02-08 19:00:00,156.4,2963.4078519038617,454.1666666666667,454.1666666666667
2025-02-08 20:00:00,155.79,2963.357799411683,454.1666666666667,454.1666666666667
2025-02-08 21:00:00,153.33,2963.638093367881,454.1666666666667,454.1666666666667
2025-02-08 22:00:00,151.28,2966.561158911089,454.1666666666667,454.1666666666667
2025-02-08 23:00:00,147.0,2966.9916103438222,454.1666666666667,454.1666666666667
2025-02-09 00:00:00,142.47,2968.012681184258,454.1666666666667,454.1666666666667
2025-02-09 01:00:00,139.98,2968.463153613862,454.1666666666667,454.1666666666667
2025-02-09 02:00:00,138.69,2969.4642034574263,454.1666666666667,454.1666666666667
2025-02-09 03:00:00,137.24,2969.844602397981,454.1666666666667,454.1666666666667
2025-02-09 04:00:00,135.2,2968.8435525544164,454.1666666666667,454.1666666666667
2025-02-09 05:00:00,136.86,2965.009531653565,454.1666666666667,454.1666666666667
2025-02-09 06:00:00,139.47,2967.842502710852,454.1666666666667,454.1666666666667
2025-02-09 07:00:00,142.67,2767.202082565228,454.1666666666667,454.1666666666667
2025-02-09 08:00:00,148.57,2635.1636081990764,454.1666666666667,454.1666666666667
2025-02-09 09:00:00,147.77,2671.2014025673966,454.1666666666667,454.1666666666667
2025-02-09 10:00:00,149.5,2725.037863154293,454.1666666666667,454.1666666666667
2025-02-09 11:00:00,141.52,2778.8442922458826,454.1666666666667,454.1666666666667
2025-02-09 12:00:00,139.95,2833.6017186888585,454.1666666666667,454.1666666666667
2025-02-09 13:00:00,133.7,2874.9951297202488,454.1666666666667,454.1666666666667
2025-02-09 14:00:00,138.05,2885.3059431089628,454.1666666666667,454.1666666666667
2025-02-09 15:00:00,138.19,2930.022839620987,454.1666666666667,454.1666666666667
2025-02-09 16:00:00,144.26,2959.203442560891,454.1666666666667,454.1666666666667
2025-02-09 17:00:00,155.47,2958.4526551782174,454.1666666666667,454.1666666666667
2025-02-09 18:00:00,161.69,2960.9552797871283,454.1666666666667,454.1666666666667
2025-02-09 19:00:00,157.85,2962.4868860477823,454.1666666666667,454.1666666666667
2025-02-09 20:00:00,156.05,2962.4868860477823,454.1666666666667,454.1666666666667
2025-02-09 21:00:00,152.23,2965.890455515901,454.1666666666667,454.1666666666667
2025-02-09 22:00:00,151.22,2968.2128911529708,454.1666666666667,454.1666666666667
2025-02-09 23:00:00,141.84,2969.4942349527337,454.1666666666667,454.1666666666667
2025-02-10 00:00:00,145.86,2971.346177163328,454.1666666666667,454.1666666666667
2025-02-10 01:00:00,141.0,2970.1449173510505,454.1666666666667,454.1666666666667
2025-02-10 02:00:00,140.74,2970.9457572259016,454.1666666666667,454.1666666666667
2025-02-10 03:00:00,140.45,2972.016880558516,454.1666666666667,454.1666666666667
2025-02-10 04:00:00,140.22,2970.1148858557435,454.1666666666667,454.1666666666667
2025-02-10 05:00:00,148.07,2968.1628386607927,454.1666666666667,454.1666666666667
2025-02-10 06:00:00,156.1,2966.0906654846144,454.1666666666667,454.1666666666667
2025-02-10 07:00:00,168.7,2965.960529004951,454.1666666666667,454.1666666666667
2025-02-10 08:00:00,170.4,2965.2097416222773,454.1666666666667,454.1666666666667
2025-02-10 09:00:00,159.72,2965.259794114456,454.1666666666667,454.1666666666667
2025-02-10 10:00:00,158.6,2964.8093216848515,454.1666666666667,454.1666666666667
2025-02-10 11:00:00,155.67,2964.058534302178,454.1666666666667,454.1666666666667
2025-02-10 12:00:00,151.09,2962.136518602535,454.1666666666667,454.1666666666667
2025-02-10 13:00:00,151.51,2630.8390728748777,454.1666666666667,454.1666666666667
2025-02-10 14:00:00,156.09,2594.22066959729,454.1666666666667,454.1666666666667
2025-02-10 15:00:00,158.4,2596.072611807884,454.1666666666667,454.1666666666667
2025-02-10 16:00:00,165.43,2596.77334669838,454.1666666666667,454.1666666666667
2025-02-10 17:00:00,163.09,2599.8265487212507,454.1666666666667,454.1666666666667
2025-02-10 18:00:00,165.19,2652.111382050622,454.1666666666667,454.1666666666667
2025-02-10 19:00:00,159.98,2765.3501403546334,454.1666666666667,454.1666666666667
2025-02-10 20:00:00,158.04,2877.8481217744074,454.1666666666667,454.1666666666667
2025-02-10 21:00:00,158.4,2956.3003980145536,454.1666666666667,454.1666666666667
2025-02-10 22:00:00,158.39,2958.682896642237,454.1666666666667,454.1666666666667
2025-02-10 23:00:00,155.69,2962.156539599406,454.1666666666667,454.1666666666667
2025-02-11 00:00:00,159.85,2962.7872010008514,454.1666666666667,454.1666666666667
2025-02-11 01:00:00,154.47,2963.588040875703,454.1666666666667,454.1666666666667
2025-02-11 02:00:00,151.41,2964.038513305307,454.1666666666667,454.1666666666667
2025-02-11 03:00:00,150.04,2963.257694427327,454.1666666666667,454.1666666666667
2025-02-11 04:00:00,149.28,2963.9384083209507,454.1666666666667,454.1666666666667
2025-02-11 05:00:00,153.38,2962.2566445837624,454.1666666666667,454.1666666666667
2025-02-11 06:00:00,164.05,2960.6549648340592,454.1666666666667,454.1666666666667
2025-02-11 07:00:00,173.27,2960.755069818416,454.1666666666667,454.1666666666667
2025-02-11 08:00:00,172.7,2960.9052272949507,454.1666666666667,454.1666666666667
2025-02-11 09:00:00,165.21,2960.855174802772,454.1666666666667,454.1666666666667
2025-02-11 10:00:00,164.55,2961.0353637746134,454.1666666666667,454.1666666666667
2025-02-11 11:00:00,164.93,2960.0843664232275,454.1666666666667,454.1666666666667
2025-02-11 12:00:00,163.61,2959.804072467029,454.1666666666667,454.1666666666667
2025-02-11 13:00:00,164.24,2959.233474056198,454.1666666666667,454.1666666666667
2025-02-11 14:00:00,163.61,2962.106487107228,454.1666666666667,454.1666666666667
2025-02-11 15:00:00,165.6,2958.933159103128,454.1666666666667,454.1666666666667
2025-02-11 16:00:00,167.9,2958.002182748613,454.1666666666667,454.1666666666667
2025-02-11 17:00:00,169.3,2958.0822667360985,454.1666666666667,454.1666666666667
2025-02-11 18:00:00,175.44,2958.2524452095045,454.1666666666667,454.1666666666667
2025-02-11 19:00:00,175.99,2958.4026026860392,454.1666666666667,454.1666666666667
2025-02-11 20:00:00,169.23,2958.0322142439204,454.1666666666667,454.1666666666667
2025-02-11 21:00:00,164.45,2959.3536000374256,454.1666666666667,454.1666666666667
2025-02-11 22:00:00,161.62,2960.254544896633,454.1666666666667,454.1666666666667
2025-02-11 23:00:00,159.86,2960.034313931049,454.1666666666667,454.1666666666667
2025-02-12 00:00:00,151.41,2961.535888696396,454.1666666666667,454.1666666666667
2025-02-12 01:00:00,147.86,2961.836203649465,454.1666666666667,454.1666666666667
2025-02-12 02:00:00,146.07,2960.104387420098,454.1666666666667,454.1666666666667
2025-02-12 03:00:00,145.08,2960.184471407584,454.1666666666667,454.1666666666667
2025-02-12 04:00:00,144.76,2960.134418915406,454.1666666666667,454.1666666666667
2025-02-12 05:00:00,149.25,2958.6528651469307,454.1666666666667,454.1666666666667
2025-02-12 06:00:00,160.06,2953.6776474244148,454.1666666666667,454.1666666666667
2025-02-12 07:00:00,174.36,2954.3984033117817,454.1666666666667,454.1666666666667
2025-02-12 08:00:00,187.02,2955.6296946193656,454.1666666666667,454.1666666666667
2025-02-12 09:00:00,176.35,2956.530639478573,454.1666666666667,454.1666666666667
2025-02-12 10:00:00,168.1,2956.180272033326,454.1666666666667,454.1666666666667
2025-02-12 11:00:00,165.16,2955.3994531553462,454.1666666666667,454.1666666666667
2025-02-12 12:00:00,159.09,2954.6286447758016,454.1666666666667,454.1666666666667
2025-02-12 13:00:00,157.06,2953.3473009760387,454.1666666666667,454.1666666666667
2025-02-12 14:00:00,159.6,2952.346251132474,454.1666666666667,454.1666666666667
2025-02-12 15:00:00,165.56,2950.774602878078,454.1666666666667,454.1666666666667
2025-02-12 16:00:00,171.71,2951.425285276395,454.1666666666667,454.1666666666667
2025-02-12 17:00:00,183.45,2951.0949388280187,454.1666666666667,454.1666666666667
2025-02-12 18:00:00,189.61,2951.8957787028703,454.1666666666667,454.1666666666667
2025-02-12 19:00:00,192.87,2951.995883687227,454.1666666666667,454.1666666666667
2025-02-12 20:00:00,174.61,2950.9948338436625,454.1666666666667,454.1666666666667
2025-02-12 21:00:00,163.19,2953.3773324713457,454.1666666666667,454.1666666666667
2025-02-12 22:00:00,159.7,2954.3984033117817,454.1666666666667,454.1666666666667
2025-02-12 23:00:00,154.28,2954.598613280494,454.1666666666667,454.1666666666667
2025-02-13 00:00:00,157.45,2955.799873092772,454.1666666666667,454.1666666666667
2025-02-13 01:00:00,150.87,2956.2002930301974,454.1666666666667,454.1666666666667
2025-02-13 02:00:00,149.52,2958.4526551782174,454.1666666666667,454.1666666666667
2025-02-13 03:00:00,147.34,2957.281426861247,454.1666666666667,454.1666666666667
2025-02-13 04:00:00,147.39,2954.228224838376,454.1666666666667,454.1666666666667
2025-02-13 05:00:00,151.13,2954.1981933430684,454.1666666666667,454.1666666666667
2025-02-13 06:00:00,166.0,2951.7256002294644,454.1666666666667,454.1666666666667
2025-02-13 07:00:00,190.07,2951.3251802920386,454.1666666666667,454.1666666666667
2025-02-13 08:00:00,214.58,2951.27512779986,454.1666666666667,454.1666666666667
2025-02-13 09:00:00,193.15,2952.376282627781,454.1666666666667,454.1666666666667
2025-02-13 10:00:00,176.59,2960.684996329366,454.1666666666667,454.1666666666667
2025-02-13 11:00:00,168.96,2963.8383033365944,454.1666666666667,454.1666666666667
2025-02-13 12:00:00,161.2,2958.5327391657024,454.1666666666667,454.1666666666667
2025-02-13 13:00:00,160.68,2958.1823717204547,454.1666666666667,454.1666666666667
2025-02-13 14:00:00,163.82,2965.139668133228,454.1666666666667,454.1666666666667
2025-02-13 15:00:00,169.5,2962.436833555604,454.1666666666667,454.1666666666667
2025-02-13 16:00:00,180.99,2962.687096016495,454.1666666666667,454.1666666666667
2025-02-13 17:00:00,190.57,2962.887305985208,454.1666666666667,454.1666666666667
2025-02-13 18:00:00,200.72,2965.840403023723,454.1666666666667,454.1666666666667
2025-02-13 19:00:00,198.79,2965.309846606634,454.1666666666667,454.1666666666667
2025-02-13 20:00:00,175.48,2967.692345234317,454.1666666666667,454.1666666666667
2025-02-13 21:00:00,162.54,2968.493185109169,454.1666666666667,454.1666666666667
2025-02-13 22:00:00,157.3,2969.4141509652486,454.1666666666667,454.1666666666667
2025-02-13 23:00:00,152.93,2969.113836012179,454.1666666666667,454.1666666666667
2025-02-14 00:00:00,147.94,2969.113836012179,454.1666666666667,454.1666666666667
2025-02-14 01:00:00,143.11,2967.512156262476,454.1666666666667,454.1666666666667
2025-02-14 02:00:00,141.68,2968.993710030951,454.1666666666667,454.1666666666667
2025-02-14 03:00:00,140.02,2968.5632585982185,454.1666666666667,454.1666666666667
2025-02-14 04:00:00,139.9,2968.493185109169,454.1666666666667,454.1666666666667
2025-02-14 05:00:00,148.91,2967.011631340694,454.1666666666667,454.1666666666667
2025-02-14 06:00:00,162.71,2966.411001434555,454.1666666666667,454.1666666666667
2025-02-14 07:00:00,196.16,2965.540088070654,454.1666666666667,454.1666666666667
2025-02-14 08:00:00,202.61,2966.411001434555,454.1666666666667,454.1666666666667
2025-02-14 09:00:00,198.13,2969.4141509652486,454.1666666666667,454.1666666666667
2025-02-14 10:00:00,182.58,2969.7444974136247,454.1666666666667,454.1666666666667
2025-02-14 11:00:00,170.37,2970.4652533009908,454.1666666666667,454.1666666666667
2025-02-14 12:00:00,167.88,2970.2450223354067,454.1666666666667,454.1666666666667
2025-02-14 13:00:00,166.92,2969.7444974136247,454.1666666666667,454.1666666666667
2025-02-14 14:00:00,169.71,2970.2149908401,454.1666666666667,454.1666666666667
2025-02-14 15:00:00,176.69,2969.59433993709,454.1666666666667,454.1666666666667
2025-02-14 16:00:00,180.68,2935.458540271542,454.1666666666667,454.1666666666667
2025-02-14 17:00:00,183.33,2859.528909637178,454.1666666666667,454.1666666666667
2025-02-14 18:00:00,192.73,2859.8792770824257,454.1666666666667,454.1666666666667
2025-02-14 19:00:00,195.39,2860.149560540188,454.1666666666667,454.1666666666667
2025-02-14 20:00:00,185.79,2860.780221941633,454.1666666666667,454.1666666666667
2025-02-14 21:00:00,167.89,2861.250715368109,454.1666666666667,454.1666666666667
2025-02-14 22:00:00,160.04,2862.682216644406,454.1666666666667,454.1666666666667
2025-02-14 23:00:00,156.18,2862.732269136584,454.1666666666667,454.1666666666667
2025-02-15 00:00:00,143.19,2864.404022375337,454.1666666666667,454.1666666666667
2025-02-15 01:00:00,137.55,2863.533109011436,454.1666666666667,454.1666666666667
2025-02-15 02:00:00,135.24,2863.202762563059,454.1666666666667,454.1666666666667
2025-02-15 03:00:00,133.05,2863.98358144104,454.1666666666667,454.1666666666667
2025-02-15 04:00:00,133.04,2863.202762563059,454.1666666666667,454.1666666666667
2025-02-15 05:00:00,131.12,2863.13268907401,454.1666666666667,454.1666666666667
2025-02-15 06:00:00,134.84,2861.1506103837523,454.1666666666667,454.1666666666667
2025-02-15 07:00:00,148.19,2861.1506103837523,454.1666666666667,454.1666666666667
2025-02-15 08:00:00,149.6,2861.981481753911,454.1666666666667,454.1666666666667
2025-02-15 09:00:00,140.37,2862.7522901334555,454.1666666666667,454.1666666666667
2025-02-15 10:00:00,133.52,2863.3328990427226,454.1666666666667,454.1666666666667
2025-02-15 11:00:00,124.61,2861.7011877977125,454.1666666666667,454.1666666666667
2025-02-15 12:00:00,120.02,2862.8323741209406,454.1666666666667,454.1666666666667
2025-02-15 13:00:00,114.1,2862.682216644406,454.1666666666667,454.1666666666667
2025-02-15 14:00:00,122.1,2860.950400415039,454.1666666666667,454.1666666666667
2025-02-15 15:00:00,133.05,2862.1016077351383,454.1666666666667,454.1666666666667
2025-02-15 16:00:00,155.0,2867.63741337005,454.1666666666667,454.1666666666667
2025-02-15 17:00:00,168.59,2882.5530560391603,454.1666666666667,454.1666666666667
2025-02-15 18:00:00,175.02,2891.832788089003,454.1666666666667,454.1666666666667
2025-02-15 19:00:00,164.06,2892.363344506092,454.1666666666667,454.1666666666667
2025-02-15 20:00:00,154.42,2892.563554474805,454.1666666666667,454.1666666666667
2025-02-15 21:00:00,142.89,2894.0350977448447,454.1666666666667,454.1666666666667
2025-02-15 22:00:00,139.18,2893.7848352839537,454.1666666666667,454.1666666666667
2025-02-15 23:00:00,133.95,2894.385465190092,454.1666666666667,454.1666666666667
2025-02-16 00:00:00,139.39,2895.416546528964,454.1666666666667,454.1666666666667
2025-02-16 01:00:00,134.06,2895.5366725101912,454.1666666666667,454.1666666666667
2025-02-16 02:00:00,131.01,2894.9160216071814,454.1666666666667,454.1666666666667
2025-02-16 03:00:00,124.68,2895.336462541479,454.1666666666667,454.1666666666667
2025-02-16 04:00:00,122.87,2893.734782791775,454.1666666666667,454.1666666666667
2025-02-16 05:00:00,126.14,2893.2843103621717,454.1666666666667,454.1666666666667
2025-02-16 06:00:00,130.68,2892.933942916924,454.1666666666667,454.1666666666667
2025-02-16 07:00:00,134.03,2893.2342578699927,454.1666666666667,454.1666666666667
2025-02-16 08:00:00,131.81,2893.3844153465275,454.1666666666667,454.1666666666667
2025-02-16 09:00:00,122.01,2893.864919271439,454.1666666666667,454.1666666666667
2025-02-16 10:00:00,117.71,2893.864919271439,454.1666666666667,454.1666666666667
2025-02-16 11:00:00,107.52,2892.7137119513395,454.1666666666667,454.1666666666667
2025-02-16 12:00:00,105.53,2892.5135019826266,454.1666666666667,454.1666666666667
2025-02-16 13:00:00,99.07,2892.883890424745,454.1666666666667,454.1666666666667
2025-02-16 14:00:00,114.45,2892.783785440389,454.1666666666667,454.1666666666667
2025-02-16 15:00:00,129.06,2891.432368151577,454.1666666666667,454.1666666666667
2025-02-16 16:00:00,144.32,2890.7616647563887,454.1666666666667,454.1666666666667
2025-02-16 17:00:00,159.3,2893.8148667792607,454.1666666666667,454.1666666666667
2025-02-16 18:00:00,163.59,2889.61045743629,454.1666666666667,454.1666666666667
2025-02-16 19:00:00,163.34,2890.0609298658937,454.1666666666667,454.1666666666667
2025-02-16 20:00:00,155.74,2890.281160831478,454.1666666666667,454.1666666666667
2025-02-16 21:00:00,151.6,2890.681580768904,454.1666666666667,454.1666666666667
2025-02-16 22:00:00,150.49,2891.9328930733595,454.1666666666667,454.1666666666667
2025-02-16 23:00:00,143.89,2893.2843103621717,454.1666666666667,454.1666666666667
2025-02-17 00:00:00,139.31,2894.565654161934,454.1666666666667,454.1666666666667
2025-02-17 01:00:00,136.82,2893.5646043183697,454.1666666666667,454.1666666666667
2025-02-17 02:00:00,131.71,2894.365444193221,454.1666666666667,454.1666666666667
2025-02-17 03:00:00,133.03,2895.8670189585678,454.1666666666667,454.1666666666667
2025-02-17 04:00:00,131.78,2894.285360205736,454.1666666666667,454.1666666666667
2025-02-17 05:00:00,139.02,2892.032998057716,454.1666666666667,454.1666666666667
2025-02-17 06:00:00,161.45,2890.3812658158345,454.1666666666667,454.1666666666667
2025-02-17 07:00:00,191.77,2889.7606149128246,454.1666666666667,454.1666666666667
2025-02-17 08:00:00,195.0,2890.5314232923693,454.1666666666667,454.1666666666667
2025-02-17 09:00:00,165.07,2891.5324731359333,454.1666666666667,454.1666666666667
2025-02-17 10:00:00,157.37,2891.432368151577,454.1666666666667,454.1666666666667
2025-02-17 11:00:00,153.07,2888.9597750379726,454.1666666666667,454.1666666666667
2025-02-17 12:00:00,144.71,2890.931843229795,454.1666666666667,454.1666666666667
2025-02-17 13:00:00,142.97,2891.512452139062,454.1666666666667,454.1666666666667
2025-02-17 14:00:00,150.56,2889.9307933862306,454.1666666666667,454.1666666666667
2025-02-17 15:00:00,158.11,2891.512452139062,454.1666666666667,454.1666666666667
2025-02-17 16:00:00,170.09,2891.182105690686,454.1666666666667,454.1666666666667
2025-02-17 17:00:00,188.59,2891.462399646884,454.1666666666667,454.1666666666667
2025-02-17 18:00:00,204.49,2890.7616647563887,454.1666666666667,454.1666666666667
2025-02-17 19:00:00,203.38,2892.032998057716,454.1666666666667,454.1666666666667
2025-02-17 20:00:00,171.35,2892.5135019826266,454.1666666666667,454.1666666666667
2025-02-17 21:00:00,159.98,2893.934992760488,454.1666666666667,454.1666666666667
2025-02-17 22:00:00,156.48,2893.88494026831,454.1666666666667,454.1666666666667
2025-02-17 23:00:00,149.67,2895.666808989855,454.1666666666667,454.1666666666667
2025-02-18 00:00:00,143.87,2894.8359376196963,454.1666666666667,454.1666666666667
2025-02-18 01:00:00,136.98,2896.818016309954,454.1666666666667,454.1666666666667
2025-02-18 02:00:00,132.66,2896.98819478336,454.1666666666667,454.1666666666667
2025-02-18 03:00:00,131.42,2895.466599021141,454.1666666666667,454.1666666666667
2025-02-18 04:00:00,131.48,2895.336462541479,454.1666666666667,454.1666666666667
2025-02-18 05:00:00,144.88,2893.4644993340125,454.1666666666667,454.1666666666667
2025-02-18 06:00:00,161.13,2890.9818957219727,454.1666666666667,454.1666666666667
2025-02-18 07:00:00,190.59,2890.931843229795,454.1666666666667,454.1666666666667
2025-02-18 08:00:00,190.83,2893.164184380944,454.1666666666667,454.1666666666667
2025-02-18 09:00:00,160.06,2895.836987463261,454.1666666666667,454.1666666666667
2025-02-18 10:00:00,147.96,2892.6336279638545,454.1666666666667,454.1666666666667
2025-02-18 11:00:00,137.04,2891.9328930733595,454.1666666666667,454.1666666666667
2025-02-18 12:00:00,132.61,2891.0619797094582,454.1666666666667,454.1666666666667
2025-02-18 13:00:00,133.02,2891.682630612468,454.1666666666667,454.1666666666667
2025-02-18 14:00:00,140.78,2892.363344506092,454.1666666666667,454.1666666666667
2025-02-18 15:00:00,152.89,2892.213187029557,454.1666666666667,454.1666666666667
2025-02-18 16:00:00,162.25,2892.613606966983,454.1666666666667,454.1666666666667
2025-02-18 17:00:00,176.02,2892.48347048732,454.1666666666667,454.1666666666667
2025-02-18 18:00:00,177.79,2891.2822106750423,454.1666666666667,454.1666666666667
2025-02-18 19:00:00,175.07,2889.880740894052,454.1666666666667,454.1666666666667
2025-02-18 20:00:00,167.5,2891.732683104646,454.1666666666667,454.1666666666667
2025-02-18 21:00:00,158.51,2892.0129770608446,454.1666666666667,454.1666666666667
2025-02-18 22:00:00,155.7,2894.9660740993595,454.1666666666667,454.1666666666667
2025-02-18 23:00:00,152.46,2895.5667040054987,454.1666666666667,454.1666666666667
2025-02-19 00:00:00,142.19,2896.387564877221,454.1666666666667,454.1666666666667
2025-02-19 01:00:00,138.13,2895.7869349710822,454.1666666666667,454.1666666666667
2025-02-19 02:00:00,136.74,2895.917071450746,454.1666666666667,454.1666666666667
2025-02-19 03:00:00,134.5,2897.3685937239143,454.1666666666667,454.1666666666667
2025-02-19 04:00:00,134.61,2896.767963817776,454.1666666666667,454.1666666666667
2025-02-19 05:00:00,143.62,2894.9860950962307,454.1666666666667,454.1666666666667
2025-02-19 06:00:00,156.99,2893.434467838706,454.1666666666667,454.1666666666667
2025-02-19 07:00:00,166.27,2889.3101424832207,454.1666666666667,454.1666666666667
2025-02-19 08:00:00,168.9,2893.184205377815,454.1666666666667,454.1666666666667
2025-02-19 09:00:00,154.7,2894.6357276509834,454.1666666666667,454.1666666666667
2025-02-19 10:00:00,151.7,2890.6115072798543,454.1666666666667,454.1666666666667
2025-02-19 11:00:00,148.36,2889.3601949753984,454.1666666666667,454.1666666666667
2025-02-19 12:00:00,145.09,2890.561454787676,454.1666666666667,454.1666666666667
2025-02-19 13:00:00,144.16,2893.1341528856365,454.1666666666667,454.1666666666667
2025-02-19 14:00:00,145.02,2892.9839954091017,454.1666666666667,454.1666666666667
2025-02-19 15:00:00,151.19,2891.9328930733595,454.1666666666667,454.1666666666667
2025-02-19 16:00:00,157.13,2890.631528276725,454.1666666666667,454.1666666666667
2025-02-19 17:00:00,161.12,2890.1610348502504,454.1666666666667,454.1666666666667
2025-02-19 18:00:00,168.0,2890.561454787676,454.1666666666667,454.1666666666667
2025-02-19 19:00:00,168.07,2891.682630612468,454.1666666666667,454.1666666666667
2025-02-19 20:00:00,161.18,2892.7337329482107,454.1666666666667,454.1666666666667
2025-02-19 21:00:00,152.22,2894.215286716686,454.1666666666667,454.1666666666667
2025-02-19 22:00:00,151.49,2895.1162315758943,454.1666666666667,454.1666666666667
2025-02-19 23:00:00,149.56,2896.0371974319737,454.1666666666667,454.1666666666667
2025-02-20 00:00:00,142.89,2896.617806341241,454.1666666666667,454.1666666666667
2025-02-20 01:00:00,139.25,2898.019276122231,454.1666666666667,454.1666666666667
2025-02-20 02:00:00,134.07,2896.98819478336,454.1666666666667,454.1666666666667
2025-02-20 03:00:00,133.6,2896.98819478336,454.1666666666667,454.1666666666667
2025-02-20 04:00:00,134.91,2896.9681737864885,454.1666666666667,454.1666666666667
2025-02-20 05:00:00,142.93,2894.8659691150037,454.1666666666667,454.1666666666667
2025-02-20 06:00:00,150.29,2893.3844153465275,454.1666666666667,454.1666666666667
2025-02-20 07:00:00,164.32,2892.9639744122305,454.1666666666667,454.1666666666667
2025-02-20 08:00:00,163.93,2892.313292013914,454.1666666666667,454.1666666666667
2025-02-20 09:00:00,150.11,2892.133103042072,454.1666666666667,454.1666666666667
2025-02-20 10:00:00,147.8,2900.0914492984098,454.1666666666667,454.1666666666667
2025-02-20 11:00:00,142.32,2898.790084501776,454.1666666666667,454.1666666666667
2025-02-20 12:00:00,131.94,2903.795333719598,454.1666666666667,454.1666666666667
2025-02-20 13:00:00,130.28,2891.882840581181,454.1666666666667,454.1666666666667
2025-02-20 14:00:00,138.02,2883.273811926527,454.1666666666667,454.1666666666667
2025-02-20 15:00:00,148.51,2873.913995889199,454.1666666666667,454.1666666666667
2025-02-20 16:00:00,155.99,2884.174756785734,454.1666666666667,454.1666666666667
2025-02-20 17:00:00,157.2,2888.5293236052403,454.1666666666667,454.1666666666667
2025-02-20 18:00:00,161.91,2889.710562420646,454.1666666666667,454.1666666666667
2025-02-20 19:00:00,158.49,2892.7337329482107,454.1666666666667,454.1666666666667
2025-02-20 20:00:00,154.7,2895.136252572765,454.1666666666667,454.1666666666667
2025-02-20 21:00:00,148.04,2898.089349611281,454.1666666666667,454.1666666666667
2025-02-20 22:00:00,148.21,2900.742131696726,454.1666666666667,454.1666666666667
2025-02-20 23:00:00,145.03,2902.3237904495586,454.1666666666667,454.1666666666667
2025-02-21 00:00:00,144.4,2930.973836972373,454.1666666666667,454.1666666666667
2025-02-21 01:00:00,140.57,2966.861473864159,454.1666666666667,454.1666666666667
2025-02-21 02:00:00,138.55,2968.292975140456,454.1666666666667,454.1666666666667
2025-02-21 03:00:00,137.96,2967.692345234317,454.1666666666667,454.1666666666667
2025-02-21 04:00:00,137.4,2968.1628386607927,454.1666666666667,454.1666666666667
2025-02-21 05:00:00,143.3,2967.11173632505,454.1666666666667,454.1666666666667
2025-02-21 06:00:00,153.8,2964.9895106566933,454.1666666666667,454.1666666666667
2025-02-21 07:00:00,155.0,2964.1085867943566,454.1666666666667,454.1666666666667
2025-02-21 08:00:00,149.69,2966.210791465842,454.1666666666667,454.1666666666667
2025-02-21 09:00:00,147.11,2966.461053926733,454.1666666666667,454.1666666666667
2025-02-21 10:00:00,147.11,2966.461053926733,454.1666666666667,454.1666666666667
2025-02-21 11:00:00,142.3,2966.461053926733,454.1666666666667,454.1666666666667
2025-02-21 12:00:00,130.0,2962.887305985208,454.1666666666667,454.1666666666667
2025-02-21 13:00:00,130.07,2957.6818467986727,454.1666666666667,454.1666666666667
2025-02-21 14:00:00,134.38,2954.6286447758016,454.1666666666667,454.1666666666667
2025-02-21 15:00:00,141.92,2951.875757705999,454.1666666666667,454.1666666666667
2025-02-21 16:00:00,144.67,2948.572293222236,454.1666666666667,454.1666666666667
2025-02-21 17:00:00,151.59,2951.1449913201973,454.1666666666667,454.1666666666667
2025-02-21 18:00:00,154.77,2953.1771225026328,454.1666666666667,454.1666666666667
2025-02-21 19:00:00,151.59,2955.3293796662965,454.1666666666667,454.1666666666667
2025-02-21 20:00:00,147.03,2958.2524452095045,454.1666666666667,454.1666666666667
2025-02-21 21:00:00,146.26,2960.3346288841185,454.1666666666667,454.1666666666667
2025-02-21 22:00:00,146.75,2963.437883399168,454.1666666666667,454.1666666666667
2025-02-21 23:00:00,141.92,2963.958429317822,454.1666666666667,454.1666666666667
2025-02-22 00:00:00,140.36,2963.257694427327,454.1666666666667,454.1666666666667
2025-02-22 01:00:00,131.18,2964.8393531801585,454.1666666666667,454.1666666666667
2025-02-22 02:00:00,129.33,2965.039563148872,454.1666666666667,454.1666666666667
2025-02-22 03:00:00,128.11,2965.9104765127727,454.1666666666667,454.1666666666667
2025-02-22 04:00:00,124.12,2966.1106864814856,454.1666666666667,454.1666666666667
2025-02-22 05:00:00,129.72,2965.7402980393667,454.1666666666667,454.1666666666667
2025-02-22 06:00:00,132.05,2965.2397731175847,454.1666666666667,454.1666666666667
2025-02-22 07:00:00,139.63,2965.2097416222773,454.1666666666667,454.1666666666667
2025-02-22 08:00:00,139.19,2967.0616838328715,454.1666666666667,454.1666666666667
2025-02-22 09:00:00,133.21,2966.9916103438222,454.1666666666667,454.1666666666667
2025-02-22 10:00:00,124.28,2965.4099515909907,454.1666666666667,454.1666666666667
2025-02-22 11:00:00,120.11,2962.386781063426,454.1666666666667,454.1666666666667
2025-02-22 12:00:00,108.13,2959.303547545247,454.1666666666667,454.1666666666667
2025-02-22 13:00:00,105.01,2956.530639478573,454.1666666666667,454.1666666666667
2025-02-22 14:00:00,90.08,2952.8467760542567,454.1666666666667,454.1666666666667
2025-02-22 15:00:00,116.42,2951.425285276395,454.1666666666667,454.1666666666667
2025-02-22 16:00:00,123.85,2952.075967674712,454.1666666666667,454.1666666666667
2025-02-22 17:00:00,144.08,2950.394203937524,454.1666666666667,454.1666666666667
2025-02-22 18:00:00,147.49,2952.025915182533,454.1666666666667,454.1666666666667
2025-02-22 19:00:00,147.15,2952.4263351199597,454.1666666666667,454.1666666666667
2025-02-22 20:00:00,144.09,2951.975862690356,454.1666666666667,454.1666666666667
2025-02-22 21:00:00,142.2,2953.9479308821774,454.1666666666667,454.1666666666667
2025-02-22 22:00:00,141.37,2955.2492956788114,454.1666666666667,454.1666666666667
2025-02-22 23:00:00,137.88,2956.080167048969,454.1666666666667,454.1666666666667
2025-02-23 00:00:00,125.12,2956.350450506732,454.1666666666667,454.1666666666667
2025-02-23 01:00:00,124.9,2959.553810006138,454.1666666666667,454.1666666666667
2025-02-23 02:00:00,124.67,2960.184471407584,454.1666666666667,454.1666666666667
2025-02-23 03:00:00,122.15,2959.8841564545146,454.1666666666667,454.1666666666667
2025-02-23 04:00:00,120.45,2959.1533900687127,454.1666666666667,454.1666666666667
2025-02-23 05:00:00,120.42,2958.983211595307,454.1666666666667,454.1666666666667
2025-02-23 06:00:00,117.45,2957.381531845604,454.1666666666667,454.1666666666667
2025-02-23 07:00:00,117.33,2958.8831066109506,454.1666666666667,454.1666666666667
2025-02-23 08:00:00,115.8,2963.057484458613,454.1666666666667,454.1666666666667
2025-02-23 09:00:00,116.78,2959.583841501445,454.1666666666667,454.1666666666667
2025-02-23 10:00:00,120.35,2958.052235240792,454.1666666666667,454.1666666666667
2025-02-23 11:00:00,108.14,2956.600712967623,454.1666666666667,454.1666666666667
2025-02-23 12:00:00,106.4,2955.079117205405,454.1666666666667,454.1666666666667
2025-02-23 13:00:00,95.77,2955.379432158474,454.1666666666667,454.1666666666667
2025-02-23 14:00:00,104.31,2955.799873092772,454.1666666666667,454.1666666666667
2025-02-23 15:00:00,115.35,2955.9500305693064,454.1666666666667,454.1666666666667
2025-02-23 16:00:00,134.06,2955.7798520959,454.1666666666667,454.1666666666667
2025-02-23 17:00:00,146.9,2956.1502405380197,454.1666666666667,454.1666666666667
2025-02-23 18:00:00,152.46,2955.699768108415,454.1666666666667,454.1666666666667
2025-02-23 19:00:00,153.19,2955.0991382022767,454.1666666666667,454.1666666666667
2025-02-23 20:00:00,147.6,2956.9010279206927,454.1666666666667,454.1666666666667
2025-02-23 21:00:00,142.1,2958.332529196989,454.1666666666667,454.1666666666667
2025-02-23 22:00:00,141.99,2960.5348388528314,454.1666666666667,454.1666666666667
2025-02-23 23:00:00,130.63,2961.085416266792,454.1666666666667,454.1666666666667
2025-02-24 00:00:00,122.71,2962.286676079069,454.1666666666667,454.1666666666667
2025-02-24 01:00:00,121.06,2962.106487107228,454.1666666666667,454.1666666666667
2025-02-24 02:00:00,119.44,2961.555909693267,454.1666666666667,454.1666666666667
2025-02-24 03:00:00,119.64,2960.3346288841185,454.1666666666667,454.1666666666667
2025-02-24 04:00:00,120.52,2959.9342089466927,454.1666666666667,454.1666666666667
2025-02-24 05:00:00,124.17,2958.853075115643,454.1666666666667,454.1666666666667
2025-02-24 06:00:00,148.5,2960.0543349279205,454.1666666666667,454.1666666666667
2025-02-24 07:00:00,157.99,2963.357799411683,454.1666666666667,454.1666666666667
2025-02-24 08:00:00,161.67,2961.3857312198616,454.1666666666667,454.1666666666667
2025-02-24 09:00:00,151.66,2958.8831066109506,454.1666666666667,454.1666666666667
2025-02-24 10:00:00,146.6,2958.432634181346,454.1666666666667,454.1666666666667
2025-02-24 11:00:00,143.54,2958.732949134416,454.1666666666667,454.1666666666667
2025-02-24 12:00:00,138.29,2956.580691970752,454.1666666666667,454.1666666666667
2025-02-24 13:00:00,139.61,2954.498508296138,454.1666666666667,454.1666666666667
2025-02-24 14:00:00,142.01,2954.228224838376,454.1666666666667,454.1666666666667
2025-02-24 15:00:00,148.46,2951.245096304553,454.1666666666667,454.1666666666667
2025-02-24 16:00:00,156.04,2950.244046460989,454.1666666666667,454.1666666666667
2025-02-24 17:00:00,161.61,2950.394203937524,454.1666666666667,454.1666666666667
2025-02-24 18:00:00,166.04,2951.1449913201973,454.1666666666667,454.1666666666667
2025-02-24 19:00:00,163.12,2953.497458452573,454.1666666666667,454.1666666666667
2025-02-24 20:00:00,155.04,2954.1481408508903,454.1666666666667,454.1666666666667
2025-02-24 21:00:00,147.29,2955.8499255849497,454.1666666666667,454.1666666666667
2025-02-24 22:00:00,143.55,2958.582791657881,454.1666666666667,454.1666666666667
2025-02-24 23:00:00,137.89,2959.1533900687127,454.1666666666667,454.1666666666667
2025-02-25 00:00:00,131.99,2959.703967482673,454.1666666666667,454.1666666666667
2025-02-25 01:00:00,126.26,2957.701867795544,454.1666666666667,454.1666666666667
2025-02-25 02:00:00,120.75,2957.3515003502966,454.1666666666667,454.1666666666667
2025-02-25 03:00:00,123.14,2960.5048073575244,454.1666666666667,454.1666666666667
2025-02-25 04:00:00,124.02,2959.6539149904947,454.1666666666667,454.1666666666667
2025-02-25 05:00:00,131.81,2957.7519202877224,454.1666666666667,454.1666666666667
2025-02-25 06:00:00,145.69,2957.201342873762,454.1666666666667,454.1666666666667
2025-02-25 07:00:00,161.35,2956.0501355536626,454.1666666666667,454.1666666666667
2025-02-25 08:00:00,164.71,2955.749820600593,454.1666666666667,454.1666666666667
2025-02-25 09:00:00,150.7,2959.1533900687127,454.1666666666667,454.1666666666667
2025-02-25 10:00:00,146.73,2958.0822667360985,454.1666666666667,454.1666666666667
2025-02-25 11:00:00,144.41,2954.6286447758016,454.1666666666667,454.1666666666667
2025-02-25 12:00:00,135.41,2772.157279290872,454.1666666666667,454.1666666666667
2025-02-25 13:00:00,135.61,2955.54961063188,454.1666666666667,454.1666666666667
2025-02-25 14:00:00,139.35,2954.3984033117817,454.1666666666667,454.1666666666667
2025-02-25 15:00:00,148.98,2953.2471959916825,454.1666666666667,454.1666666666667
2025-02-25 16:00:00,168.96,2958.4826866735243,454.1666666666667,454.1666666666667
2025-02-25 17:00:00,181.08,2953.497458452573,454.1666666666667,454.1666666666667
2025-02-25 18:00:00,187.5,2954.2982983274246,454.1666666666667,454.1666666666667
2025-02-25 19:00:00,187.24,2955.9800620646133,454.1666666666667,454.1666666666667
2025-02-25 20:00:00,160.05,2959.8841564545146,454.1666666666667,454.1666666666667
2025-02-25 21:00:00,145.51,2960.404702373168,454.1666666666667,454.1666666666667
2025-02-25 22:00:00,137.61,2961.806172154158,454.1666666666667,454.1666666666667
2025-02-25 23:00:00,129.48,2961.255594740198,454.1666666666667,454.1666666666667
2025-02-26 00:00:00,124.81,2960.3346288841185,454.1666666666667,454.1666666666667
2025-02-26 01:00:00,122.27,2963.1575894429707,454.1666666666667,454.1666666666667
2025-02-26 02:00:00,120.24,2962.937358477386,454.1666666666667,454.1666666666667
2025-02-26 03:00:00,118.77,2962.637043524317,454.1666666666667,454.1666666666667
2025-02-26 04:00:00,118.79,2963.507956888218,454.1666666666667,454.1666666666667
2025-02-26 05:00:00,125.75,2960.4847863606533,454.1666666666667,454.1666666666667
2025-02-26 06:00:00,146.94,2961.455804708911,454.1666666666667,454.1666666666667
2025-02-26 07:00:00,168.21,2963.137568446099,454.1666666666667,454.1666666666667
2025-02-26 08:00:00,181.13,2964.7592691926734,454.1666666666667,454.1666666666667
2025-02-26 09:00:00,162.73,2964.1085867943566,454.1666666666667,454.1666666666667
2025-02-26 10:00:00,148.98,2969.864623394852,454.1666666666667,454.1666666666667
2025-02-26 11:00:00,142.05,2971.246072178971,454.1666666666667,454.1666666666667
2025-02-26 12:00:00,135.62,2963.6581143647527,454.1666666666667,454.1666666666667
2025-02-26 13:00:00,133.5,2960.434733868475,454.1666666666667,454.1666666666667
2025-02-26 14:00:00,136.36,2960.58489134501,454.1666666666667,454.1666666666667
2025-02-26 15:00:00,145.06,2959.333579040554,454.1666666666667,454.1666666666667
2025-02-26 16:00:00,151.4,2961.505857201089,454.1666666666667,454.1666666666667
2025-02-26 17:00:00,167.87,2960.5048073575244,454.1666666666667,454.1666666666667
2025-02-26 18:00:00,174.43,2960.755069818416,454.1666666666667,454.1666666666667
2025-02-26 19:00:00,169.03,2962.3066970759405,454.1666666666667,454.1666666666667
2025-02-26 20:00:00,153.67,2962.83725349303,454.1666666666667,454.1666666666667
2025-02-26 21:00:00,142.98,2965.790350531545,454.1666666666667,454.1666666666667
2025-02-26 22:00:00,138.05,2968.0927651717434,454.1666666666667,454.1666666666667
2025-02-26 23:00:00,131.39,2969.143867507486,454.1666666666667,454.1666666666667
2025-02-27 00:00:00,121.01,2970.665463269704,454.1666666666667,454.1666666666667
2025-02-27 01:00:00,119.98,2970.8656732384165,454.1666666666667,454.1666666666667
2025-02-27 02:00:00,117.44,2969.544287444912,454.1666666666667,454.1666666666667
2025-02-27 03:00:00,116.6,2970.5953897806544,454.1666666666667,454.1666666666667
2025-02-27 04:00:00,116.08,2971.3161456680205,454.1666666666667,454.1666666666667
2025-02-27 05:00:00,122.16,2968.993710030951,454.1666666666667,454.1666666666667
2025-02-27 06:00:00,143.03,2965.6401930550105,454.1666666666667,454.1666666666667
2025-02-27 07:00:00,153.09,2966.611211403268,454.1666666666667,454.1666666666667
2025-02-27 08:00:00,157.51,2967.9926601873867,454.1666666666667,454.1666666666667
2025-02-27 09:00:00,145.09,2970.4652533009908,454.1666666666667,454.1666666666667
2025-02-27 10:00:00,132.93,2965.840403023723,454.1666666666667,454.1666666666667
2025-02-27 11:00:00,124.51,2964.208691778713,454.1666666666667,454.1666666666667
2025-02-27 12:00:00,120.8,2960.5048073575244,454.1666666666667,454.1666666666667
2025-02-27 13:00:00,119.61,2955.299348170989,454.1666666666667,454.1666666666667
2025-02-27 14:00:00,121.07,2959.233474056198,454.1666666666667,454.1666666666667
2025-02-27 15:00:00,131.97,2959.8841564545146,454.1666666666667,454.1666666666667
2025-02-27 16:00:00,145.28,2959.3836315327326,454.1666666666667,454.1666666666667
2025-02-27 17:00:00,159.53,2961.736098665109,454.1666666666667,454.1666666666667
2025-02-27 18:00:00,170.72,2961.305647232376,454.1666666666667,454.1666666666667
2025-02-27 19:00:00,163.94,2962.5869910321385,454.1666666666667,454.1666666666667
2025-02-27 20:00:00,152.5,2963.307746919505,454.1666666666667,454.1666666666667
2025-02-27 21:00:00,141.85,2963.007431966436,454.1666666666667,454.1666666666667
2025-02-27 22:00:00,140.01,2965.810371528416,454.1666666666667,454.1666666666667
2025-02-27 23:00:00,129.91,2966.9615788485157,454.1666666666667,454.1666666666667
2025-02-28 00:00:00,126.01,2967.141767820357,454.1666666666667,454.1666666666667
2025-02-28 01:00:00,121.08,2967.762418723367,454.1666666666667,454.1666666666667
2025-02-28 02:00:00,120.76,2967.0416628360003,454.1666666666667,454.1666666666667
2025-02-28 03:00:00,119.14,2967.692345234317,454.1666666666667,454.1666666666667
2025-02-28 04:00:00,119.15,2967.392030281248,454.1666666666667,454.1666666666667
2025-02-28 05:00:00,121.43,2965.810371528416,454.1666666666667,454.1666666666667
2025-02-28 06:00:00,141.46,2965.339878101941,454.1666666666667,454.1666666666667
2025-02-28 07:00:00,156.46,2964.5590592239605,454.1666666666667,454.1666666666667
2025-02-28 08:00:00,159.33,2965.8604240205946,454.1666666666667,454.1666666666667
2025-02-28 09:00:00,143.96,2965.339878101941,454.1666666666667,454.1666666666667
2025-02-28 10:00:00,131.72,2964.0084818100004,454.1666666666667,454.1666666666667
2025-02-28 11:00:00,126.83,2963.68814586006,454.1666666666667,454.1666666666667
2025-02-28 12:00:00,120.67,2960.634943837188,454.1666666666667,454.1666666666667
2025-02-28 13:00:00,117.65,2960.4847863606533,454.1666666666667,454.1666666666667
2025-02-28 14:00:00,119.22,2961.585941188574,454.1666666666667,454.1666666666667
2025-02-28 15:00:00,128.59,2962.4868860477823,454.1666666666667,454.1666666666667
2025-02-28 16:00:00,142.84,2963.237673430456,454.1666666666667,454.1666666666667
2025-02-28 17:00:00,150.44,2963.2076419351483,454.1666666666667,454.1666666666667
2025-02-28 18:00:00,165.17,2964.058534302178,454.1666666666667,454.1666666666667
2025-02-28 19:00:00,158.56,2964.058534302178,454.1666666666667,454.1666666666667
2025-02-28 20:00:00,145.8,2965.189720625406,454.1666666666667,454.1666666666667
2025-02-28 21:00:00,136.37,2965.690245547188,454.1666666666667,454.1666666666667
2025-02-28 22:00:00,128.34,2967.2118413094063,454.1666666666667,454.1666666666667
2025-02-28 23:00:00,120.7,2967.392030281248,454.1666666666667,454.1666666666667
2025-03-01 00:00:00,132.99,2967.4621037702973,433.33333333333337,433.33333333333337
2025-03-01 01:00:00,123.69,2967.792450218674,433.33333333333337,433.33333333333337
2025-03-01 02:00:00,122.58,2967.7123662311888,433.33333333333337,433.33333333333337
2025-03-01 03:00:00,119.07,2967.4921352656047,433.33333333333337,433.33333333333337
2025-03-01 04:00:00,118.98,2968.463153613862,433.33333333333337,433.33333333333337
2025-03-01 05:00:00,119.54,2968.6933950778816,433.33333333333337,433.33333333333337
2025-03-01 06:00:00,128.33,2967.41205127812,433.33333333333337,433.33333333333337
2025-03-01 07:00:00,138.53,2967.291925296892,433.33333333333337,433.33333333333337
2025-03-01 08:00:00,138.0,2967.612261246832,433.33333333333337,433.33333333333337
2025-03-01 09:00:00,136.24,2967.762418723367,433.33333333333337,433.33333333333337
2025-03-01 10:00:00,120.15,2968.9436575387726,433.33333333333337,433.33333333333337
2025-03-01 11:00:00,117.39,2968.312996137327,433.33333333333337,433.33333333333337
2025-03-01 12:00:00,111.9,2966.6912953907527,433.33333333333337,433.33333333333337
2025-03-01 13:00:00,105.08,2966.411001434555,433.33333333333337,433.33333333333337
2025-03-01 14:00:00,109.38,2964.0084818100004,433.33333333333337,433.33333333333337
2025-03-01 15:00:00,117.91,2963.6581143647527,433.33333333333337,433.33333333333337
2025-03-01 16:00:00,131.14,2962.5069070446534,433.33333333333337,433.33333333333337
2025-03-01 17:00:00,143.03,2962.887305985208,433.33333333333337,433.33333333333337
2025-03-01 18:00:00,151.52,2963.357799411683,433.33333333333337,433.33333333333337
2025-03-01 19:00:00,149.9,2964.358849255248,433.33333333333337,433.33333333333337
2025-03-01 20:00:00,140.01,2965.2397731175847,433.33333333333337,433.33333333333337
2025-03-01 21:00:00,132.26,2966.290875453327,433.33333333333337,433.33333333333337
2025-03-01 22:00:00,128.32,2965.840403023723,433.33333333333337,433.33333333333337
2025-03-01 23:00:00,123.44,2967.34197778907,433.33333333333337,433.33333333333337
2025-03-02 00:00:00,119.68,2966.911526356337,433.33333333333337,433.33333333333337
2025-03-02 01:00:00,115.89,2967.0616838328715,433.33333333333337,433.33333333333337
2025-03-02 02:00:00,114.81,2968.062733676436,433.33333333333337,433.33333333333337
2025-03-02 03:00:00,112.3,2968.643342585704,433.33333333333337,433.33333333333337
2025-03-02 04:00:00,111.58,2966.561158911089,433.33333333333337,433.33333333333337
2025-03-02 05:00:00,112.39,2967.161788817228,433.33333333333337,433.33333333333337
2025-03-02 06:00:00,115.98,2966.411001434555,433.33333333333337,433.33333333333337
2025-03-02 07:00:00,117.09,2967.392030281248,433.33333333333337,433.33333333333337
2025-03-02 08:00:00,110.93,2966.160738973664,433.33333333333337,433.33333333333337
2025-03-02 09:00:00,101.23,2967.191820312535,433.33333333333337,433.33333333333337
2025-03-02 10:00:00,91.42,2967.0616838328715,433.33333333333337,433.33333333333337
2025-03-02 11:00:00,68.29,2968.142817663921,433.33333333333337,433.33333333333337
2025-03-02 12:00:00,69.66,2962.106487107228,433.33333333333337,433.33333333333337
2025-03-02 13:00:00,20.11,2965.590140562832,433.33333333333337,433.33333333333337
2025-03-02 14:00:00,34.72,2965.3899305941195,433.33333333333337,433.33333333333337
2025-03-02 15:00:00,81.08,2962.286676079069,433.33333333333337,433.33333333333337
2025-03-02 16:00:00,99.62,2961.185521251148,433.33333333333337,433.33333333333337
2025-03-02 17:00:00,131.77,2961.055384771485,433.33333333333337,433.33333333333337
2025-03-02 18:00:00,143.99,2962.036413618178,433.33333333333337,433.33333333333337
2025-03-02 19:00:00,141.79,2963.908376825644,433.33333333333337,433.33333333333337
2025-03-02 20:00:00,134.0,2965.610161559703,433.33333333333337,433.33333333333337
2025-03-02 21:00:00,127.9,2966.911526356337,433.33333333333337,433.33333333333337
2025-03-02 22:00:00,122.08,2970.094864858872,433.33333333333337,433.33333333333337
2025-03-02 23:00:00,117.09,2969.4141509652486,433.33333333333337,433.33333333333337
2025-03-03 00:00:00,112.17,2970.565358285347,433.33333333333337,433.33333333333337
2025-03-03 01:00:00,105.79,2970.064833363565,433.33333333333337,433.33333333333337
2025-03-03 02:00:00,107.06,2971.496334639862,433.33333333333337,433.33333333333337
2025-03-03 03:00:00,102.08,2971.145967194615,433.33333333333337,433.33333333333337
2025-03-03 04:00:00,106.34,2972.1470170381795,433.33333333333337,433.33333333333337
2025-03-03 05:00:00,116.4,2971.165988191486,433.33333333333337,433.33333333333337
2025-03-03 06:00:00,137.1,2969.614360933961,433.33333333333337,433.33333333333337
2025-03-03 07:00:00,145.98,2970.5153057931693,433.33333333333337,433.33333333333337
2025-03-03 08:00:00,144.5,2970.5153057931693,433.33333333333337,433.33333333333337
2025-03-03 09:00:00,135.81,2969.2940249840203,433.33333333333337,433.33333333333337
2025-03-03 10:00:00,120.53,2969.2139409965357,433.33333333333337,433.33333333333337
2025-03-03 11:00:00,115.04,2967.392030281248,433.33333333333337,433.33333333333337
2025-03-03 12:00:00,99.41,2965.760319036238,433.33333333333337,433.33333333333337
2025-03-03 13:00:00,98.31,2961.736098665109,433.33333333333337,433.33333333333337
2025-03-03 14:00:00,99.55,2959.8841564545146,433.33333333333337,433.33333333333337
2025-03-03 15:00:00,116.05,2957.6818467986727,433.33333333333337,433.33333333333337
2025-03-03 16:00:00,129.4,2955.879957080257,433.33333333333337,433.33333333333337
2025-03-03 17:00:00,148.05,2955.6296946193656,433.33333333333337,433.33333333333337
2025-03-03 18:00:00,159.08,2954.5285397914445,433.33333333333337,433.33333333333337
2025-03-03 19:00:00,163.61,2956.100188045841,433.33333333333337,433.33333333333337
2025-03-03 20:00:00,148.8,2960.634943837188,433.33333333333337,433.33333333333337
2025-03-03 21:00:00,143.2,2964.6091117161386,433.33333333333337,433.33333333333337
2025-03-03 22:00:00,138.08,2967.792450218674,433.33333333333337,433.33333333333337
2025-03-03 23:00:00,128.31,2968.863573551288,433.33333333333337,433.33333333333337
2025-03-04 00:00:00,129.17,2969.9647283792087,433.33333333333337,433.33333333333337
2025-03-04 01:00:00,123.79,2969.59433993709,433.33333333333337,433.33333333333337
2025-03-04 02:00:00,119.72,2970.99580971808,433.33333333333337,433.33333333333337
2025-03-04 03:00:00,117.68,2970.8656732384165,433.33333333333337,433.33333333333337
2025-03-04 04:00:00,118.24,2970.99580971808,433.33333333333337,433.33333333333337
2025-03-04 05:00:00,130.75,2977.702843669962,433.33333333333337,433.33333333333337
2025-03-04 06:00:00,150.31,2979.074281955645,433.33333333333337,433.33333333333337
2025-03-04 07:00:00,167.98,2979.624859369605,433.33333333333337,433.33333333333337
2025-03-04 08:00:00,152.96,2981.6269590567344,433.33333333333337,433.33333333333337
2025-03-04 09:00:00,139.04,2977.903053638675,433.33333333333337,433.33333333333337
2025-03-04 10:00:00,121.3,2976.922024791982,433.33333333333337,433.33333333333337
2025-03-04 11:00:00,111.73,2975.420450026635,433.33333333333337,433.33333333333337
2025-03-04 12:00:00,100.29,2971.065883207129,433.33333333333337,433.33333333333337
2025-03-04 13:00:00,98.55,2966.411001434555,433.33333333333337,433.33333333333337
2025-03-04 14:00:00,106.53,2964.689195703624,433.33333333333337,433.33333333333337
2025-03-04 15:00:00,121.05,2960.58489134501,433.33333333333337,433.33333333333337
2025-03-04 16:00:00,138.19,2963.107536950792,433.33333333333337,433.33333333333337
2025-03-04 17:00:00,154.18,2958.0822667360985,433.33333333333337,433.33333333333337
2025-03-04 18:00:00,173.86,2960.3045973888115,433.33333333333337,433.33333333333337
2025-03-04 19:00:00,168.09,2962.5369385399604,433.33333333333337,433.33333333333337
2025-03-04 20:00:00,151.0,2960.35464988099,433.33333333333337,433.33333333333337
2025-03-04 21:00:00,143.79,2962.0063821228714,433.33333333333337,433.33333333333337
2025-03-04 22:00:00,138.18,2966.210791465842,433.33333333333337,433.33333333333337
2025-03-04 23:00:00,135.69,2967.361998785941,433.33333333333337,433.33333333333337
2025-03-05 00:00:00,128.03,2970.014780871387,433.33333333333337,433.33333333333337
2025-03-05 01:00:00,120.07,2969.66441342614,433.33333333333337,433.33333333333337
2025-03-05 02:00:00,119.81,2971.366198160199,433.33333333333337,433.33333333333337
2025-03-05 03:00:00,117.1,2971.6665131132686,433.33333333333337,433.33333333333337
2025-03-05 04:00:00,117.1,2973.0980143895654,433.33333333333337,433.33333333333337
2025-03-05 05:00:00,131.21,2968.963678535644,433.33333333333337,433.33333333333337
2025-03-05 06:00:00,145.49,2967.792450218674,433.33333333333337,433.33333333333337
2025-03-05 07:00:00,150.13,2968.463153613862,433.33333333333337,433.33333333333337
2025-03-05 08:00:00,147.54,2968.913626043466,433.33333333333337,433.33333333333337
2025-03-05 09:00:00,133.61,2970.1649383479216,433.33333333333337,433.33333333333337
2025-03-05 10:00:00,117.3,2969.7945499058023,433.33333333333337,433.33333333333337
2025-03-05 11:00:00,108.81,2963.007431966436,433.33333333333337,433.33333333333337
2025-03-05 12:00:00,102.83,2958.4026026860392,433.33333333333337,433.33333333333337
2025-03-05 13:00:00,99.35,2953.8478258978207,433.33333333333337,433.33333333333337
2025-03-05 14:00:00,100.47,2948.892629172177,433.33333333333337,433.33333333333337
2025-03-05 15:00:00,114.66,2945.1887447509885,433.33333333333337,433.33333333333337
2025-03-05 16:00:00,134.38,2945.3889547197014,433.33333333333337,433.33333333333337
2025-03-05 17:00:00,147.93,2944.3678838792657,433.33333333333337,433.33333333333337
2025-03-05 18:00:00,158.79,2946.239847086731,433.33333333333337,433.33333333333337
2025-03-05 19:00:00,155.32,2952.1960936559394,433.33333333333337,433.33333333333337
2025-03-05 20:00:00,145.87,2956.981111908178,433.33333333333337,433.33333333333337
2025-03-05 21:00:00,143.15,2960.404702373168,433.33333333333337,433.33333333333337
2025-03-05 22:00:00,136.87,2963.958429317822,433.33333333333337,433.33333333333337
2025-03-05 23:00:00,130.94,2967.0616838328715,433.33333333333337,433.33333333333337
2025-03-06 00:00:00,124.07,2969.0938150153074,433.33333333333337,433.33333333333337
2025-03-06 01:00:00,111.58,2968.963678535644,433.33333333333337,433.33333333333337
2025-03-06 02:00:00,109.18,2969.614360933961,433.33333333333337,433.33333333333337
2025-03-06 03:00:00,108.04,2970.1449173510505,433.33333333333337,433.33333333333337
2025-03-06 04:00:00,108.98,2969.36409847307,433.33333333333337,433.33333333333337
2025-03-06 05:00:00,124.03,2966.19077046897,433.33333333333337,433.33333333333337
2025-03-06 06:00:00,141.65,2964.7592691926734,433.33333333333337,433.33333333333337
2025-03-06 07:00:00,143.89,2964.058534302178,433.33333333333337,433.33333333333337
2025-03-06 08:00:00,143.7,2964.659164208317,433.33333333333337,433.33333333333337
2025-03-06 09:00:00,123.4,2964.4589542396043,433.33333333333337,433.33333333333337
2025-03-06 10:00:00,112.37,2960.2845763919404,433.33333333333337,433.33333333333337
2025-03-06 11:00:00,99.0,2954.228224838376,433.33333333333337,433.33333333333337
2025-03-06 12:00:00,83.83,2949.0728181440186,433.33333333333337,433.33333333333337
2025-03-06 13:00:00,60.04,2940.213527028473,433.33333333333337,433.33333333333337
2025-03-06 14:00:00,85.08,2939.182445689601,433.33333333333337,433.33333333333337
2025-03-06 15:00:00,105.95,2938.261479833522,433.33333333333337,433.33333333333337
2025-03-06 16:00:00,116.4,2936.509642607284,433.33333333333337,433.33333333333337
2025-03-06 17:00:00,149.4,2936.8299785572253,433.33333333333337,433.33333333333337
2025-03-06 18:00:00,161.09,2940.3136320128297,433.33333333333337,433.33333333333337
2025-03-06 19:00:00,152.6,2945.1386922588104,433.33333333333337,433.33333333333337
2025-03-06 20:00:00,143.0,2950.8747078624347,433.33333333333337,433.33333333333337
2025-03-06 21:00:00,139.32,2955.079117205405,433.33333333333337,433.33333333333337
2025-03-06 22:00:00,133.59,2959.483736517089,433.33333333333337,433.33333333333337
2025-03-06 23:00:00,129.96,2961.085416266792,433.33333333333337,433.33333333333337
2025-03-07 00:00:00,113.03,2962.83725349303,433.33333333333337,433.33333333333337
2025-03-07 01:00:00,107.58,2964.9594791613863,433.33333333333337,433.33333333333337
2025-03-07 02:00:00,106.63,2965.94050800808,433.33333333333337,433.33333333333337
2025-03-07 03:00:00,104.74,2966.7113163876243,433.33333333333337,433.33333333333337
2025-03-07 04:00:00,107.81,2966.5911904063964,433.33333333333337,433.33333333333337
2025-03-07 05:00:00,123.19,2967.7123662311888,433.33333333333337,433.33333333333337
2025-03-07 06:00:00,145.83,2965.2898256097624,433.33333333333337,433.33333333333337
2025-03-07 07:00:00,150.07,2965.760319036238,433.33333333333337,433.33333333333337
2025-03-07 08:00:00,136.36,2966.3609489423766,433.33333333333337,433.33333333333337
2025-03-07 09:00:00,130.3,2968.963678535644,433.33333333333337,433.33333333333337
2025-03-07 10:00:00,113.25,2963.908376825644,433.33333333333337,433.33333333333337
2025-03-07 11:00:00,100.03,2958.582791657881,433.33333333333337,433.33333333333337
2025-03-07 12:00:00,15.49,2949.843626523563,433.33333333333337,433.33333333333337
2025-03-07 13:00:00,13.51,2947.821505839563,433.33333333333337,433.33333333333337
2025-03-07 14:00:00,36.9,2945.939532133661,433.33333333333337,433.33333333333337
2025-03-07 15:00:00,81.08,2946.790424500691,433.33333333333337,433.33333333333337
2025-03-07 16:00:00,125.24,2946.6202460272857,433.33333333333337,433.33333333333337
2025-03-07 17:00:00,155.02,2943.817306465305,433.33333333333337,433.33333333333337
2025-03-07 18:00:00,181.19,2945.2387972431666,433.33333333333337,433.33333333333337
2025-03-07 19:00:00,173.35,2949.3230806049096,433.33333333333337,433.33333333333337
2025-03-07 20:00:00,144.24,2954.979012221049,433.33333333333337,433.33333333333337
2025-03-07 21:00:00,130.38,2957.6818467986727,433.33333333333337,433.33333333333337
2025-03-07 22:00:00,125.34,2961.43578371204,433.33333333333337,433.33333333333337
2025-03-07 23:00:00,121.08,2964.038513305307,433.33333333333337,433.33333333333337
2025-03-08 00:00:00,122.54,2965.6401930550105,433.33333333333337,433.33333333333337
2025-03-08 01:00:00,119.06,2967.442082773426,433.33333333333337,433.33333333333337
2025-03-08 02:00:00,114.61,2966.891505359466,433.33333333333337,433.33333333333337
2025-03-08 03:00:00,115.06,2969.994759874516,433.33333333333337,433.33333333333337
2025-03-08 04:00:00,115.8,2969.844602397981,433.33333333333337,433.33333333333337
2025-03-08 05:00:00,120.43,2969.0637835200005,433.33333333333337,433.33333333333337
2025-03-08 06:00:00,129.73,2969.143867507486,433.33333333333337,433.33333333333337
2025-03-08 07:00:00,131.63,2968.963678535644,433.33333333333337,433.33333333333337
2025-03-08 08:00:00,118.58,2970.044812366694,433.33333333333337,433.33333333333337
2025-03-08 09:00:00,104.94,2968.292975140456,433.33333333333337,433.33333333333337
2025-03-08 10:00:00,75.31,2962.0063821228714,433.33333333333337,433.33333333333337
2025-03-08 11:00:00,20.8,2955.8999780771283,433.33333333333337,433.33333333333337
2025-03-08 12:00:00,11.98,2950.7245503859,433.33333333333337,433.33333333333337
2025-03-08 13:00:00,10.56,2946.269878582038,433.33333333333337,433.33333333333337
2025-03-08 14:00:00,20.6,2944.437957368315,433.33333333333337,433.33333333333337
2025-03-08 15:00:00,64.99,2945.268828738473,433.33333333333337,433.33333333333337
2025-03-08 16:00:00,109.44,2943.717201480949,433.33333333333337,433.33333333333337
2025-03-08 17:00:00,135.67,2943.086540079503,433.33333333333337,433.33333333333337
2025-03-08 18:00:00,148.56,2941.7651542859976,433.33333333333337,433.33333333333337
2025-03-08 19:00:00,140.05,2946.269878582038,433.33333333333337,433.33333333333337
2025-03-08 20:00:00,138.1,2949.6734480501573,433.33333333333337,433.33333333333337
2025-03-08 21:00:00,135.76,2951.7756527216425,433.33333333333337,433.33333333333337
2025-03-08 22:00:00,129.03,2956.63074446293,433.33333333333337,433.33333333333337
2025-03-08 23:00:00,120.52,2959.804072467029,433.33333333333337,433.33333333333337
2025-03-09 00:00:00,114.67,2963.0374634617424,433.33333333333337,433.33333333333337
2025-03-09 01:00:00,109.68,2964.038513305307,433.33333333333337,433.33333333333337
2025-03-09 02:00:00,107.84,2965.259794114456,433.33333333333337,433.33333333333337
2025-03-09 03:00:00,105.25,2965.790350531545,433.33333333333337,433.33333333333337
2025-03-09 04:00:00,104.87,2968.2429226482777,433.33333333333337,433.33333333333337
2025-03-09 05:00:00,106.19,2966.1407179767925,433.33333333333337,433.33333333333337
2025-03-09 06:00:00,108.43,2965.71026654406,433.33333333333337,433.33333333333337
2025-03-09 07:00:00,106.2,2967.11173632505,433.33333333333337,433.33333333333337
2025-03-09 08:00:00,101.06,2968.913626043466,433.33333333333337,433.33333333333337
2025-03-09 09:00:00,30.2,2965.3899305941195,433.33333333333337,433.33333333333337
2025-03-09 10:00:00,0.0,2961.1354687589705,433.33333333333337,433.33333333333337
2025-03-09 11:00:00,-0.15,2953.5775424400586,433.33333333333337,433.33333333333337
2025-03-09 12:00:00,-6.24,2949.6934690470284,433.33333333333337,433.33333333333337
2025-03-09 13:00:00,-6.5,2942.766204129562,433.33333333333337,433.33333333333337
2025-03-09 14:00:00,0.01,2940.213527028473,433.33333333333337,433.33333333333337
2025-03-09 15:00:00,16.28,2938.011217372631,433.33333333333337,433.33333333333337
2025-03-09 16:00:00,88.22,2936.9100625447104,433.33333333333337,433.33333333333337
2025-03-09 17:00:00,126.06,2937.931133385146,433.33333333333337,433.33333333333337
2025-03-09 18:00:00,143.51,2937.730923416433,433.33333333333337,433.33333333333337
2025-03-09 19:00:00,137.1,2942.315731699958,433.33333333333337,433.33333333333337
2025-03-09 20:00:00,130.09,2947.120770949068,433.33333333333337,433.33333333333337
2025-03-09 21:00:00,122.69,2951.195043812375,433.33333333333337,433.33333333333337
2025-03-09 22:00:00,110.68,2954.078067361841,433.33333333333337,433.33333333333337
2025-03-09 23:00:00,104.89,2955.299348170989,433.33333333333337,433.33333333333337
2025-03-10 00:00:00,105.83,2957.801972779901,433.33333333333337,433.33333333333337
2025-03-10 01:00:00,102.94,2959.4336840249107,433.33333333333337,433.33333333333337
2025-03-10 02:00:00,102.09,2960.0843664232275,433.33333333333337,433.33333333333337
2025-03-10 03:00:00,101.27,2959.103337576534,433.33333333333337,433.33333333333337
2025-03-10 04:00:00,102.62,2959.553810006138,433.33333333333337,433.33333333333337
2025-03-10 05:00:00,112.68,2958.2824767048114,433.33333333333337,433.33333333333337
2025-03-10 06:00:00,139.87,2954.078067361841,433.33333333333337,433.33333333333337
2025-03-10 07:00:00,156.53,2951.5454112576226,433.33333333333337,433.33333333333337
2025-03-10 08:00:00,139.99,2948.722450698771,433.33333333333337,433.33333333333337
2025-03-10 09:00:00,129.9,2948.672398206593,433.33333333333337,433.33333333333337
2025-03-10 10:00:00,126.09,2947.6413168677213,433.33333333333337,433.33333333333337
2025-03-10 11:00:00,112.85,2947.6713483630283,433.33333333333337,433.33333333333337
2025-03-10 12:00:00,107.32,2949.6434165548503,433.33333333333337,433.33333333333337
2025-03-10 13:00:00,104.67,2950.4242354328303,433.33333333333337,433.33333333333337
2025-03-10 14:00:00,103.79,2946.9906344694045,433.33333333333337,433.33333333333337
2025-03-10 15:00:00,107.92,2946.119721105504,433.33333333333337,433.33333333333337
2025-03-10 16:00:00,129.28,2944.6181463401567,433.33333333333337,433.33333333333337
2025-03-10 17:00:00,147.4,2944.217726402731,433.33333333333337,433.33333333333337
2025-03-10 18:00:00,171.32,2945.819406152434,433.33333333333337,433.33333333333337
2025-03-10 19:00:00,160.44,2946.069668613325,433.33333333333337,433.33333333333337
2025-03-10 20:00:00,142.64,2950.7245503859,433.33333333333337,433.33333333333337
2025-03-10 21:00:00,130.14,2954.5285397914445,433.33333333333337,433.33333333333337
2025-03-10 22:00:00,119.37,2958.002182748613,433.33333333333337,433.33333333333337
2025-03-10 23:00:00,109.33,2959.533789009267,433.33333333333337,433.33333333333337
2025-03-11 00:00:00,108.35,2963.8383033365944,433.33333333333337,433.33333333333337
2025-03-11 01:00:00,104.79,2964.5590592239605,433.33333333333337,433.33333333333337
2025-03-11 02:00:00,102.2,2963.4879358913468,433.33333333333337,433.33333333333337
2025-03-11 03:00:00,102.98,2964.3388282583765,433.33333333333337,433.33333333333337
2025-03-11 04:00:00,103.97,2964.5090067317824,433.33333333333337,433.33333333333337
2025-03-11 05:00:00,110.24,2964.0084818100004,433.33333333333337,433.33333333333337
2025-03-11 06:00:00,144.98,2962.406802060297,433.33333333333337,433.33333333333337
2025-03-11 07:00:00,164.38,2963.6581143647527,433.33333333333337,433.33333333333337
2025-03-11 08:00:00,145.1,2966.1407179767925,433.33333333333337,433.33333333333337
2025-03-11 09:00:00,127.91,2968.8435525544164,433.33333333333337,433.33333333333337
2025-03-11 10:00:00,110.72,2959.403652529604,433.33333333333337,433.33333333333337
2025-03-11 11:00:00,106.19,2956.580691970752,433.33333333333337,433.33333333333337
2025-03-11 12:00:00,101.9,2950.524340417187,433.33333333333337,433.33333333333337
2025-03-11 13:00:00,100.8,2948.372083253524,433.33333333333337,433.33333333333337
2025-03-11 14:00:00,100.61,2945.869458644612,433.33333333333337,433.33333333333337
2025-03-11 15:00:00,113.46,2944.217726402731,433.33333333333337,433.33333333333337
2025-03-11 16:00:00,137.81,2944.0175164340176,433.33333333333337,433.33333333333337
2025-03-11 17:00:00,161.49,2944.7182513245134,433.33333333333337,433.33333333333337
2025-03-11 18:00:00,183.23,2946.6202460272857,433.33333333333337,433.33333333333337
2025-03-11 19:00:00,174.35,2948.0417368051467,433.33333333333337,433.33333333333337
2025-03-11 20:00:00,144.06,2949.823605526692,433.33333333333337,433.33333333333337
2025-03-11 21:00:00,129.8,2951.1449913201973,433.33333333333337,433.33333333333337
2025-03-11 22:00:00,122.08,2954.748770757029,433.33333333333337,433.33333333333337
2025-03-11 23:00:00,110.03,2955.7297996037223,433.33333333333337,433.33333333333337
2025-03-12 00:00:00,108.06,2955.8999780771283,433.33333333333337,433.33333333333337
2025-03-12 01:00:00,103.17,2956.430534494217,433.33333333333337,433.33333333333337
2025-03-12 02:00:00,103.7,2958.732949134416,433.33333333333337,433.33333333333337
2025-03-12 03:00:00,99.83,2959.333579040554,433.33333333333337,433.33333333333337
2025-03-12 04:00:00,102.39,2958.2524452095045,433.33333333333337,433.33333333333337
2025-03-12 05:00:00,108.72,2954.248245835247,433.33333333333337,433.33333333333337
2025-03-12 06:00:00,143.21,2953.447405960395,433.33333333333337,433.33333333333337
2025-03-12 07:00:00,152.4,2953.447405960395,433.33333333333337,433.33333333333337
2025-03-12 08:00:00,147.27,2952.7466710699,433.33333333333337,433.33333333333337
2025-03-12 09:00:00,134.86,2951.7456212263355,433.33333333333337,433.33333333333337
2025-03-12 10:00:00,134.85,2961.6860461729307,433.33333333333337,433.33333333333337
2025-03-12 11:00:00,134.63,2962.7071170133663,433.33333333333337,433.33333333333337
2025-03-12 12:00:00,110.23,2956.981111908178,433.33333333333337,433.33333333333337
2025-03-12 13:00:00,112.27,2951.9458311950484,433.33333333333337,433.33333333333337
2025-03-12 14:00:00,110.06,2951.6455162419797,433.33333333333337,433.33333333333337
2025-03-12 15:00:00,131.61,2948.922660667484,433.33333333333337,433.33333333333337
2025-03-12 16:00:00,140.53,2949.9737630032264,433.33333333333337,433.33333333333337
2025-03-12 17:00:00,157.21,2952.1960936559394,433.33333333333337,433.33333333333337
2025-03-12 18:00:00,179.79,2952.696618577722,433.33333333333337,433.33333333333337
2025-03-12 19:00:00,174.37,2954.598613280494,433.33333333333337,433.33333333333337
2025-03-12 20:00:00,149.18,2956.480586986396,433.33333333333337,433.33333333333337
2025-03-12 21:00:00,134.75,2957.601762811188,433.33333333333337,433.33333333333337
2025-03-12 22:00:00,121.15,2959.954229943564,433.33333333333337,433.33333333333337
2025-03-12 23:00:00,110.51,2961.2355737433268,433.33333333333337,433.33333333333337
2025-03-13 00:00:00,108.75,2961.1554897558417,433.33333333333337,433.33333333333337
2025-03-13 01:00:00,103.74,2962.5369385399604,433.33333333333337,433.33333333333337
2025-03-13 02:00:00,102.38,2963.8583243334656,433.33333333333337,433.33333333333337
2025-03-13 03:00:00,101.24,2965.139668133228,433.33333333333337,433.33333333333337
2025-03-13 04:00:00,101.85,2963.337778414812,433.33333333333337,433.33333333333337
2025-03-13 05:00:00,107.29,2962.83725349303,433.33333333333337,433.33333333333337
2025-03-13 06:00:00,134.9,2962.136518602535,433.33333333333337,433.33333333333337
2025-03-13 07:00:00,148.32,2960.5048073575244,433.33333333333337,433.33333333333337
2025-03-13 08:00:00,143.93,2958.682896642237,433.33333333333337,433.33333333333337
2025-03-13 09:00:00,129.67,2942.666099145206,433.33333333333337,433.33333333333337
2025-03-13 10:00:00,115.09,2942.085490235939,433.33333333333337,433.33333333333337
2025-03-13 11:00:00,106.09,2940.063369551938,433.33333333333337,433.33333333333337
2025-03-13 12:00:00,103.93,2938.7620047553046,433.33333333333337,433.33333333333337
2025-03-13 13:00:00,104.07,2942.6360676499,433.33333333333337,433.33333333333337
2025-03-13 14:00:00,104.99,2954.8789072366926,433.33333333333337,433.33333333333337
2025-03-13 15:00:00,109.88,2956.480586986396,433.33333333333337,433.33333333333337
2025-03-13 16:00:00,123.0,2958.5327391657024,433.33333333333337,433.33333333333337
2025-03-13 17:00:00,143.06,2960.5048073575244,433.33333333333337,433.33333333333337
2025-03-13 18:00:00,158.69,2961.836203649465,433.33333333333337,433.33333333333337
2025-03-13 19:00:00,168.36,2963.187620938277,433.33333333333337,433.33333333333337
2025-03-13 20:00:00,145.5,2965.2898256097624,433.33333333333337,433.33333333333337
2025-03-13 21:00:00,132.01,2965.009531653565,433.33333333333337,433.33333333333337
2025-03-13 22:00:00,124.01,2967.5421877577824,433.33333333333337,433.33333333333337
2025-03-13 23:00:00,114.51,2967.141767820357,433.33333333333337,433.33333333333337
2025-03-14 00:00:00,114.35,2967.592240249961,433.33333333333337,433.33333333333337
2025-03-14 01:00:00,109.66,2967.512156262476,433.33333333333337,433.33333333333337
2025-03-14 02:00:00,107.95,2968.312996137327,433.33333333333337,433.33333333333337
2025-03-14 03:00:00,106.02,2968.813521059109,433.33333333333337,433.33333333333337
2025-03-14 04:00:00,107.44,2968.493185109169,433.33333333333337,433.33333333333337
2025-03-14 05:00:00,113.05,2967.261893801585,433.33333333333337,433.33333333333337
2025-03-14 06:00:00,140.82,2966.411001434555,433.33333333333337,433.33333333333337
2025-03-14 07:00:00,157.75,2965.590140562832,433.33333333333337,433.33333333333337
2025-03-14 08:00:00,160.13,2965.760319036238,433.33333333333337,433.33333333333337
2025-03-14 09:00:00,145.1,2964.308796763069,433.33333333333337,433.33333333333337
2025-03-14 10:00:00,131.09,2961.505857201089,433.33333333333337,433.33333333333337
2025-03-14 11:00:00,120.83,2962.5569595368315,433.33333333333337,433.33333333333337
2025-03-14 12:00:00,112.34,2964.288775766198,433.33333333333337,433.33333333333337
2025-03-14 13:00:00,110.65,2963.4078519038617,433.33333333333337,433.33333333333337
2025-03-14 14:00:00,113.3,2962.1865710947127,433.33333333333337,433.33333333333337
2025-03-14 15:00:00,119.77,2961.736098665109,433.33333333333337,433.33333333333337
2025-03-14 16:00:00,129.21,2961.8562246463366,433.33333333333337,433.33333333333337
2025-03-14 17:00:00,142.32,2963.45790439604,433.33333333333337,433.33333333333337
2025-03-14 18:00:00,159.03,2963.1575894429707,433.33333333333337,433.33333333333337
2025-03-14 19:00:00,156.5,2964.208691778713,433.33333333333337,433.33333333333337
2025-03-14 20:00:00,141.41,2964.7893006879804,433.33333333333337,433.33333333333337
2025-03-14 21:00:00,131.55,2966.7613688798024,433.33333333333337,433.33333333333337
2025-03-14 22:00:00,124.93,2968.8435525544164,433.33333333333337,433.33333333333337
2025-03-14 23:00:00,119.05,2969.3140459808915,433.33333333333337,433.33333333333337
2025-03-15 00:00:00,117.23,2968.312996137327,433.33333333333337,433.33333333333337
2025-03-15 01:00:00,111.29,2967.762418723367,433.33333333333337,433.33333333333337
2025-03-15 02:00:00,107.92,2968.413101121684,433.33333333333337,433.33333333333337
2025-03-15 03:00:00,106.36,2966.7113163876243,433.33333333333337,433.33333333333337
2025-03-15 04:00:00,107.1,2966.641242898575,433.33333333333337,433.33333333333337
2025-03-15 05:00:00,109.96,2965.490035578476,433.33333333333337,433.33333333333337
2025-03-15 06:00:00,121.92,2964.158639286535,433.33333333333337,433.33333333333337
2025-03-15 07:00:00,126.91,2963.8583243334656,433.33333333333337,433.33333333333337
2025-03-15 08:00:00,124.44,2962.206592091584,433.33333333333337,433.33333333333337
2025-03-15 09:00:00,119.27,2961.736098665109,433.33333333333337,433.33333333333337
2025-03-15 10:00:00,112.99,2961.806172154158,433.33333333333337,433.33333333333337
2025-03-15 11:00:00,109.51,2960.404702373168,433.33333333333337,433.33333333333337
2025-03-15 12:00:00,101.31,2960.985311282436,433.33333333333337,433.33333333333337
2025-03-15 13:00:00,89.25,2961.285626235505,433.33333333333337,433.33333333333337
2025-03-15 14:00:00,96.39,2960.404702373168,433.33333333333337,433.33333333333337
2025-03-15 15:00:00,107.31,2960.434733868475,433.33333333333337,433.33333333333337
2025-03-15 16:00:00,113.27,2961.4057522167327,433.33333333333337,433.33333333333337
2025-03-15 17:00:00,134.54,2960.034313931049,433.33333333333337,433.33333333333337
2025-03-15 18:00:00,144.55,2962.0063821228714,433.33333333333337,433.33333333333337
2025-03-15 19:00:00,142.88,2962.4568545524758,433.33333333333337,433.33333333333337
2025-03-15 20:00:00,138.95,2963.8583243334656,433.33333333333337,433.33333333333337
2025-03-15 21:00:00,129.57,2964.939458164515,433.33333333333337,433.33333333333337
2025-03-15 22:00:00,121.77,2966.941557851644,433.33333333333337,433.33333333333337
2025-03-15 23:00:00,112.21,2967.4921352656047,433.33333333333337,433.33333333333337
2025-03-16 00:00:00,109.87,2967.812471215545,433.33333333333337,433.33333333333337
2025-03-16 01:00:00,106.61,2967.2418728047137,433.33333333333337,433.33333333333337
2025-03-16 02:00:00,97.09,2968.1928701561,433.33333333333337,433.33333333333337
2025-03-16 03:00:00,99.71,2967.6422927421395,433.33333333333337,433.33333333333337
2025-03-16 04:00:00,98.1,2967.2418728047137,433.33333333333337,433.33333333333337
2025-03-16 05:00:00,101.3,2966.941557851644,433.33333333333337,433.33333333333337
2025-03-16 06:00:00,106.11,2965.790350531545,433.33333333333337,433.33333333333337
2025-03-16 07:00:00,104.65,2964.659164208317,433.33333333333337,433.33333333333337
2025-03-16 08:00:00,94.96,2965.510056575347,433.33333333333337,433.33333333333337
2025-03-16 09:00:00,91.02,2965.2898256097624,433.33333333333337,433.33333333333337
2025-03-16 10:00:00,61.08,2965.4600040831683,433.33333333333337,433.33333333333337
2025-03-16 11:00:00,33.38,2964.6091117161386,433.33333333333337,433.33333333333337
2025-03-16 12:00:00,38.9,2964.1085867943566,433.33333333333337,433.33333333333337
2025-03-16 13:00:00,21.72,2963.187620938277,433.33333333333337,433.33333333333337
2025-03-16 14:00:00,29.57,2964.889405672337,433.33333333333337,433.33333333333337
2025-03-16 15:00:00,52.92,2964.23872327402,433.33333333333337,433.33333333333337
2025-03-16 16:00:00,103.09,2964.639143211446,433.33333333333337,433.33333333333337
2025-03-16 17:00:00,126.95,2964.4589542396043,433.33333333333337,433.33333333333337
2025-03-16 18:00:00,136.15,2965.3899305941195,433.33333333333337,433.33333333333337
2025-03-16 19:00:00,138.59,2965.540088070654,433.33333333333337,433.33333333333337
2025-03-16 20:00:00,130.19,2966.611211403268,433.33333333333337,433.33333333333337
2025-03-16 21:00:00,126.43,2966.7914003751093,433.33333333333337,433.33333333333337
2025-03-16 22:00:00,127.05,2967.592240249961,433.33333333333337,433.33333333333337
2025-03-16 23:00:00,120.04,2967.0616838328715,433.33333333333337,433.33333333333337
2025-03-17 00:00:00,109.7,2968.2128911529708,433.33333333333337,433.33333333333337
2025-03-17 01:00:00,108.41,2967.7123662311888,433.33333333333337,433.33333333333337
2025-03-17 02:00:00,104.3,2967.562208754654,433.33333333333337,433.33333333333337
2025-03-17 03:00:00,104.47,2967.562208754654,433.33333333333337,433.33333333333337
2025-03-17 04:00:00,105.75,2968.1928701561,433.33333333333337,433.33333333333337
2025-03-17 05:00:00,111.8,2966.7914003751093,433.33333333333337,433.33333333333337
2025-03-17 06:00:00,137.65,2965.2097416222773,433.33333333333337,433.33333333333337
2025-03-17 07:00:00,144.95,2964.8093216848515,433.33333333333337,433.33333333333337
2025-03-17 08:00:00,141.5,2963.2076419351483,433.33333333333337,433.33333333333337
2025-03-17 09:00:00,139.43,2963.137568446099,433.33333333333337,433.33333333333337
2025-03-17 10:00:00,127.12,2964.659164208317,433.33333333333337,433.33333333333337
2025-03-17 11:00:00,112.16,2963.7582193491094,433.33333333333337,433.33333333333337
2025-03-17 12:00:00,104.3,2962.3066970759405,433.33333333333337,433.33333333333337
2025-03-17 13:00:00,101.23,2961.7561196619804,433.33333333333337,433.33333333333337
2025-03-17 14:00:00,104.9,2959.203442560891,433.33333333333337,433.33333333333337
2025-03-17 15:00:00,113.16,2960.5048073575244,433.33333333333337,433.33333333333337
2025-03-17 16:00:00,132.31,2959.954229943564,433.33333333333337,433.33333333333337
2025-03-17 17:00:00,141.53,2960.104387420098,433.33333333333337,433.33333333333337
2025-03-17 18:00:00,161.9,2960.985311282436,433.33333333333337,433.33333333333337
2025-03-17 19:00:00,159.54,2962.657064521188,433.33333333333337,433.33333333333337
2025-03-17 20:00:00,142.93,2964.639143211446,433.33333333333337,433.33333333333337
2025-03-17 21:00:00,137.33,2964.659164208317,433.33333333333337,433.33333333333337
2025-03-17 22:00:00,138.51,2968.1127861686145,433.33333333333337,433.33333333333337
2025-03-17 23:00:00,127.26,2971.946807069466,433.33333333333337,433.33333333333337
2025-03-18 00:00:00,117.3,2972.69759445214,433.33333333333337,433.33333333333337
2025-03-18 01:00:00,111.87,2970.8656732384165,433.33333333333337,433.33333333333337
2025-03-18 02:00:00,108.9,2971.5463871320403,433.33333333333337,433.33333333333337
2025-03-18 03:00:00,107.4,2971.646492116397,433.33333333333337,433.33333333333337
2025-03-18 04:00:00,107.41,2970.965778222773,433.33333333333337,433.33333333333337
2025-03-18 05:00:00,113.38,2969.0637835200005,433.33333333333337,433.33333333333337
2025-03-18 06:00:00,143.08,2966.9916103438222,433.33333333333337,433.33333333333337
2025-03-18 07:00:00,146.96,2967.11173632505,433.33333333333337,433.33333333333337
2025-03-18 08:00:00,142.52,2970.2650433322783,433.33333333333337,433.33333333333337
2025-03-18 09:00:00,130.01,2971.8967545772884,433.33333333333337,433.33333333333337
2025-03-18 10:00:00,113.01,2967.091715328179,433.33333333333337,433.33333333333337
2025-03-18 11:00:00,107.07,2966.310896450198,433.33333333333337,433.33333333333337
2025-03-18 12:00:00,95.2,2965.189720625406,433.33333333333337,433.33333333333337
2025-03-18 13:00:00,28.21,2962.0864661103565,433.33333333333337,433.33333333333337
2025-03-18 14:00:00,85.09,2960.985311282436,433.33333333333337,433.33333333333337
2025-03-18 15:00:00,106.1,2958.0822667360985,433.33333333333337,433.33333333333337
2025-03-18 16:00:00,120.41,2957.081216892534,433.33333333333337,433.33333333333337
2025-03-18 17:00:00,144.94,2957.1312693847126,433.33333333333337,433.33333333333337
2025-03-18 18:00:00,170.9,2956.0501355536626,433.33333333333337,433.33333333333337
2025-03-18 19:00:00,168.7,2957.882056767386,433.33333333333337,433.33333333333337
2025-03-18 20:00:00,141.84,2959.854124959208,433.33333333333337,433.33333333333337
2025-03-18 21:00:00,133.31,2961.8562246463366,433.33333333333337,433.33333333333337
2025-03-18 22:00:00,128.76,2965.0595841457425,433.33333333333337,433.33333333333337
2025-03-18 23:00:00,122.88,2660.3900642569,433.33333333333337,433.33333333333337
2025-03-19 00:00:00,113.99,2968.0927651717434,433.33333333333337,433.33333333333337
2025-03-19 01:00:00,110.5,2968.1928701561,433.33333333333337,433.33333333333337
2025-03-19 02:00:00,109.1,2969.2940249840203,433.33333333333337,433.33333333333337
2025-03-19 03:00:00,109.5,2970.495284796298,433.33333333333337,433.33333333333337
2025-03-19 04:00:00,110.01,2970.915725730595,433.33333333333337,433.33333333333337
2025-03-19 05:00:00,124.67,2969.544287444912,433.33333333333337,433.33333333333337
2025-03-19 06:00:00,149.57,2966.6912953907527,433.33333333333337,433.33333333333337
2025-03-19 07:00:00,150.06,2966.561158911089,433.33333333333337,433.33333333333337
2025-03-19 08:00:00,142.89,2967.3119462937625,433.33333333333337,433.33333333333337
2025-03-19 09:00:00,128.23,2969.0938150153074,433.33333333333337,433.33333333333337
2025-03-19 10:00:00,112.9,2968.613311090397,433.33333333333337,433.33333333333337
2025-03-19 11:00:00,100.76,2962.2566445837624,433.33333333333337,433.33333333333337
2025-03-19 12:00:00,-1.13,2957.651815303366,433.33333333333337,433.33333333333337
2025-03-19 13:00:00,-1.45,2952.0459361794046,433.33333333333337,433.33333333333337
2025-03-19 14:00:00,11.76,2948.9727131596624,433.33333333333337,433.33333333333337
2025-03-19 15:00:00,76.7,2946.9706134725334,433.33333333333337,433.33333333333337
2025-03-19 16:00:00,121.02,2945.018566277582,433.33333333333337,433.33333333333337
2025-03-19 17:00:00,159.06,2944.88842979792,433.33333333333337,433.33333333333337
2025-03-19 18:00:00,199.7,2945.0686187697606,433.33333333333337,433.33333333333337
2025-03-19 19:00:00,191.35,2947.14079194594,433.33333333333337,433.33333333333337
2025-03-19 20:00:00,160.72,2953.547510944752,433.33333333333337,433.33333333333337
2025-03-19 21:00:00,141.08,2957.1312693847126,433.33333333333337,433.33333333333337
2025-03-19 22:00:00,130.08,2959.553810006138,433.33333333333337,433.33333333333337
2025-03-19 23:00:00,123.81,2962.8072219977225,433.33333333333337,433.33333333333337
2025-03-20 00:00:00,121.5,2962.637043524317,433.33333333333337,433.33333333333337
2025-03-20 01:00:00,114.73,2965.2097416222773,433.33333333333337,433.33333333333337
2025-03-20 02:00:00,113.0,2966.310896450198,433.33333333333337,433.33333333333337
2025-03-20 03:00:00,112.72,2967.392030281248,433.33333333333337,433.33333333333337
2025-03-20 04:00:00,113.26,2967.692345234317,433.33333333333337,433.33333333333337
2025-03-20 05:00:00,127.83,2967.161788817228,433.33333333333337,433.33333333333337
2025-03-20 06:00:00,151.29,2972.096964546001,433.33333333333337,433.33333333333337
2025-03-20 07:00:00,145.1,2972.8177204333674,433.33333333333337,433.33333333333337
2025-03-20 08:00:00,140.07,2970.895704733724,433.33333333333337,433.33333333333337
2025-03-20 09:00:00,117.24,2970.9457572259016,433.33333333333337,433.33333333333337
2025-03-20 10:00:00,107.45,2964.689195703624,433.33333333333337,433.33333333333337
2025-03-20 11:00:00,107.1,2953.3773324713457,433.33333333333337,433.33333333333337
2025-03-20 12:00:00,95.16,2947.6413168677213,433.33333333333337,433.33333333333337
2025-03-20 13:00:00,55.01,2937.430608463364,433.33333333333337,433.33333333333337
2025-03-20 14:00:00,94.99,2935.678771237126,433.33333333333337,433.33333333333337
2025-03-20 15:00:00,112.24,2933.0059681548087,433.33333333333337,433.33333333333337
2025-03-20 16:00:00,117.32,2930.8036584989677,433.33333333333337,433.33333333333337
2025-03-20 17:00:00,152.03,2932.975936659502,433.33333333333337,433.33333333333337
2025-03-20 18:00:00,178.99,2933.3263041047494,433.33333333333337,433.33333333333337
2025-03-20 19:00:00,180.06,2936.5596950994627,433.33333333333337,433.33333333333337
2025-03-20 20:00:00,165.28,2942.5359626655422,433.33333333333337,433.33333333333337
2025-03-20 21:00:00,143.69,2947.62129587085,433.33333333333337,433.33333333333337
2025-03-20 22:00:00,132.85,2950.694518890593,433.33333333333337,433.33333333333337
2025-03-20 23:00:00,120.56,2952.596513593365,433.33333333333337,433.33333333333337
2025-03-21 00:00:00,121.5,2952.8467760542567,433.33333333333337,433.33333333333337
2025-03-21 01:00:00,116.32,2957.3515003502966,433.33333333333337,433.33333333333337
2025-03-21 02:00:00,113.84,2960.604912341881,433.33333333333337,433.33333333333337
2025-03-21 03:00:00,113.27,2960.154439912277,433.33333333333337,433.33333333333337
2025-03-21 04:00:00,115.11,2959.103337576534,433.33333333333337,433.33333333333337
2025-03-21 05:00:00,128.53,2959.804072467029,433.33333333333337,433.33333333333337
2025-03-21 06:00:00,152.76,2958.7029176391084,433.33333333333337,433.33333333333337
2025-03-21 07:00:00,143.43,2958.6528651469307,433.33333333333337,433.33333333333337
2025-03-21 08:00:00,142.56,2957.531689322138,433.33333333333337,433.33333333333337
2025-03-21 09:00:00,133.6,2956.7008179519794,433.33333333333337,433.33333333333337
2025-03-21 10:00:00,115.76,2953.3272799791675,433.33333333333337,433.33333333333337
2025-03-21 11:00:00,109.39,2949.4932590783155,433.33333333333337,433.33333333333337
2025-03-21 12:00:00,105.25,2945.4390072118795,433.33333333333337,433.33333333333337
2025-03-21 13:00:00,105.47,2941.9153117625324,433.33333333333337,433.33333333333337
2025-03-21 14:00:00,114.03,2936.579716096334,433.33333333333337,433.33333333333337
2025-03-21 15:00:00,119.09,2935.058120334116,433.33333333333337,433.33333333333337
2025-03-21 16:00:00,135.84,2932.325254261185,433.33333333333337,433.33333333333337
2025-03-21 17:00:00,143.92,2932.024939308116,433.33333333333337,433.33333333333337
2025-03-21 18:00:00,150.08,2929.8726821444525,433.33333333333337,433.33333333333337
2025-03-21 19:00:00,150.06,2932.775726690789,433.33333333333337,433.33333333333337
2025-03-21 20:00:00,145.02,2935.358435287186,433.33333333333337,433.33333333333337
2025-03-21 21:00:00,135.5,2938.7620047553046,433.33333333333337,433.33333333333337
2025-03-21 22:00:00,127.07,2941.564944317285,433.33333333333337,433.33333333333337
2025-03-21 23:00:00,123.47,2945.4690387071864,433.33333333333337,433.33333333333337
2025-03-22 00:00:00,127.4,2949.1228706361967,433.33333333333337,433.33333333333337
2025-03-22 01:00:00,119.87,2949.2229756205534,433.33333333333337,433.33333333333337
2025-03-22 02:00:00,117.43,2949.172923128375,433.33333333333337,433.33333333333337
2025-03-22 03:00:00,115.16,2948.942681664355,433.33333333333337,433.33333333333337
2025-03-22 04:00:00,114.27,2949.373133097088,433.33333333333337,433.33333333333337
2025-03-22 05:00:00,118.92,2951.2250753076823,433.33333333333337,433.33333333333337
2025-03-22 06:00:00,125.16,2953.52748994788,433.33333333333337,433.33333333333337
2025-03-22 07:00:00,129.9,2954.078067361841,433.33333333333337,433.33333333333337
2025-03-22 08:00:00,127.52,2951.6455162419797,433.33333333333337,433.33333333333337
2025-03-22 09:00:00,121.04,2948.322030761345,433.33333333333337,433.33333333333337
2025-03-22 10:00:00,116.05,2943.11657157481,433.33333333333337,433.33333333333337
2025-03-22 11:00:00,106.01,2941.114471887681,433.33333333333337,433.33333333333337
2025-03-22 12:00:00,85.83,2936.259380146393,433.33333333333337,433.33333333333337
2025-03-22 13:00:00,85.98,2932.8558106782743,433.33333333333337,433.33333333333337
2025-03-22 14:00:00,95.7,2933.456440584413,433.33333333333337,433.33333333333337
2025-03-22 15:00:00,102.49,2932.655600709561,433.33333333333337,433.33333333333337
2025-03-22 16:00:00,118.67,2932.775726690789,433.33333333333337,433.33333333333337
2025-03-22 17:00:00,130.93,2932.205128279957,433.33333333333337,433.33333333333337
2025-03-22 18:00:00,142.1,2931.0238894645518,433.33333333333337,433.33333333333337
2025-03-22 19:00:00,144.15,2935.478561268413,433.33333333333337,433.33333333333337
2025-03-22 20:00:00,140.92,2941.735122790691,433.33333333333337,433.33333333333337
2025-03-22 21:00:00,133.33,2944.7182513245134,433.33333333333337,433.33333333333337
2025-03-22 22:00:00,127.16,2946.5401620398,433.33333333333337,433.33333333333337
2025-03-22 23:00:00,118.74,2949.293049109602,433.33333333333337,433.33333333333337
2025-03-23 00:00:00,112.61,2949.192944125246,433.33333333333337,433.33333333333337
2025-03-23 01:00:00,107.92,2948.392104250395,433.33333333333337,433.33333333333337
2025-03-23 02:00:00,102.37,2948.592314219108,433.33333333333337,433.33333333333337
2025-03-23 03:00:00,103.98,2950.1739729719397,433.33333333333337,433.33333333333337
2025-03-23 04:00:00,103.08,2952.1460411637613,433.33333333333337,433.33333333333337
2025-03-23 05:00:00,105.0,2953.52748994788,433.33333333333337,433.33333333333337
2025-03-23 06:00:00,109.56,2953.026965026098,433.33333333333337,433.33333333333337
2025-03-23 07:00:00,101.98,2955.4294846506527,433.33333333333337,433.33333333333337
2025-03-23 08:00:00,97.7,2953.097038515148,433.33333333333337,433.33333333333337
2025-03-23 09:00:00,103.79,2953.52748994788,433.33333333333337,433.33333333333337
2025-03-23 10:00:00,28.37,2952.6765975808503,433.33333333333337,433.33333333333337
2025-03-23 11:00:00,10.11,2951.245096304553,433.33333333333337,433.33333333333337
2025-03-23 12:00:00,5.62,2948.992734156533,433.33333333333337,433.33333333333337
2025-03-23 13:00:00,3.94,2947.0406869615827,433.33333333333337,433.33333333333337
2025-03-23 14:00:00,10.75,2944.467988863622,433.33333333333337,433.33333333333337
2025-03-23 15:00:00,35.34,2944.28779989178,433.33333333333337,433.33333333333337
2025-03-23 16:00:00,111.05,2943.987484938711,433.33333333333337,433.33333333333337
2025-03-23 17:00:00,122.9,2943.3868550325724,433.33333333333337,433.33333333333337
2025-03-23 18:00:00,145.74,2942.3657841921367,433.33333333333337,433.33333333333337
2025-03-23 19:00:00,147.87,2942.7161516373844,433.33333333333337,433.33333333333337
2025-03-23 20:00:00,138.1,2944.28779989178,433.33333333333337,433.33333333333337
2025-03-23 21:00:00,131.7,2945.9195111367903,433.33333333333337,433.33333333333337
2025-03-23 22:00:00,123.41,2776.4617936181994,433.33333333333337,433.33333333333337
2025-03-23 23:00:00,115.23,2585.661693434813,433.33333333333337,433.33333333333337
2025-03-24 00:00:00,107.47,2588.0642130593683,433.33333333333337,433.33333333333337
2025-03-24 01:00:00,101.79,2590.7670476369926,433.33333333333337,433.33333333333337
2025-03-24 02:00:00,99.19,2590.5668376682797,433.33333333333337,433.33333333333337
2025-03-24 03:00:00,100.4,2596.70327320933,433.33333333333337,433.33333333333337
2025-03-24 04:00:00,102.64,2596.3729267609533,433.33333333333337,433.33333333333337
2025-03-24 05:00:00,113.12,2588.044192062497,433.33333333333337,433.33333333333337
2025-03-24 06:00:00,147.47,2586.2623233409527,433.33333333333337,433.33333333333337
2025-03-24 07:00:00,164.55,2585.741777422299,433.33333333333337,433.33333333333337
2025-03-24 08:00:00,146.17,2586.692774773685,433.33333333333337,433.33333333333337
2025-03-24 09:00:00,130.1,2583.3893102899224,433.33333333333337,433.33333333333337
2025-03-24 10:00:00,121.91,2581.3872106027934,433.33333333333337,433.33333333333337
2025-03-24 11:00:00,112.16,2579.0047119751102,433.33333333333337,433.33333333333337
2025-03-24 12:00:00,97.26,2579.705446865605,433.33333333333337,433.33333333333337
2025-03-24 13:00:00,99.89,2577.232853752001,433.33333333333337,433.33333333333337
2025-03-24 14:00:00,113.18,2578.083746119031,433.33333333333337,433.33333333333337
2025-03-24 15:00:00,121.36,2578.2339035955656,433.33333333333337,433.33333333333337
2025-03-24 16:00:00,123.16,2577.5531897019414,433.33333333333337,433.33333333333337
2025-03-24 17:00:00,152.57,2577.83348365814,433.33333333333337,433.33333333333337
2025-03-24 18:00:00,179.58,2577.7533996706547,433.33333333333337,433.33333333333337
2025-03-24 19:00:00,183.89,2608.535682360262,433.33333333333337,433.33333333333337
2025-03-24 20:00:00,160.09,2681.642352435774,433.33333333333337,433.33333333333337
2025-03-24 21:00:00,142.08,2795.0112472194487,433.33333333333337,433.33333333333337
2025-03-24 22:00:00,129.13,2908.380142003123,433.33333333333337,433.33333333333337
2025-03-24 23:00:00,121.98,2940.163474536295,433.33333333333337,433.33333333333337
2025-03-25 00:00:00,121.84,2946.8404769928698,433.33333333333337,433.33333333333337
2025-03-25 01:00:00,114.53,2948.1218207926327,433.33333333333337,433.33333333333337
2025-03-25 02:00:00,110.36,2949.3931540939598,433.33333333333337,433.33333333333337
2025-03-25 03:00:00,106.81,2953.3773324713457,433.33333333333337,433.33333333333337
2025-03-25 04:00:00,107.45,2953.0770175182765,433.33333333333337,433.33333333333337
2025-03-25 05:00:00,118.36,2951.6955687341574,433.33333333333337,433.33333333333337
2025-03-25 06:00:00,135.84,2950.49430892188,433.33333333333337,433.33333333333337
2025-03-25 07:00:00,147.75,2950.944781351484,433.33333333333337,433.33333333333337
2025-03-25 08:00:00,137.86,2950.1939939688104,433.33333333333337,433.33333333333337
2025-03-25 09:00:00,124.87,2949.593364062672,433.33333333333337,433.33333333333337
2025-03-25 10:00:00,116.81,2945.9195111367903,433.33333333333337,433.33333333333337
2025-03-25 11:00:00,112.04,2941.3647343485723,433.33333333333337,433.33333333333337
2025-03-25 12:00:00,105.3,2758.2927389575043,433.33333333333337,433.33333333333337
2025-03-25 13:00:00,106.52,2945.6692486759,433.33333333333337,433.33333333333337
2025-03-25 14:00:00,113.91,2943.867358957484,433.33333333333337,433.33333333333337
2025-03-25 15:00:00,120.22,2943.4369075247505,433.33333333333337,433.33333333333337
2025-03-25 16:00:00,132.08,2944.387904876137,433.33333333333337,433.33333333333337
2025-03-25 17:00:00,138.88,2944.5180413558,433.33333333333337,433.33333333333337
2025-03-25 18:00:00,155.8,2945.0385872744537,433.33333333333337,433.33333333333337
2025-03-25 19:00:00,160.25,2946.490109547622,433.33333333333337,433.33333333333337
2025-03-25 20:00:00,142.89,2947.2709284256025,433.33333333333337,433.33333333333337
2025-03-25 21:00:00,131.36,2948.492209234751,433.33333333333337,433.33333333333337
2025-03-25 22:00:00,123.63,2949.7935740313847,433.33333333333337,433.33333333333337
2025-03-25 23:00:00,122.07,2950.9948338436625,433.33333333333337,433.33333333333337
2025-03-26 00:00:00,115.08,2951.7956737185136,433.33333333333337,433.33333333333337
2025-03-26 01:00:00,111.47,2952.726650073029,433.33333333333337,433.33333333333337
2025-03-26 02:00:00,108.82,2952.4263351199597,433.33333333333337,433.33333333333337
2025-03-26 03:00:00,107.22,2953.197143499504,433.33333333333337,433.33333333333337
2025-03-26 04:00:00,108.09,2952.226125151247,433.33333333333337,433.33333333333337
2025-03-26 05:00:00,115.08,2950.794623874949,433.33333333333337,433.33333333333337
2025-03-26 06:00:00,133.13,2951.375232784217,433.33333333333337,433.33333333333337
2025-03-26 07:00:00,143.2,2950.594413906236,433.33333333333337,433.33333333333337
2025-03-26 08:00:00,140.24,2950.344151445345,433.33333333333337,433.33333333333337
2025-03-26 09:00:00,123.39,2947.7714533473845,433.33333333333337,433.33333333333337
2025-03-26 10:00:00,115.02,2946.490109547622,433.33333333333337,433.33333333333337
2025-03-26 11:00:00,111.01,2945.719301168077,433.33333333333337,433.33333333333337
2025-03-26 12:00:00,105.35,2945.7893746571267,433.33333333333337,433.33333333333337
2025-03-26 13:00:00,105.7,2945.018566277582,433.33333333333337,433.33333333333337
2025-03-26 14:00:00,111.03,2951.295148796732,433.33333333333337,433.33333333333337
2025-03-26 15:00:00,119.95,2947.821505839563,433.33333333333337,433.33333333333337
2025-03-26 16:00:00,129.08,2949.0728181440186,433.33333333333337,433.33333333333337
2025-03-26 17:00:00,145.48,2944.267778894909,433.33333333333337,433.33333333333337
2025-03-26 18:00:00,164.09,2946.8905294850483,433.33333333333337,433.33333333333337
2025-03-26 19:00:00,166.18,2949.843626523563,433.33333333333337,433.33333333333337
2025-03-26 20:00:00,143.06,2949.9237105110483,433.33333333333337,433.33333333333337
2025-03-26 21:00:00,127.74,2949.5433115704936,433.33333333333337,433.33333333333337
2025-03-26 22:00:00,120.5,2950.894728859306,433.33333333333337,433.33333333333337
2025-03-26 23:00:00,115.08,2951.425285276395,433.33333333333337,433.33333333333337
2025-03-27 00:00:00,110.02,2953.3973534682173,433.33333333333337,433.33333333333337
2025-03-27 01:00:00,103.6,2954.1981933430684,433.33333333333337,433.33333333333337
2025-03-27 02:00:00,100.19,2955.2492956788114,433.33333333333337,433.33333333333337
2025-03-27 03:00:00,102.88,2955.149190694455,433.33333333333337,433.33333333333337
2025-03-27 04:00:00,103.43,2954.6987182648504,433.33333333333337,433.33333333333337
2025-03-27 05:00:00,112.03,2954.99903321792,433.33333333333337,433.33333333333337
2025-03-27 06:00:00,133.18,2953.29724848386,433.33333333333337,433.33333333333337
2025-03-27 07:00:00,142.58,2953.5775424400586,433.33333333333337,433.33333333333337
2025-03-27 08:00:00,129.1,2953.8978783899997,433.33333333333337,433.33333333333337
2025-03-27 09:00:00,127.96,2954.228224838376,433.33333333333337,433.33333333333337
2025-03-27 10:00:00,112.06,2959.6839464858017,433.33333333333337,433.33333333333337
2025-03-27 11:00:00,106.31,2957.231374369069,433.33333333333337,433.33333333333337
2025-03-27 12:00:00,95.89,2954.6286447758016,433.33333333333337,433.33333333333337
2025-03-27 13:00:00,87.34,2947.7714533473845,433.33333333333337,433.33333333333337
2025-03-27 14:00:00,90.41,2945.539112196236,433.33333333333337,433.33333333333337
2025-03-27 15:00:00,101.85,2944.788324813562,433.33333333333337,433.33333333333337
2025-03-27 16:00:00,112.02,2948.47218823788,433.33333333333337,433.33333333333337
2025-03-27 17:00:00,132.71,2951.2250753076823,433.33333333333337,433.33333333333337
2025-03-27 18:00:00,166.28,2948.922660667484,433.33333333333337,433.33333333333337
2025-03-27 19:00:00,174.91,2949.9437315079194,433.33333333333337,433.33333333333337
2025-03-27 20:00:00,148.28,2949.6734480501573,433.33333333333337,433.33333333333337
2025-03-27 21:00:00,126.31,2952.97691253392,433.33333333333337,433.33333333333337
2025-03-27 22:00:00,118.41,2954.498508296138,433.33333333333337,433.33333333333337
2025-03-27 23:00:00,112.1,2955.8999780771283,433.33333333333337,433.33333333333337
2025-03-28 00:00:00,110.06,2956.981111908178,433.33333333333337,433.33333333333337
2025-03-28 01:00:00,110.01,2953.5975634369297,433.33333333333337,433.33333333333337
2025-03-28 02:00:00,108.76,2954.828854744514,433.33333333333337,433.33333333333337
2025-03-28 03:00:00,110.01,2953.8478258978207,433.33333333333337,433.33333333333337
2025-03-28 04:00:00,110.01,2953.227174994811,433.33333333333337,433.33333333333337
2025-03-28 05:00:00,114.02,2955.22927468194,433.33333333333337,433.33333333333337
2025-03-28 06:00:00,127.29,2953.2471959916825,433.33333333333337,433.33333333333337
2025-03-28 07:00:00,136.23,2955.1792221897617,433.33333333333337,433.33333333333337
2025-03-28 08:00:00,134.66,2953.8978783899997,433.33333333333337,433.33333333333337
2025-03-28 09:00:00,124.8,2952.9268600417417,433.33333333333337,433.33333333333337
2025-03-28 10:00:00,106.02,2954.348350819603,433.33333333333337,433.33333333333337
2025-03-28 11:00:00,99.39,2951.7956737185136,433.33333333333337,433.33333333333337
2025-03-28 12:00:00,69.57,2952.576492596494,433.33333333333337,433.33333333333337
2025-03-28 13:00:00,54.12,2949.87365801887,433.33333333333337,433.33333333333337
2025-03-28 14:00:00,74.99,2948.572293222236,433.33333333333337,433.33333333333337
2025-03-28 15:00:00,99.54,2946.670298519464,433.33333333333337,433.33333333333337
2025-03-28 16:00:00,116.7,2946.390004563266,433.33333333333337,433.33333333333337
2025-03-28 17:00:00,137.57,2945.6892696727705,433.33333333333337,433.33333333333337
2025-03-28 18:00:00,162.13,2945.6692486759,433.33333333333337,433.33333333333337
2025-03-28 19:00:00,165.09,2943.086540079503,433.33333333333337,433.33333333333337
2025-03-28 20:00:00,144.22,2947.421085902137,433.33333333333337,433.33333333333337
2025-03-28 21:00:00,131.18,2949.8936790157413,433.33333333333337,433.33333333333337
2025-03-28 22:00:00,127.8,2950.49430892188,433.33333333333337,433.33333333333337
2025-03-28 23:00:00,110.04,2950.894728859306,433.33333333333337,433.33333333333337
2025-03-29 00:00:00,110.07,2952.7466710699,433.33333333333337,433.33333333333337
2025-03-29 01:00:00,107.91,2953.227174994811,433.33333333333337,433.33333333333337
2025-03-29 02:00:00,107.05,2953.5975634369297,433.33333333333337,433.33333333333337
2025-03-29 03:00:00,105.95,2953.197143499504,433.33333333333337,433.33333333333337
2025-03-29 04:00:00,108.87,2952.646566085544,433.33333333333337,433.33333333333337
2025-03-29 05:00:00,110.03,2952.726650073029,433.33333333333337,433.33333333333337
2025-03-29 06:00:00,110.87,2961.2355737433268,433.33333333333337,433.33333333333337
2025-03-29 07:00:00,116.62,2962.757169505545,433.33333333333337,433.33333333333337
2025-03-29 08:00:00,117.51,2961.736098665109,433.33333333333337,433.33333333333337
2025-03-29 09:00:00,112.51,2958.853075115643,433.33333333333337,433.33333333333337
2025-03-29 10:00:00,111.25,2952.726650073029,433.33333333333337,433.33333333333337
2025-03-29 11:00:00,112.71,2951.6955687341574,433.33333333333337,433.33333333333337
2025-03-29 12:00:00,110.04,2952.2761776434245,433.33333333333337,433.33333333333337
2025-03-29 13:00:00,110.03,2946.570193535107,433.33333333333337,433.33333333333337
2025-03-29 14:00:00,110.05,2947.4711383943154,433.33333333333337,433.33333333333337
2025-03-29 15:00:00,112.1,2947.821505839563,433.33333333333337,433.33333333333337
2025-03-29 16:00:00,121.91,2948.291999266038,433.33333333333337,433.33333333333337
2025-03-29 17:00:00,130.42,2946.119721105504,433.33333333333337,433.33333333333337
2025-03-29 18:00:00,140.01,2946.77040350382,433.33333333333337,433.33333333333337
2025-03-29 19:00:00,143.87,2947.4711383943154,433.33333333333337,433.33333333333337
2025-03-29 20:00:00,131.1,2947.341001914652,433.33333333333337,433.33333333333337
2025-03-29 21:00:00,127.52,2951.445306273266,433.33333333333337,433.33333333333337
2025-03-29 22:00:00,124.7,2951.875757705999,433.33333333333337,433.33333333333337
2025-03-29 23:00:00,117.96,2951.4753377685734,433.33333333333337,433.33333333333337
2025-03-30 00:00:00,111.5,2954.078067361841,433.33333333333337,433.33333333333337
2025-03-30 01:00:00,110.04,2954.748770757029,433.33333333333337,433.33333333333337
2025-03-30 02:00:00,107.59,2955.7748468466825,433.33333333333337,433.33333333333337
2025-03-30 03:00:00,105.14,2956.800922936336,433.33333333333337,433.33333333333337
2025-03-30 04:00:00,105.1,2959.333579040554,433.33333333333337,433.33333333333337
2025-03-30 05:00:00,104.63,2960.3045973888115,433.33333333333337,433.33333333333337
2025-03-30 06:00:00,107.22,2958.0822667360985,433.33333333333337,433.33333333333337
2025-03-30 07:00:00,105.1,2810.4474358072125,433.33333333333337,433.33333333333337
2025-03-30 08:00:00,106.44,2692.373606758785,433.33333333333337,433.33333333333337
2025-03-30 09:00:00,101.15,2728.3112961427487,433.33333333333337,433.33333333333337
2025-03-30 10:00:00,17.08,2780.616150468992,433.33333333333337,433.33333333333337
2025-03-30 11:00:00,-0.81,2831.5695875064225,433.33333333333337,433.33333333333337
2025-03-30 12:00:00,-5.0,2884.575176723161,433.33333333333337,433.33333333333337
2025-03-30 13:00:00,-29.73,2936.329453635443,433.33333333333337,433.33333333333337
2025-03-30 14:00:00,-32.86,2950.324130448474,433.33333333333337,433.33333333333337
2025-03-30 15:00:00,-21.97,2948.592314219108,433.33333333333337,433.33333333333337
2025-03-30 16:00:00,-2.0,2948.722450698771,433.33333333333337,433.33333333333337
2025-03-30 17:00:00,65.01,2947.14079194594,433.33333333333337,433.33333333333337
2025-03-30 18:00:00,110.08,2944.28779989178,433.33333333333337,433.33333333333337
2025-03-30 19:00:00,127.94,2945.539112196236,433.33333333333337,433.33333333333337
2025-03-30 20:00:00,129.18,2945.6692486759,433.33333333333337,433.33333333333337
2025-03-30 21:00:00,123.49,2947.020665964711,433.33333333333337,433.33333333333337
2025-03-30 22:00:00,121.43,2948.772503190949,433.33333333333337,433.33333333333337
2025-03-30 23:00:00,110.08,2952.826755057385,433.33333333333337,433.33333333333337
2025-03-31 00:00:00,102.47,2955.379432158474,433.33333333333337,433.33333333333337
2025-03-31 01:00:00,100.85,2954.4284348070883,433.33333333333337,433.33333333333337
2025-03-31 02:00:00,100.27,2954.548560788316,433.33333333333337,433.33333333333337
2025-03-31 03:00:00,100.04,2956.680796955108,433.33333333333337,433.33333333333337
2025-03-31 04:00:00,101.58,2958.732949134416,433.33333333333337,433.33333333333337
2025-03-31 05:00:00,106.29,2959.103337576534,433.33333333333337,433.33333333333337
2025-03-31 06:00:00,123.3,2958.152340225148,433.33333333333337,433.33333333333337
2025-03-31 07:00:00,137.95,2958.8831066109506,433.33333333333337,433.33333333333337
2025-03-31 08:00:00,141.98,2958.352550193861,433.33333333333337,433.33333333333337
2025-03-31 09:00:00,128.98,2958.3024977016826,433.33333333333337,433.33333333333337
2025-03-31 10:00:00,120.07,2958.0322142439204,433.33333333333337,433.33333333333337
2025-03-31 11:00:00,106.87,2956.7008179519794,433.33333333333337,433.33333333333337
2025-03-31 12:00:00,98.47,2956.250345522376,433.33333333333337,433.33333333333337
2025-03-31 13:00:00,98.21,2955.749820600593,433.33333333333337,433.33333333333337
2025-03-31 14:00:00,97.7,2954.948980725742,433.33333333333337,433.33333333333337
2025-03-31 15:00:00,99.48,2953.2471959916825,433.33333333333337,433.33333333333337
2025-03-31 16:00:00,113.48,2953.877857393128,433.33333333333337,433.33333333333337
2025-03-31 17:00:00,113.61,2951.625495245108,433.33333333333337,433.33333333333337
2025-03-31 18:00:00,138.17,2952.826755057385,433.33333333333337,433.33333333333337
2025-03-31 19:00:00,157.12,2952.1460411637613,433.33333333333337,433.33333333333337
2025-03-31 20:00:00,146.45,2955.22927468194,433.33333333333337,433.33333333333337
2025-03-31 21:00:00,127.54,2957.8520252720787,433.33333333333337,433.33333333333337
2025-03-31 22:00:00,118.12,2959.453705021782,433.33333333333337,433.33333333333337
2025-03-31 23:00:00,111.31,2960.885206298079,433.33333333333337,433.33333333333337
2025-04-01 00:00:00,109.59,2961.2355737433268,404.1666666666666,404.1666666666666
2025-04-01 01:00:00,103.52,2962.0063821228714,404.1666666666666,404.1666666666666
2025-04-01 02:00:00,100.23,2962.386781063426,404.1666666666666,404.1666666666666
2025-04-01 03:00:00,100.74,2962.2566445837624,404.1666666666666,404.1666666666666
2025-04-01 04:00:00,103.28,2962.436833555604,404.1666666666666,404.1666666666666
2025-04-01 05:00:00,111.98,2960.885206298079,404.1666666666666,404.1666666666666
2025-04-01 06:00:00,136.1,2959.784051470158,404.1666666666666,404.1666666666666
2025-04-01 07:00:00,173.02,2959.633893993624,404.1666666666666,404.1666666666666
2025-04-01 08:00:00,159.16,2962.136518602535,404.1666666666666,404.1666666666666
2025-04-01 09:00:00,130.65,2960.8051223105936,404.1666666666666,404.1666666666666
2025-04-01 10:00:00,105.35,2964.138618289664,404.1666666666666,404.1666666666666
2025-04-01 11:00:00,87.81,2959.403652529604,404.1666666666666,404.1666666666666
2025-04-01 12:00:00,89.15,2957.701867795544,404.1666666666666,404.1666666666666
2025-04-01 13:00:00,90.83,2955.9500305693064,404.1666666666666,404.1666666666666
2025-04-01 14:00:00,92.19,2956.480586986396,404.1666666666666,404.1666666666666
2025-04-01 15:00:00,98.2,2953.147091007326,404.1666666666666,404.1666666666666
2025-04-01 16:00:00,105.67,2951.3251802920386,404.1666666666666,404.1666666666666
2025-04-01 17:00:00,117.9,2951.04488633584,404.1666666666666,404.1666666666666
2025-04-01 18:00:00,130.61,2951.4753377685734,404.1666666666666,404.1666666666666
2025-04-01 19:00:00,150.25,2954.548560788316,404.1666666666666,404.1666666666666
2025-04-01 20:00:00,137.08,2954.6286447758016,404.1666666666666,404.1666666666666
2025-04-01 21:00:00,130.05,2954.6486657726728,404.1666666666666,404.1666666666666
2025-04-01 22:00:00,126.01,2957.1012378894056,404.1666666666666,404.1666666666666
2025-04-01 23:00:00,116.99,2775.4907752699414,404.1666666666666,404.1666666666666
2025-04-02 00:00:00,108.59,2959.0332640874844,404.1666666666666,404.1666666666666
2025-04-02 01:00:00,104.35,2959.8841564545146,404.1666666666666,404.1666666666666
2025-04-02 02:00:00,104.11,2959.333579040554,404.1666666666666,404.1666666666666
2025-04-02 03:00:00,104.46,2959.1333690718416,404.1666666666666,404.1666666666666
2025-04-02 04:00:00,103.96,2960.2845763919404,404.1666666666666,404.1666666666666
2025-04-02 05:00:00,108.51,2957.801972779901,404.1666666666666,404.1666666666666
2025-04-02 06:00:00,126.57,2955.8999780771283,404.1666666666666,404.1666666666666
2025-04-02 07:00:00,146.1,2955.4995581397025,404.1666666666666,404.1666666666666
2025-04-02 08:00:00,135.79,2954.548560788316,404.1666666666666,404.1666666666666
2025-04-02 09:00:00,121.59,2955.199243186633,404.1666666666666,404.1666666666666
2025-04-02 10:00:00,104.87,2951.9458311950484,404.1666666666666,404.1666666666666
2025-04-02 11:00:00,104.22,2951.3952537810883,404.1666666666666,404.1666666666666
2025-04-02 12:00:00,94.48,2953.7977734056426,404.1666666666666,404.1666666666666
2025-04-02 13:00:00,93.73,2941.6850702985125,404.1666666666666,404.1666666666666
2025-04-02 14:00:00,95.71,2944.0875899230678,404.1666666666666,404.1666666666666
2025-04-02 15:00:00,104.24,2938.6819207678195,404.1666666666666,404.1666666666666
2025-04-02 16:00:00,104.78,2936.529663604156,404.1666666666666,404.1666666666666
2025-04-02 17:00:00,116.5,2934.5575954123337,404.1666666666666,404.1666666666666
2025-04-02 18:00:00,129.74,2933.426409089106,404.1666666666666,404.1666666666666
2025-04-02 19:00:00,147.08,2935.808907716789,404.1666666666666,404.1666666666666
2025-04-02 20:00:00,136.47,2938.8120572474827,404.1666666666666,404.1666666666666
2025-04-02 21:00:00,127.09,2942.26567920778,404.1666666666666,404.1666666666666
2025-04-02 22:00:00,121.5,2945.819406152434,404.1666666666666,404.1666666666666
2025-04-02 23:00:00,118.3,2947.62129587085,404.1666666666666,404.1666666666666
2025-04-03 00:00:00,119.47,2949.3931540939598,404.1666666666666,404.1666666666666
2025-04-03 01:00:00,111.79,2951.4753377685734,404.1666666666666,404.1666666666666
2025-04-03 02:00:00,109.8,2952.496408609009,404.1666666666666,404.1666666666666
2025-04-03 03:00:00,108.54,2954.1481408508903,404.1666666666666,404.1666666666666
2025-04-03 04:00:00,105.91,2956.130219541148,404.1666666666666,404.1666666666666
2025-04-03 05:00:00,112.91,2956.8810069238216,404.1666666666666,404.1666666666666
2025-04-03 06:00:00,130.21,2956.8810069238216,404.1666666666666,404.1666666666666
2025-04-03 07:00:00,156.77,2958.0322142439204,404.1666666666666,404.1666666666666
2025-04-03 08:00:00,137.79,2957.4015528424748,404.1666666666666,404.1666666666666
2025-04-03 09:00:00,130.02,2959.553810006138,404.1666666666666,404.1666666666666
2025-04-03 10:00:00,103.9,2961.736098665109,404.1666666666666,404.1666666666666
2025-04-03 11:00:00,50.68,2958.0322142439204,404.1666666666666,404.1666666666666
2025-04-03 12:00:00,53.77,2951.9458311950484,404.1666666666666,404.1666666666666
2025-04-03 13:00:00,26.11,2945.4890597040576,404.1666666666666,404.1666666666666
2025-04-03 14:00:00,27.74,2942.385805189008,404.1666666666666,404.1666666666666
2025-04-03 15:00:00,21.97,2941.7651542859976,404.1666666666666,404.1666666666666
2025-04-03 16:00:00,87.06,2937.881080892968,404.1666666666666,404.1666666666666
2025-04-03 17:00:00,111.54,2938.7620047553046,404.1666666666666,404.1666666666666
2025-04-03 18:00:00,137.01,2938.411637310057,404.1666666666666,404.1666666666666
2025-04-03 19:00:00,173.14,2938.111322356988,404.1666666666666,404.1666666666666
2025-04-03 20:00:00,163.71,2939.2625296770866,404.1666666666666,404.1666666666666
2025-04-03 21:00:00,135.67,2945.36893372283,404.1666666666666,404.1666666666666
2025-04-03 22:00:00,130.08,2949.7935740313847,404.1666666666666,404.1666666666666
2025-04-03 23:00:00,110.8,2952.596513593365,404.1666666666666,404.1666666666666
2025-04-04 00:00:00,114.22,2955.029064713227,404.1666666666666,404.1666666666666
2025-04-04 01:00:00,109.19,2956.951080412871,404.1666666666666,404.1666666666666
2025-04-04 02:00:00,105.43,2954.098088358712,404.1666666666666,404.1666666666666
2025-04-04 03:00:00,102.1,2955.749820600593,404.1666666666666,404.1666666666666
2025-04-04 04:00:00,105.19,2956.830954431643,404.1666666666666,404.1666666666666
2025-04-04 05:00:00,116.62,2956.800922936336,404.1666666666666,404.1666666666666
2025-04-04 06:00:00,154.5,2957.081216892534,404.1666666666666,404.1666666666666
2025-04-04 07:00:00,180.85,2956.7809019394645,404.1666666666666,404.1666666666666
2025-04-04 08:00:00,153.78,2955.679747111544,404.1666666666666,404.1666666666666
2025-04-04 09:00:00,103.51,2954.6987182648504,404.1666666666666,404.1666666666666
2025-04-04 10:00:00,91.28,2949.843626523563,404.1666666666666,404.1666666666666
2025-04-04 11:00:00,59.24,2942.285700204651,404.1666666666666,404.1666666666666
2025-04-04 12:00:00,-0.92,2937.83102840079,404.1666666666666,404.1666666666666
2025-04-04 13:00:00,-3.54,2930.303133577185,404.1666666666666,404.1666666666666
2025-04-04 14:00:00,-2.52,2928.871632300888,404.1666666666666,404.1666666666666
2025-04-04 15:00:00,5.95,2926.699354140353,404.1666666666666,404.1666666666666
2025-04-04 16:00:00,53.86,2923.7462571018377,404.1666666666666,404.1666666666666
2025-04-04 17:00:00,100.99,2922.795259750452,404.1666666666666,404.1666666666666
2025-04-04 18:00:00,133.66,2921.6140209350456,404.1666666666666,404.1666666666666
2025-04-04 19:00:00,164.92,2922.2446823364908,404.1666666666666,404.1666666666666
2025-04-04 20:00:00,143.7,2924.3468870079764,404.1666666666666,404.1666666666666
2025-04-04 21:00:00,129.69,2932.205128279957,404.1666666666666,404.1666666666666
2025-04-04 22:00:00,126.3,2937.961164880453,404.1666666666666,404.1666666666666
2025-04-04 23:00:00,112.18,2941.635017806335,404.1666666666666,404.1666666666666
2025-04-05 00:00:00,103.79,2944.28779989178,404.1666666666666,404.1666666666666
2025-04-05 01:00:00,103.04,2947.8415268364342,404.1666666666666,404.1666666666666
2025-04-05 02:00:00,102.88,2948.672398206593,404.1666666666666,404.1666666666666
2025-04-05 03:00:00,102.09,2950.794623874949,404.1666666666666,404.1666666666666
2025-04-05 04:00:00,101.46,2953.277227486989,404.1666666666666,404.1666666666666
2025-04-05 05:00:00,101.35,2954.948980725742,404.1666666666666,404.1666666666666
2025-04-05 06:00:00,101.54,2955.9300095724348,404.1666666666666,404.1666666666666
2025-04-05 07:00:00,95.9,2959.854124959208,404.1666666666666,404.1666666666666
2025-04-05 08:00:00,82.84,2960.6549648340592,404.1666666666666,404.1666666666666
2025-04-05 09:00:00,60.05,2956.850975428514,404.1666666666666,404.1666666666666
2025-04-05 10:00:00,-1.0,2951.845726210692,404.1666666666666,404.1666666666666
2025-04-05 11:00:00,-6.5,2946.390004563266,404.1666666666666,404.1666666666666
2025-04-05 12:00:00,-29.4,2938.832078244354,404.1666666666666,404.1666666666666
2025-04-05 13:00:00,-59.98,2933.9569655061955,404.1666666666666,404.1666666666666
2025-04-05 14:00:00,-59.96,2932.725674198611,404.1666666666666,404.1666666666666
2025-04-05 15:00:00,-33.18,2932.805758186096,404.1666666666666,404.1666666666666
2025-04-05 16:00:00,-5.77,2929.9727871288087,404.1666666666666,404.1666666666666
2025-04-05 17:00:00,12.03,2926.849511616888,404.1666666666666,404.1666666666666
2025-04-05 18:00:00,103.69,2925.5181153249464,404.1666666666666,404.1666666666666
2025-04-05 19:00:00,110.25,2925.71832529366,404.1666666666666,404.1666666666666
2025-04-05 20:00:00,119.47,2927.500194015204,404.1666666666666,404.1666666666666
2025-04-05 21:00:00,116.8,2930.873731988017,404.1666666666666,404.1666666666666
2025-04-05 22:00:00,111.77,2935.3284037918784,404.1666666666666,404.1666666666666
2025-04-05 23:00:00,107.35,2938.411637310057,404.1666666666666,404.1666666666666
2025-04-06 00:00:00,102.8,2941.464839332929,404.1666666666666,404.1666666666666
2025-04-06 01:00:00,98.5,2944.187694907424,404.1666666666666,404.1666666666666
2025-04-06 02:00:00,95.16,2946.3699835663947,404.1666666666666,404.1666666666666
2025-04-06 03:00:00,92.54,2952.346251132474,404.1666666666666,404.1666666666666
2025-04-06 04:00:00,89.72,2957.952130256436,404.1666666666666,404.1666666666666
2025-04-06 05:00:00,93.11,2960.204492404456,404.1666666666666,404.1666666666666
2025-04-06 06:00:00,94.15,2962.0063821228714,404.1666666666666,404.1666666666666
2025-04-06 07:00:00,66.34,2962.4568545524758,404.1666666666666,404.1666666666666
2025-04-06 08:00:00,19.97,2965.790350531545,404.1666666666666,404.1666666666666
2025-04-06 09:00:00,-2.99,2965.7402980393667,404.1666666666666,404.1666666666666
2025-04-06 10:00:00,-8.85,2963.6581143647527,404.1666666666666,404.1666666666666
2025-04-06 11:00:00,-27.21,2959.5037575139604,404.1666666666666,404.1666666666666
2025-04-06 12:00:00,-50.91,2959.533789009267,404.1666666666666,404.1666666666666
2025-04-06 13:00:00,-80.77,2958.8831066109506,404.1666666666666,404.1666666666666
2025-04-06 14:00:00,-94.65,2956.730849447287,404.1666666666666,404.1666666666666
2025-04-06 15:00:00,-54.71,2958.2023927173263,404.1666666666666,404.1666666666666
2025-04-06 16:00:00,-12.24,2956.680796955108,404.1666666666666,404.1666666666666
2025-04-06 17:00:00,9.83,2956.500607983267,404.1666666666666,404.1666666666666
2025-04-06 18:00:00,98.01,2956.600712967623,404.1666666666666,404.1666666666666
2025-04-06 19:00:00,130.75,2956.5506604754446,404.1666666666666,404.1666666666666
2025-04-06 20:00:00,134.51,2958.9531801,404.1666666666666,404.1666666666666
2025-04-06 21:00:00,125.74,2960.5348388528314,404.1666666666666,404.1666666666666
2025-04-06 22:00:00,117.1,2963.588040875703,404.1666666666666,404.1666666666666
2025-04-06 23:00:00,110.04,2965.71026654406,404.1666666666666,404.1666666666666
2025-04-07 00:00:00,92.7,2966.661263895446,404.1666666666666,404.1666666666666
2025-04-07 01:00:00,89.68,2970.2650433322783,404.1666666666666,404.1666666666666
2025-04-07 02:00:00,88.06,2969.163888504357,404.1666666666666,404.1666666666666
2025-04-07 03:00:00,89.75,2965.540088070654,404.1666666666666,404.1666666666666
2025-04-07 04:00:00,92.8,2968.062733676436,404.1666666666666,404.1666666666666
2025-04-07 05:00:00,102.34,2967.191820312535,404.1666666666666,404.1666666666666
2025-04-07 06:00:00,132.91,2964.9594791613863,404.1666666666666,404.1666666666666
2025-04-07 07:00:00,165.18,2963.908376825644,404.1666666666666,404.1666666666666
2025-04-07 08:00:00,139.46,2965.7402980393667,404.1666666666666,404.1666666666666
2025-04-07 09:00:00,104.14,2964.6091117161386,404.1666666666666,404.1666666666666
2025-04-07 10:00:00,93.1,2961.6860461729307,404.1666666666666,404.1666666666666
2025-04-07 11:00:00,45.05,2959.8841564545146,404.1666666666666,404.1666666666666
2025-04-07 12:00:00,3.9,2956.5506604754446,404.1666666666666,404.1666666666666
2025-04-07 13:00:00,-1.99,2951.175022815504,404.1666666666666,404.1666666666666
2025-04-07 14:00:00,-3.76,2951.995883687227,404.1666666666666,404.1666666666666
2025-04-07 15:00:00,22.87,2949.87365801887,404.1666666666666,404.1666666666666
2025-04-07 16:00:00,68.49,2946.420036058573,404.1666666666666,404.1666666666666
2025-04-07 17:00:00,103.93,2946.940581977226,404.1666666666666,404.1666666666666
2025-04-07 18:00:00,132.27,2945.5891646884143,404.1666666666666,404.1666666666666
2025-04-07 19:00:00,175.62,2944.387904876137,404.1666666666666,404.1666666666666
2025-04-07 20:00:00,169.24,2945.8394271493053,404.1666666666666,404.1666666666666
2025-04-07 21:00:00,137.54,2949.87365801887,404.1666666666666,404.1666666666666
2025-04-07 22:00:00,120.64,2952.596513593365,404.1666666666666,404.1666666666666
2025-04-07 23:00:00,110.27,2955.679747111544,404.1666666666666,404.1666666666666
2025-04-08 00:00:00,99.52,2956.680796955108,404.1666666666666,404.1666666666666
2025-04-08 01:00:00,95.22,2957.6818467986727,404.1666666666666,404.1666666666666
2025-04-08 02:00:00,95.05,2959.3536000374256,404.1666666666666,404.1666666666666
2025-04-08 03:00:00,95.79,2961.20554224802,404.1666666666666,404.1666666666666
2025-04-08 04:00:00,95.05,2962.657064521188,404.1666666666666,404.1666666666666
2025-04-08 05:00:00,105.74,2959.553810006138,404.1666666666666,404.1666666666666
2025-04-08 06:00:00,139.24,2957.331479353425,404.1666666666666,404.1666666666666
2025-04-08 07:00:00,184.03,2957.9821617517423,404.1666666666666,404.1666666666666
2025-04-08 08:00:00,145.75,2882.7232345125663,404.1666666666666,404.1666666666666
2025-04-08 09:00:00,112.58,2736.049411433502,404.1666666666666,404.1666666666666
2025-04-08 10:00:00,88.01,2607.7648739807173,404.1666666666666,404.1666666666666
2025-04-08 11:00:00,73.65,2589.565787824715,404.1666666666666,404.1666666666666
2025-04-08 12:00:00,58.72,2588.8150004420418,404.1666666666666,404.1666666666666
2025-04-08 13:00:00,49.96,2582.6084914119424,404.1666666666666,404.1666666666666
2025-04-08 14:00:00,61.86,2578.103767115902,404.1666666666666,404.1666666666666
2025-04-08 15:00:00,77.26,2576.8524548114465,404.1666666666666,404.1666666666666
2025-04-08 16:00:00,91.13,2574.9304391118026,404.1666666666666,404.1666666666666
2025-04-08 17:00:00,108.38,2575.100617585209,404.1666666666666,404.1666666666666
2025-04-08 18:00:00,131.07,2574.299777710357,404.1666666666666,404.1666666666666
2025-04-08 19:00:00,173.1,2573.829284283882,404.1666666666666,404.1666666666666
2025-04-08 20:00:00,169.71,2576.031593939724,404.1666666666666,404.1666666666666
2025-04-08 21:00:00,135.29,2579.535268392199,404.1666666666666,404.1666666666666
2025-04-08 22:00:00,117.49,2583.5895202586357,404.1666666666666,404.1666666666666
2025-04-08 23:00:00,111.32,2587.693824617249,404.1666666666666,404.1666666666666
2025-04-09 00:00:00,100.77,2588.965157918577,404.1666666666666,404.1666666666666
2025-04-09 01:00:00,96.77,2591.1974990697254,404.1666666666666,404.1666666666666
2025-04-09 02:00:00,95.47,2593.5499662021016,404.1666666666666,404.1666666666666
2025-04-09 03:00:00,95.2,2595.3218244252107,404.1666666666666,404.1666666666666
2025-04-09 04:00:00,97.27,2595.471981901745,404.1666666666666,404.1666666666666
2025-04-09 05:00:00,109.0,2595.121614456498,404.1666666666666,404.1666666666666
2025-04-09 06:00:00,139.11,2595.3218244252107,404.1666666666666,404.1666666666666
2025-04-09 07:00:00,172.36,2594.721194519072,404.1666666666666,404.1666666666666
2025-04-09 08:00:00,137.95,2595.1015934596267,404.1666666666666,404.1666666666666
2025-04-09 09:00:00,97.53,2594.851330998736,404.1666666666666,404.1666666666666
2025-04-09 10:00:00,81.66,2589.145346890418,404.1666666666666,404.1666666666666
2025-04-09 11:00:00,66.62,2584.1400976725954,404.1666666666666,404.1666666666666
2025-04-09 12:00:00,41.4,2578.2339035955656,404.1666666666666,404.1666666666666
2025-04-09 13:00:00,36.95,2576.251824905308,404.1666666666666,404.1666666666666
2025-04-09 14:00:00,61.86,2573.228654377743,404.1666666666666,404.1666666666666
2025-04-09 15:00:00,84.94,2571.777132104575,404.1666666666666,404.1666666666666
2025-04-09 16:00:00,97.97,2570.6459457813467,404.1666666666666,404.1666666666666
2025-04-09 17:00:00,107.34,2570.025294878337,404.1666666666666,404.1666666666666
2025-04-09 18:00:00,122.59,2569.895158398673,404.1666666666666,404.1666666666666
2025-04-09 19:00:00,135.18,2568.7439510785744,404.1666666666666,404.1666666666666
2025-04-09 20:00:00,141.45,2572.297678023228,404.1666666666666,404.1666666666666
2025-04-09 21:00:00,124.48,2575.230754064872,404.1666666666666,404.1666666666666
2025-04-09 22:00:00,117.77,2578.303977084615,404.1666666666666,404.1666666666666
2025-04-09 23:00:00,107.15,2581.3571791074864,404.1666666666666,404.1666666666666
2025-04-10 00:00:00,102.9,2582.5083864275857,404.1666666666666,404.1666666666666
2025-04-10 01:00:00,96.47,2585.791829914477,404.1666666666666,404.1666666666666
2025-04-10 02:00:00,93.99,2587.8640030906554,404.1666666666666,404.1666666666666
2025-04-10 03:00:00,93.77,2591.2175200665965,404.1666666666666,404.1666666666666
2025-04-10 04:00:00,94.8,2592.969357292834,404.1666666666666,404.1666666666666
2025-04-10 05:00:00,101.37,2592.7691473241216,404.1666666666666,404.1666666666666
2025-04-10 06:00:00,129.98,2592.318674894517,404.1666666666666,404.1666666666666
2025-04-10 07:00:00,163.79,2592.5689373554083,404.1666666666666,404.1666666666666
2025-04-10 08:00:00,126.59,2593.5699871989727,404.1666666666666,404.1666666666666
2025-04-10 09:00:00,100.81,2591.1974990697254,404.1666666666666,404.1666666666666
2025-04-10 10:00:00,83.37,2592.869252308478,404.1666666666666,404.1666666666666
2025-04-10 11:00:00,66.43,2589.4656828403586,404.1666666666666,404.1666666666666
2025-04-10 12:00:00,13.07,2584.7607485756057,404.1666666666666,404.1666666666666
2025-04-10 13:00:00,0.09,2569.775032417446,404.1666666666666,404.1666666666666
2025-04-10 14:00:00,0.24,2569.724979925268,404.1666666666666,404.1666666666666
2025-04-10 15:00:00,2.6,2567.9431112037228,404.1666666666666,404.1666666666666
2025-04-10 16:00:00,65.01,2567.142271328871,404.1666666666666,404.1666666666666
2025-04-10 17:00:00,81.76,2566.1912739774853,404.1666666666666,404.1666666666666
2025-04-10 18:00:00,107.04,2569.9952633830303,404.1666666666666,404.1666666666666
2025-04-10 19:00:00,128.25,2564.339331766891,404.1666666666666,404.1666666666666
2025-04-10 20:00:00,129.93,2566.241326469664,404.1666666666666,404.1666666666666
2025-04-10 21:00:00,108.0,2572.147520546693,404.1666666666666,404.1666666666666
2025-04-10 22:00:00,102.89,2577.3830112285355,404.1666666666666,404.1666666666666
2025-04-10 23:00:00,93.81,2579.955709326496,404.1666666666666,404.1666666666666
2025-04-11 00:00:00,83.8,2582.6885753994275,404.1666666666666,404.1666666666666
2025-04-11 01:00:00,92.59,2586.0621133722398,404.1666666666666,404.1666666666666
2025-04-11 02:00:00,90.19,2588.895084429527,404.1666666666666,404.1666666666666
2025-04-11 03:00:00,94.68,2589.8160502856063,404.1666666666666,404.1666666666666
2025-04-11 04:00:00,95.03,2591.7180449883786,404.1666666666666,404.1666666666666
2025-04-11 05:00:00,98.4,2590.346606702696,404.1666666666666,404.1666666666666
2025-04-11 06:00:00,109.0,2592.919304800656,404.1666666666666,404.1666666666666
2025-04-11 07:00:00,112.19,2593.0694622771907,404.1666666666666,404.1666666666666
2025-04-11 08:00:00,102.0,2593.9203546442204,404.1666666666666,404.1666666666666
2025-04-11 09:00:00,95.05,2594.470932058181,404.1666666666666,404.1666666666666
2025-04-11 10:00:00,80.54,2587.4135306610515,404.1666666666666,404.1666666666666
2025-04-11 11:00:00,64.23,2579.3350584234863,404.1666666666666,404.1666666666666
2025-04-11 12:00:00,0.55,2574.8303341274463,404.1666666666666,404.1666666666666
2025-04-11 13:00:00,-1.1,2569.9251898939806,404.1666666666666,404.1666666666666
2025-04-11 14:00:00,0.54,2566.0911689931286,404.1666666666666,404.1666666666666
2025-04-11 15:00:00,0.56,2560.335132392633,404.1666666666666,404.1666666666666
2025-04-11 16:00:00,25.11,2560.815636317544,404.1666666666666,404.1666666666666
2025-04-11 17:00:00,81.25,2560.385184884811,404.1666666666666,404.1666666666666
2025-04-11 18:00:00,105.74,2560.7655838253654,404.1666666666666,404.1666666666666
2025-04-11 19:00:00,125.29,2561.8867596501577,404.1666666666666,404.1666666666666
2025-04-11 20:00:00,135.21,2563.968943324772,404.1666666666666,404.1666666666666
2025-04-11 21:00:00,114.42,2569.094318523822,404.1666666666666,404.1666666666666
2025-04-11 22:00:00,106.4,2573.679126807347,404.1666666666666,404.1666666666666
2025-04-11 23:00:00,103.51,2577.7533996706547,404.1666666666666,404.1666666666666
2025-04-12 00:00:00,108.97,2578.8545544985755,404.1666666666666,404.1666666666666
2025-04-12 01:00:00,101.91,2580.2360032826946,404.1666666666666,404.1666666666666
2025-04-12 02:00:00,98.3,2583.3893102899224,404.1666666666666,404.1666666666666
2025-04-12 03:00:00,100.19,2584.1400976725954,404.1666666666666,404.1666666666666
2025-04-12 04:00:00,97.59,2587.243352187645,404.1666666666666,404.1666666666666
2025-04-12 05:00:00,100.93,2588.01416056719,404.1666666666666,404.1666666666666
2025-04-12 06:00:00,106.32,2587.994139570319,404.1666666666666,404.1666666666666
2025-04-12 07:00:00,109.99,2590.096344241804,404.1666666666666,404.1666666666666
2025-04-12 08:00:00,95.14,2590.2665227152106,404.1666666666666,404.1666666666666
2025-04-12 09:00:00,80.41,2586.692774773685,404.1666666666666,404.1666666666666
2025-04-12 10:00:00,37.57,2580.7365282044766,404.1666666666666,404.1666666666666
2025-04-12 11:00:00,16.85,2574.680176650912,404.1666666666666,404.1666666666666
2025-04-12 12:00:00,-1.72,2569.424664972198,404.1666666666666,404.1666666666666
2025-04-12 13:00:00,-14.35,2564.769783199624,404.1666666666666,404.1666666666666
2025-04-12 14:00:00,-26.32,2562.5374420484745,404.1666666666666,404.1666666666666
2025-04-12 15:00:00,-10.72,2560.0648489348705,404.1666666666666,404.1666666666666
2025-04-12 16:00:00,5.93,2557.6122768181376,404.1666666666666,404.1666666666666
2025-04-12 17:00:00,71.35,2558.082770244613,404.1666666666666,404.1666666666666
2025-04-12 18:00:00,95.95,2557.2118568807123,404.1666666666666,404.1666666666666
2025-04-12 19:00:00,120.59,2557.432087846296,404.1666666666666,404.1666666666666
2025-04-12 20:00:00,113.9,2560.1149014270486,404.1666666666666,404.1666666666666
2025-04-12 21:00:00,100.71,2565.7408015478813,404.1666666666666,404.1666666666666
2025-04-12 22:00:00,95.46,2566.821935378931,404.1666666666666,404.1666666666666
2025-04-12 23:00:00,83.1,2567.6728277459606,404.1666666666666,404.1666666666666
2025-04-13 00:00:00,85.7,2569.1243500191285,404.1666666666666,404.1666666666666
2025-04-13 01:00:00,86.09,2570.175452354872,404.1666666666666,404.1666666666666
2025-04-13 02:00:00,82.8,2570.796103257881,404.1666666666666,404.1666666666666
2025-04-13 03:00:00,81.9,2574.8803866196245,404.1666666666666,404.1666666666666
2025-04-13 04:00:00,78.71,2576.031593939724,404.1666666666666,404.1666666666666
2025-04-13 05:00:00,79.75,2576.882486306753,404.1666666666666,404.1666666666666
2025-04-13 06:00:00,79.83,2572.5479404841194,404.1666666666666,404.1666666666666
2025-04-13 07:00:00,77.06,2573.478916838634,404.1666666666666,404.1666666666666
2025-04-13 08:00:00,84.15,2573.629074315169,404.1666666666666,404.1666666666666
2025-04-13 09:00:00,85.45,2572.648045468476,404.1666666666666,404.1666666666666
2025-04-13 10:00:00,15.79,2573.478916838634,404.1666666666666,404.1666666666666
2025-04-13 11:00:00,7.67,2572.9984129137238,404.1666666666666,404.1666666666666
2025-04-13 12:00:00,5.92,2571.646995624911,404.1666666666666,404.1666666666666
2025-04-13 13:00:00,3.11,2571.9272895811096,404.1666666666666,404.1666666666666
2025-04-13 14:00:00,-0.03,2570.5758722922974,404.1666666666666,404.1666666666666
2025-04-13 15:00:00,1.32,2566.841956375802,404.1666666666666,404.1666666666666
2025-04-13 16:00:00,70.1,2563.8888593372867,404.1666666666666,404.1666666666666
2025-04-13 17:00:00,87.45,2561.9668436376437,404.1666666666666,404.1666666666666
2025-04-13 18:00:00,102.71,2561.6665286845737,404.1666666666666,404.1666666666666
2025-04-13 19:00:00,119.46,2562.2671585907124,404.1666666666666,404.1666666666666
2025-04-13 20:00:00,130.18,2562.737652017188,404.1666666666666,404.1666666666666
2025-04-13 21:00:00,115.13,2564.01899581695,404.1666666666666,404.1666666666666
2025-04-13 22:00:00,109.63,2566.1412214853067,404.1666666666666,404.1666666666666
2025-04-13 23:00:00,99.25,2567.522670269426,404.1666666666666,404.1666666666666
2025-04-14 00:00:00,81.95,2569.6949484299607,404.1666666666666,404.1666666666666
2025-04-14 01:00:00,80.87,2571.176502198436,404.1666666666666,404.1666666666666
2025-04-14 02:00:00,80.9,2571.326659674971,404.1666666666666,404.1666666666666
2025-04-14 03:00:00,80.63,2572.3477305154065,404.1666666666666,404.1666666666666
2025-04-14 04:00:00,81.92,2573.348780358971,404.1666666666666,404.1666666666666
2025-04-14 05:00:00,92.92,2573.0284444090303,404.1666666666666,404.1666666666666
2025-04-14 06:00:00,124.44,2571.9272895811096,404.1666666666666,404.1666666666666
2025-04-14 07:00:00,157.4,2570.746050765704,404.1666666666666,404.1666666666666
2025-04-14 08:00:00,139.92,2570.6759772766536,404.1666666666666,404.1666666666666
2025-04-14 09:00:00,109.59,2570.395683320456,404.1666666666666,404.1666666666666
2025-04-14 10:00:00,95.18,2568.6438460942177,404.1666666666666,404.1666666666666
2025-04-14 11:00:00,82.43,2566.471567933683,404.1666666666666,404.1666666666666
2025-04-14 12:00:00,75.01,2563.9889643216434,404.1666666666666,404.1666666666666
2025-04-14 13:00:00,66.83,2561.8667386532866,404.1666666666666,404.1666666666666
2025-04-14 14:00:00,67.34,2560.084869931742,404.1666666666666,404.1666666666666
2025-04-14 15:00:00,80.48,2559.51427152091,404.1666666666666,404.1666666666666
2025-04-14 16:00:00,90.13,2559.6343975021377,404.1666666666666,404.1666666666666
2025-04-14 17:00:00,111.07,2556.71133195893,404.1666666666666,404.1666666666666
2025-04-14 18:00:00,129.95,2555.6602296231868,404.1666666666666,404.1666666666666
2025-04-14 19:00:00,160.46,2553.978465885999,404.1666666666666,404.1666666666666
2025-04-14 20:00:00,151.4,2556.9816154166924,404.1666666666666,404.1666666666666
2025-04-14 21:00:00,118.14,2559.58434500996,404.1666666666666,404.1666666666666
2025-04-14 22:00:00,102.6,2562.987914478079,404.1666666666666,404.1666666666666
2025-04-14 23:00:00,96.19,2564.739751704317,404.1666666666666,404.1666666666666
2025-04-15 00:00:00,88.35,2565.49053908699,404.1666666666666,404.1666666666666
2025-04-15 01:00:00,84.04,2568.0732476833864,404.1666666666666,404.1666666666666
2025-04-15 02:00:00,81.29,2570.1454208595646,404.1666666666666,404.1666666666666
2025-04-15 03:00:00,78.3,2573.849305280753,404.1666666666666,404.1666666666666
2025-04-15 04:00:00,80.06,2577.3029272410504,404.1666666666666,404.1666666666666
2025-04-15 05:00:00,85.48,2585.4114309739225,404.1666666666666,404.1666666666666
2025-04-15 06:00:00,103.23,2585.491514961408,404.1666666666666,404.1666666666666
2025-04-15 07:00:00,109.77,2584.9909900396256,404.1666666666666,404.1666666666666
2025-04-15 08:00:00,106.78,2587.243352187645,404.1666666666666,404.1666666666666
2025-04-15 09:00:00,103.9,2585.8919348988334,404.1666666666666,404.1666666666666
2025-04-15 10:00:00,110.39,2580.2560242795657,404.1666666666666,404.1666666666666
2025-04-15 11:00:00,109.05,2578.2539245924368,404.1666666666666,404.1666666666666
2025-04-15 12:00:00,102.16,2575.450985030456,404.1666666666666,404.1666666666666
2025-04-15 13:00:00,93.17,2572.597992976297,404.1666666666666,404.1666666666666
2025-04-15 14:00:00,90.02,2567.2223553163567,404.1666666666666,404.1666666666666
2025-04-15 15:00:00,88.62,2563.8388068451086,404.1666666666666,404.1666666666666
2025-04-15 16:00:00,93.97,2565.540591579168,404.1666666666666,404.1666666666666
2025-04-15 17:00:00,89.9,2563.518470895168,404.1666666666666,404.1666666666666
2025-04-15 18:00:00,108.16,2563.118050957742,404.1666666666666,404.1666666666666
2025-04-15 19:00:00,127.63,2563.017945973386,404.1666666666666,404.1666666666666
2025-04-15 20:00:00,124.24,2564.2892792747125,404.1666666666666,404.1666666666666
2025-04-15 21:00:00,111.91,2564.3893842590687,404.1666666666666,404.1666666666666
2025-04-15 22:00:00,107.31,2569.724979925268,404.1666666666666,404.1666666666666
2025-04-15 23:00:00,100.88,2574.8803866196245,404.1666666666666,404.1666666666666
2025-04-16 00:00:00,88.09,2576.732328830219,404.1666666666666,404.1666666666666
2025-04-16 01:00:00,88.0,2575.5510900148124,404.1666666666666,404.1666666666666
2025-04-16 02:00:00,84.81,2572.848255437189,404.1666666666666,404.1666666666666
2025-04-16 03:00:00,84.38,2572.728129455961,404.1666666666666,404.1666666666666
2025-04-16 04:00:00,85.46,2573.478916838634,404.1666666666666,404.1666666666666
2025-04-16 05:00:00,99.47,2576.001562444417,404.1666666666666,404.1666666666666
2025-04-16 06:00:00,117.88,2576.8524548114465,404.1666666666666,404.1666666666666
2025-04-16 07:00:00,135.08,2577.5331687050702,404.1666666666666,404.1666666666666
2025-04-16 08:00:00,111.59,2576.4520348740207,404.1666666666666,404.1666666666666
2025-04-16 09:00:00,87.79,2572.698097960654,404.1666666666666,404.1666666666666
2025-04-16 10:00:00,84.32,2570.5258198001197,404.1666666666666,404.1666666666666
2025-04-16 11:00:00,82.75,2568.273457652099,404.1666666666666,404.1666666666666
2025-04-16 12:00:00,88.03,2568.4236151286336,404.1666666666666,404.1666666666666
2025-04-16 13:00:00,89.9,2571.62697462804,404.1666666666666,404.1666666666666
2025-04-16 14:00:00,84.2,2575.1306490805155,404.1666666666666,404.1666666666666
2025-04-16 15:00:00,86.1,2575.3809115414065,404.1666666666666,404.1666666666666
2025-04-16 16:00:00,97.6,2577.3830112285355,404.1666666666666,404.1666666666666
2025-04-16 17:00:00,101.22,2579.0047119751102,404.1666666666666,404.1666666666666
2025-04-16 18:00:00,119.76,2578.2539245924368,404.1666666666666,404.1666666666666
2025-04-16 19:00:00,146.63,2579.85560434214,404.1666666666666,404.1666666666666
2025-04-16 20:00:00,143.92,2579.905656834318,404.1666666666666,404.1666666666666
2025-04-16 21:00:00,112.79,2580.7365282044766,404.1666666666666,404.1666666666666
2025-04-16 22:00:00,102.5,2581.3371581106157,404.1666666666666,404.1666666666666
2025-04-16 23:00:00,96.24,2582.288155462001,404.1666666666666,404.1666666666666
2025-04-17 00:00:00,87.79,2582.238102969824,404.1666666666666,404.1666666666666
2025-04-17 01:00:00,83.14,2582.188050477645,404.1666666666666,404.1666666666666
2025-04-17 02:00:00,82.49,2581.707546552734,404.1666666666666,404.1666666666666
2025-04-17 03:00:00,80.73,2582.8387328759623,404.1666666666666,404.1666666666666
2025-04-17 04:00:00,82.17,2583.409331286793,404.1666666666666,404.1666666666666
2025-04-17 05:00:00,88.22,2580.7064967091696,404.1666666666666,404.1666666666666
2025-04-17 06:00:00,104.98,2580.9567591700606,404.1666666666666,404.1666666666666
2025-04-17 07:00:00,126.18,2581.6374730636844,404.1666666666666,404.1666666666666
2025-04-17 08:00:00,123.47,2583.139047829031,404.1666666666666,404.1666666666666
2025-04-17 09:00:00,118.6,2583.689625242992,404.1666666666666,404.1666666666666
2025-04-17 10:00:00,112.41,2583.73967773517,404.1666666666666,404.1666666666666
2025-04-17 11:00:00,108.85,2583.709646239863,404.1666666666666,404.1666666666666
2025-04-17 12:00:00,84.07,2583.259173810259,404.1666666666666,404.1666666666666
2025-04-17 13:00:00,83.18,2582.65854390412,404.1666666666666,404.1666666666666
2025-04-17 14:00:00,83.36,2582.438312938536,404.1666666666666,404.1666666666666
2025-04-17 15:00:00,97.67,2581.407231599665,404.1666666666666,404.1666666666666
2025-04-17 16:00:00,93.53,2580.306076771744,404.1666666666666,404.1666666666666
2025-04-17 17:00:00,95.62,2581.907756521447,404.1666666666666,404.1666666666666
2025-04-17 18:00:00,107.12,2583.4393627821005,404.1666666666666,404.1666666666666
2025-04-17 19:00:00,124.26,2584.8408325630908,404.1666666666666,404.1666666666666
2025-04-17 20:00:00,121.95,2586.292354836259,404.1666666666666,404.1666666666666
2025-04-17 21:00:00,102.0,2586.562638294022,404.1666666666666,404.1666666666666
2025-04-17 22:00:00,93.22,2587.8940345859623,404.1666666666666,404.1666666666666
2025-04-17 23:00:00,88.25,2588.0942445546752,404.1666666666666,404.1666666666666
2025-04-18 00:00:00,82.07,2587.063163215804,404.1666666666666,404.1666666666666
2025-04-18 01:00:00,80.7,2587.013110723626,404.1666666666666,404.1666666666666
2025-04-18 02:00:00,80.21,2588.1442970468534,404.1666666666666,404.1666666666666
2025-04-18 03:00:00,77.0,2588.2644230280816,404.1666666666666,404.1666666666666
2025-04-18 04:00:00,75.41,2588.3945595077444,404.1666666666666,404.1666666666666
2025-04-18 05:00:00,77.64,2587.8640030906554,404.1666666666666,404.1666666666666
2025-04-18 06:00:00,75.24,2588.5647379811508,404.1666666666666,404.1666666666666
2025-04-18 07:00:00,79.99,2588.8150004420418,404.1666666666666,404.1666666666666
2025-04-18 08:00:00,81.76,2588.01416056719,404.1666666666666,404.1666666666666
2025-04-18 09:00:00,84.75,2588.364528012438,404.1666666666666,404.1666666666666
2025-04-18 10:00:00,78.96,2587.5436671407147,404.1666666666666,404.1666666666666
2025-04-18 11:00:00,74.83,2586.7928797580416,404.1666666666666,404.1666666666666
2025-04-18 12:00:00,59.49,2585.261273497388,404.1666666666666,404.1666666666666
2025-04-18 13:00:00,44.47,2587.013110723626,404.1666666666666,404.1666666666666
2025-04-18 14:00:00,40.7,2586.0921448675467,404.1666666666666,404.1666666666666
2025-04-18 15:00:00,53.81,2584.4904651178435,404.1666666666666,404.1666666666666
2025-04-18 16:00:00,66.48,2583.689625242992,404.1666666666666,404.1666666666666
2025-04-18 17:00:00,86.06,2583.759698732041,404.1666666666666,404.1666666666666
2025-04-18 18:00:00,103.76,2582.208071474516,404.1666666666666,404.1666666666666
2025-04-18 19:00:00,124.18,2582.238102969824,404.1666666666666,404.1666666666666
2025-04-18 20:00:00,128.47,2584.039992688239,404.1666666666666,404.1666666666666
2025-04-18 21:00:00,115.97,2586.212270848774,404.1666666666666,404.1666666666666
2025-04-18 22:00:00,105.98,2589.2955043669526,404.1666666666666,404.1666666666666
2025-04-18 23:00:00,99.92,2590.716995144814,404.1666666666666,404.1666666666666
2025-04-19 00:00:00,102.95,2593.4999137099235,404.1666666666666,404.1666666666666
2025-04-19 01:00:00,93.94,2594.350806076953,404.1666666666666,404.1666666666666
2025-04-19 02:00:00,89.67,2595.7522758579435,404.1666666666666,404.1666666666666
2025-04-19 03:00:00,87.6,2596.2227692844185,404.1666666666666,404.1666666666666
2025-04-19 04:00:00,88.69,2595.6021183814087,404.1666666666666,404.1666666666666
2025-04-19 05:00:00,89.99,2596.4229792531314,404.1666666666666,404.1666666666666
2025-04-19 06:00:00,95.76,2595.07156196432,404.1666666666666,404.1666666666666
2025-04-19 07:00:00,96.7,2594.45091106131,404.1666666666666,404.1666666666666
2025-04-19 08:00:00,81.46,2596.1727167922404,404.1666666666666,404.1666666666666
2025-04-19 09:00:00,51.13,2593.850281155171,404.1666666666666,404.1666666666666
2025-04-19 10:00:00,10.33,2587.713845614121,404.1666666666666,404.1666666666666
2025-04-19 11:00:00,0.88,2583.5594887633283,404.1666666666666,404.1666666666666
2025-04-19 12:00:00,-1.17,2575.9815414475456,404.1666666666666,404.1666666666666
2025-04-19 13:00:00,-10.63,2567.042166344515,404.1666666666666,404.1666666666666
2025-04-19 14:00:00,-12.67,2561.065898778435,404.1666666666666,404.1666666666666
2025-04-19 15:00:00,-4.67,2559.3340825490686,404.1666666666666,404.1666666666666
2025-04-19 16:00:00,2.06,2559.033767595999,404.1666666666666,404.1666666666666
2025-04-19 17:00:00,61.25,2555.910492084078,404.1666666666666,404.1666666666666
2025-04-19 18:00:00,99.02,2554.4089173187317,404.1666666666666,404.1666666666666
2025-04-19 19:00:00,118.56,2553.007447537741,404.1666666666666,404.1666666666666
2025-04-19 20:00:00,123.25,2552.52694361283,404.1666666666666,404.1666666666666
2025-04-19 21:00:00,114.31,2558.513221677345,404.1666666666666,404.1666666666666
2025-04-19 22:00:00,102.79,2568.8941085551087,404.1666666666666,404.1666666666666
2025-04-19 23:00:00,96.48,2571.797153101446,404.1666666666666,404.1666666666666
2025-04-20 00:00:00,86.88,2573.579021822991,404.1666666666666,404.1666666666666
2025-04-20 01:00:00,83.04,2576.552139858377,404.1666666666666,404.1666666666666
2025-04-20 02:00:00,80.51,2579.5552893890704,404.1666666666666,404.1666666666666
2025-04-20 03:00:00,79.99,2581.657494060556,404.1666666666666,404.1666666666666
2025-04-20 04:00:00,81.02,2583.2892053055657,404.1666666666666,404.1666666666666
2025-04-20 05:00:00,82.63,2584.710696083428,404.1666666666666,404.1666666666666
2025-04-20 06:00:00,84.98,2584.1400976725954,404.1666666666666,404.1666666666666
2025-04-20 07:00:00,77.32,2577.883536150318,404.1666666666666,404.1666666666666
2025-04-20 08:00:00,52.0,2572.848255437189,404.1666666666666,404.1666666666666
2025-04-20 09:00:00,2.84,2570.475767307941,404.1666666666666,404.1666666666666
2025-04-20 10:00:00,-0.99,2569.4446859690697,404.1666666666666,404.1666666666666
2025-04-20 11:00:00,-13.24,2572.377762010713,404.1666666666666,404.1666666666666
2025-04-20 12:00:00,-32.08,2573.64909531204,404.1666666666666,404.1666666666666
2025-04-20 13:00:00,-40.82,2576.7823813223968,404.1666666666666,404.1666666666666
2025-04-20 14:00:00,-40.51,2578.554239545506,404.1666666666666,404.1666666666666
2025-04-20 15:00:00,-18.0,2579.5552893890704,404.1666666666666,404.1666666666666
2025-04-20 16:00:00,-5.32,2576.552139858377,404.1666666666666,404.1666666666666
2025-04-20 17:00:00,34.37,2573.629074315169,404.1666666666666,404.1666666666666
2025-04-20 18:00:00,97.89,2571.176502198436,404.1666666666666,404.1666666666666
2025-04-20 19:00:00,121.17,2571.426764659327,404.1666666666666,404.1666666666666
2025-04-20 20:00:00,126.66,2571.426764659327,404.1666666666666,404.1666666666666
2025-04-20 21:00:00,117.02,2575.0805965883374,404.1666666666666,404.1666666666666
2025-04-20 22:00:00,109.09,2578.9346384860605,404.1666666666666,404.1666666666666
2025-04-20 23:00:00,99.01,2581.1870006340805,404.1666666666666,404.1666666666666
2025-04-21 00:00:00,96.63,2583.409331286793,404.1666666666666,404.1666666666666
2025-04-21 01:00:00,93.07,2585.741777422299,404.1666666666666,404.1666666666666
2025-04-21 02:00:00,92.31,2585.341357484873,404.1666666666666,404.1666666666666
2025-04-21 03:00:00,91.51,2585.061063528675,404.1666666666666,404.1666666666666
2025-04-21 04:00:00,91.59,2586.5926697893287,404.1666666666666,404.1666666666666
2025-04-21 05:00:00,94.27,2585.2913049926947,404.1666666666666,404.1666666666666
2025-04-21 06:00:00,92.78,2583.6595937476845,404.1666666666666,404.1666666666666
2025-04-21 07:00:00,88.44,2585.011011036497,404.1666666666666,404.1666666666666
2025-04-21 08:00:00,77.68,2582.2581239666947,404.1666666666666,404.1666666666666
2025-04-21 09:00:00,58.46,2580.185950790516,404.1666666666666,404.1666666666666
2025-04-21 10:00:00,18.71,2576.7823813223968,404.1666666666666,404.1666666666666
2025-04-21 11:00:00,0.09,2576.101667428773,404.1666666666666,404.1666666666666
2025-04-21 12:00:00,0.0,2573.0284444090303,404.1666666666666,404.1666666666666
2025-04-21 13:00:00,-3.3,2573.9794417604166,404.1666666666666,404.1666666666666
2025-04-21 14:00:00,-2.54,2567.97314269903,404.1666666666666,404.1666666666666
2025-04-21 15:00:00,0.5,2566.7718828867523,404.1666666666666,404.1666666666666
2025-04-21 16:00:00,30.04,2567.923090206852,404.1666666666666,404.1666666666666
2025-04-21 17:00:00,77.8,2568.874087558237,404.1666666666666,404.1666666666666
2025-04-21 18:00:00,107.49,2569.074297526951,404.1666666666666,404.1666666666666
2025-04-21 19:00:00,120.6,2569.274507495664,404.1666666666666,404.1666666666666
2025-04-21 20:00:00,129.18,2571.1965231953072,404.1666666666666,404.1666666666666
2025-04-21 21:00:00,123.95,2572.928339424674,404.1666666666666,404.1666666666666
2025-04-21 22:00:00,115.06,2574.129599236951,404.1666666666666,404.1666666666666
2025-04-21 23:00:00,105.14,2576.2318039084366,404.1666666666666,404.1666666666666
2025-04-22 00:00:00,101.11,2577.853504655011,404.1666666666666,404.1666666666666
2025-04-22 01:00:00,93.68,2578.554239545506,404.1666666666666,404.1666666666666
2025-04-22 02:00:00,91.31,2579.605341881249,404.1666666666666,404.1666666666666
2025-04-22 03:00:00,91.05,2582.6084914119424,404.1666666666666,404.1666666666666
2025-04-22 04:00:00,93.47,2584.160118669467,404.1666666666666,404.1666666666666
2025-04-22 05:00:00,98.97,2582.7085963962986,404.1666666666666,404.1666666666666
2025-04-22 06:00:00,117.81,2581.156969138773,404.1666666666666,404.1666666666666
2025-04-22 07:00:00,143.72,2581.1870006340805,404.1666666666666,404.1666666666666
2025-04-22 08:00:00,128.33,2577.733378673784,404.1666666666666,404.1666666666666
2025-04-22 09:00:00,112.93,2574.850355124317,404.1666666666666,404.1666666666666
2025-04-22 10:00:00,97.97,2571.096418210951,404.1666666666666,404.1666666666666
2025-04-22 11:00:00,87.34,2564.0690483091284,404.1666666666666,404.1666666666666
2025-04-22 12:00:00,69.59,2567.873037714673,404.1666666666666,404.1666666666666
2025-04-22 13:00:00,60.03,2562.38728457194,404.1666666666666,404.1666666666666
2025-04-22 14:00:00,60.68,2561.3862347283757,404.1666666666666,404.1666666666666
2025-04-22 15:00:00,74.8,2558.6333476585733,404.1666666666666,404.1666666666666
2025-04-22 16:00:00,91.23,2560.235027408277,404.1666666666666,404.1666666666666
2025-04-22 17:00:00,110.01,2558.763484138237,404.1666666666666,404.1666666666666
2025-04-22 18:00:00,126.46,2554.859389748335,404.1666666666666,404.1666666666666
2025-04-22 19:00:00,153.08,2555.029568221741,404.1666666666666,404.1666666666666
2025-04-22 20:00:00,161.28,2557.732402799365,404.1666666666666,404.1666666666666
2025-04-22 21:00:00,141.66,2560.4652688722967,404.1666666666666,404.1666666666666
2025-04-22 22:00:00,123.95,2565.290329118277,404.1666666666666,404.1666666666666
2025-04-22 23:00:00,111.89,2568.7439510785744,404.1666666666666,404.1666666666666
2025-04-23 00:00:00,108.68,2571.7270796123967,404.1666666666666,404.1666666666666
2025-04-23 01:00:00,101.68,2572.978391916852,404.1666666666666,404.1666666666666
2025-04-23 02:00:00,99.0,2572.948360421545,404.1666666666666,404.1666666666666
2025-04-23 03:00:00,97.7,2577.202822256694,404.1666666666666,404.1666666666666
2025-04-23 04:00:00,98.77,2579.1048169594665,404.1666666666666,404.1666666666666
2025-04-23 05:00:00,110.09,2579.735478360912,404.1666666666666,404.1666666666666
2025-04-23 06:00:00,140.04,2577.803452162833,404.1666666666666,404.1666666666666
2025-04-23 07:00:00,167.42,2577.853504655011,404.1666666666666,404.1666666666666
2025-04-23 08:00:00,142.05,2575.931488955367,404.1666666666666,404.1666666666666
2025-04-23 09:00:00,113.35,2572.978391916852,404.1666666666666,404.1666666666666
2025-04-23 10:00:00,99.09,2574.7502501399613,404.1666666666666,404.1666666666666
2025-04-23 11:00:00,94.71,2570.275557339228,404.1666666666666,404.1666666666666
2025-04-23 12:00:00,87.92,2561.7366021736234,404.1666666666666,404.1666666666666
2025-04-23 13:00:00,84.1,2553.007447537741,404.1666666666666,404.1666666666666
2025-04-23 14:00:00,84.76,2549.8741615273843,404.1666666666666,404.1666666666666
2025-04-23 15:00:00,90.1,2549.804088038335,404.1666666666666,404.1666666666666
2025-04-23 16:00:00,96.81,2552.927363550256,404.1666666666666,404.1666666666666
2025-04-23 17:00:00,110.6,2558.232927721148,404.1666666666666,404.1666666666666
2025-04-23 18:00:00,127.63,2604.2611995282414,404.1666666666666,404.1666666666666
2025-04-23 19:00:00,160.86,2638.497104178146,404.1666666666666,404.1666666666666
2025-04-23 20:00:00,154.12,2697.979485882746,404.1666666666666,404.1666666666666
2025-04-23 21:00:00,123.88,2761.846465902158,404.1666666666666,404.1666666666666
2025-04-23 22:00:00,109.43,2826.24400233866,404.1666666666666,404.1666666666666
2025-04-23 23:00:00,100.71,2876.4666729902883,404.1666666666666,404.1666666666666
2025-04-24 00:00:00,91.55,2888.429218620884,404.1666666666666,404.1666666666666
2025-04-24 01:00:00,86.86,2889.079901019201,404.1666666666666,404.1666666666666
2025-04-24 02:00:00,85.05,2891.5324731359333,404.1666666666666,404.1666666666666
2025-04-24 03:00:00,84.31,2891.63257812029,404.1666666666666,404.1666666666666
2025-04-24 04:00:00,85.63,2891.3122421703497,404.1666666666666,404.1666666666666
2025-04-24 05:00:00,89.59,2890.0809508627653,404.1666666666666,404.1666666666666
2025-04-24 06:00:00,114.67,2888.7795860661317,404.1666666666666,404.1666666666666
2025-04-24 07:00:00,121.63,2887.177906316428,404.1666666666666,404.1666666666666
2025-04-24 08:00:00,116.43,2887.0577803352007,404.1666666666666,404.1666666666666
2025-04-24 09:00:00,103.3,2889.710562420646,404.1666666666666,404.1666666666666
2025-04-24 10:00:00,94.45,2888.1789561599926,404.1666666666666,404.1666666666666
2025-04-24 11:00:00,90.97,2886.106782983814,404.1666666666666,404.1666666666666
2025-04-24 12:00:00,86.97,2887.408147780448,404.1666666666666,404.1666666666666
2025-04-24 13:00:00,79.66,2882.873391989101,404.1666666666666,404.1666666666666
2025-04-24 14:00:00,78.9,2888.6594600849035,404.1666666666666,404.1666666666666
2025-04-24 15:00:00,84.3,2887.528273761676,404.1666666666666,404.1666666666666
2025-04-24 16:00:00,91.07,2886.1568354759925,404.1666666666666,404.1666666666666
2025-04-24 17:00:00,98.43,2885.005628155893,404.1666666666666,404.1666666666666
2025-04-24 18:00:00,111.26,2885.526174074547,404.1666666666666,404.1666666666666
2025-04-24 19:00:00,122.86,2886.7074128899526,404.1666666666666,404.1666666666666
2025-04-24 20:00:00,119.1,2886.3570454447054,404.1666666666666,404.1666666666666
2025-04-24 21:00:00,114.73,2888.128903667814,404.1666666666666,404.1666666666666
2025-04-24 22:00:00,102.73,2890.5114022954976,404.1666666666666,404.1666666666666
2025-04-24 23:00:00,91.73,2890.8817907376165,404.1666666666666,404.1666666666666
2025-04-25 00:00:00,90.54,2890.9618747251016,404.1666666666666,404.1666666666666
2025-04-25 01:00:00,86.53,2889.880740894052,404.1666666666666,404.1666666666666
2025-04-25 02:00:00,83.89,2889.3601949753984,404.1666666666666,404.1666666666666
2025-04-25 03:00:00,83.16,2890.311192326785,404.1666666666666,404.1666666666666
2025-04-25 04:00:00,83.47,2890.211087342428,404.1666666666666,404.1666666666666
2025-04-25 05:00:00,90.17,2887.97874619128,404.1666666666666,404.1666666666666
2025-04-25 06:00:00,104.69,2884.825439184052,404.1666666666666,404.1666666666666
2025-04-25 07:00:00,113.95,2882.6031085313384,404.1666666666666,404.1666666666666
2025-04-25 08:00:00,113.04,2878.949276602328,404.1666666666666,404.1666666666666
2025-04-25 09:00:00,97.77,2880.801218812923,404.1666666666666,404.1666666666666
2025-04-25 10:00:00,83.21,2879.8001689693583,404.1666666666666,404.1666666666666
2025-04-25 11:00:00,75.01,2879.8001689693583,404.1666666666666,404.1666666666666
2025-04-25 12:00:00,60.63,2880.420819872368,404.1666666666666,404.1666666666666
2025-04-25 13:00:00,52.01,2880.3507463833184,404.1666666666666,404.1666666666666
2025-04-25 14:00:00,49.76,2877.6679328025657,404.1666666666666,404.1666666666666
2025-04-25 15:00:00,55.01,2878.0983842352985,404.1666666666666,404.1666666666666
2025-04-25 16:00:00,68.75,2878.3686676930606,404.1666666666666,404.1666666666666
2025-04-25 17:00:00,80.99,2877.517775326031,404.1666666666666,404.1666666666666
2025-04-25 18:00:00,98.9,2877.617880310388,404.1666666666666,404.1666666666666
2025-04-25 19:00:00,117.27,2878.348646696189,404.1666666666666,404.1666666666666
2025-04-25 20:00:00,122.56,2878.2685627087044,404.1666666666666,404.1666666666666
2025-04-25 21:00:00,109.65,2880.150536414605,404.1666666666666,404.1666666666666
2025-04-25 22:00:00,98.89,2880.821239809794,404.1666666666666,404.1666666666666
2025-04-25 23:00:00,89.69,2884.2248092779128,404.1666666666666,404.1666666666666
2025-04-26 00:00:00,92.13,2805.7224805455885,404.1666666666666,404.1666666666666
2025-04-26 01:00:00,87.24,2871.111056327218,404.1666666666666,404.1666666666666
2025-04-26 02:00:00,85.15,2881.201638750348,404.1666666666666,404.1666666666666
2025-04-26 03:00:00,83.45,2883.353895914012,404.1666666666666,404.1666666666666
2025-04-26 04:00:00,83.96,2883.6742318639526,404.1666666666666,404.1666666666666
2025-04-26 05:00:00,86.33,2880.150536414605,404.1666666666666,404.1666666666666
2025-04-26 06:00:00,90.16,2879.369717536625,404.1666666666666,404.1666666666666
2025-04-26 07:00:00,78.76,2881.5720271924674,404.1666666666666,404.1666666666666
2025-04-26 08:00:00,68.44,2902.724210386984,404.1666666666666,404.1666666666666
2025-04-26 09:00:00,44.87,2919.7921102197583,404.1666666666666,404.1666666666666
2025-04-26 10:00:00,7.27,2920.7431075711443,404.1666666666666,404.1666666666666
2025-04-26 11:00:00,-2.75,2921.413810966332,404.1666666666666,404.1666666666666
2025-04-26 12:00:00,-6.0,2920.693055078966,404.1666666666666,404.1666666666666
2025-04-26 13:00:00,-18.4,2919.6119212479166,404.1666666666666,404.1666666666666
2025-04-26 14:00:00,-15.64,2918.66092389653,404.1666666666666,404.1666666666666
2025-04-26 15:00:00,-5.89,2916.658824209401,404.1666666666666,404.1666666666666
2025-04-26 16:00:00,-3.65,2914.786861001936,404.1666666666666,404.1666666666666
2025-04-26 17:00:00,37.69,2913.555569694352,404.1666666666666,404.1666666666666
2025-04-26 18:00:00,79.0,2912.784761314807,404.1666666666666,404.1666666666666
2025-04-26 19:00:00,96.6,2911.052945085441,404.1666666666666,404.1666666666666
2025-04-26 20:00:00,102.63,2910.282136705896,404.1666666666666,404.1666666666666
2025-04-26 21:00:00,91.99,2910.4322941824307,404.1666666666666,404.1666666666666
2025-04-26 22:00:00,87.51,2913.7057271708863,404.1666666666666,404.1666666666666
2025-04-26 23:00:00,80.12,2916.8590341781146,404.1666666666666,404.1666666666666
2025-04-27 00:00:00,66.74,2917.459664084253,404.1666666666666,404.1666666666666
2025-04-27 01:00:00,58.17,2917.459664084253,404.1666666666666,404.1666666666666
2025-04-27 02:00:00,53.13,2919.461763771382,404.1666666666666,404.1666666666666
2025-04-27 03:00:00,53.98,2921.1935800007486,404.1666666666666,404.1666666666666
2025-04-27 04:00:00,56.0,2922.114545856828,404.1666666666666,404.1666666666666
2025-04-27 05:00:00,61.32,2920.442792618075,404.1666666666666,404.1666666666666
2025-04-27 06:00:00,57.28,2921.3637584741546,404.1666666666666,404.1666666666666
2025-04-27 07:00:00,45.03,2924.0665930517785,404.1666666666666,404.1666666666666
2025-04-27 08:00:00,27.63,2923.2157006847488,404.1666666666666,404.1666666666666
2025-04-27 09:00:00,1.01,2920.0924251728275,404.1666666666666,404.1666666666666
2025-04-27 10:00:00,-7.58,2914.336388572332,404.1666666666666,404.1666666666666
2025-04-27 11:00:00,-29.36,2912.584551346094,404.1666666666666,404.1666666666666
2025-04-27 12:00:00,-58.12,2908.750530445242,404.1666666666666,404.1666666666666
2025-04-27 13:00:00,-83.72,2904.996593531875,404.1666666666666,404.1666666666666
2025-04-27 14:00:00,-74.64,2901.322740605994,404.1666666666666,404.1666666666666
2025-04-27 15:00:00,-30.68,2901.2726881138155,404.1666666666666,404.1666666666666
2025-04-27 16:00:00,-5.61,2897.188404752073,404.1666666666666,404.1666666666666
2025-04-27 17:00:00,22.5,2894.615706654112,404.1666666666666,404.1666666666666
2025-04-27 18:00:00,87.0,2895.436567525835,404.1666666666666,404.1666666666666
2025-04-27 19:00:00,110.03,2902.89438886039,404.1666666666666,404.1666666666666
2025-04-27 20:00:00,120.1,2904.075627675796,404.1666666666666,404.1666666666666
2025-04-27 21:00:00,109.31,2901.6230555590632,404.1666666666666,404.1666666666666
2025-04-27 22:00:00,98.95,2761.245835996019,404.1666666666666,404.1666666666666
2025-04-27 23:00:00,94.07,2480.9518797979717,404.1666666666666,404.1666666666666
2025-04-28 00:00:00,87.95,2226.334852087352,404.1666666666666,404.1666666666666
2025-04-28 01:00:00,85.51,2009.9879598962016,404.1666666666666,404.1666666666666
2025-04-28 02:00:00,85.27,1908.351369279102,404.1666666666666,404.1666666666666
2025-04-28 03:00:00,85.46,1901.2238943929235,404.1666666666666,404.1666666666666
2025-04-28 04:00:00,88.92,1898.0405558903883,404.1666666666666,404.1666666666666
2025-04-28 05:00:00,96.63,1896.0885086954372,404.1666666666666,404.1666666666666
2025-04-28 06:00:00,119.99,1895.017385362824,404.1666666666666,404.1666666666666
2025-04-28 07:00:00,120.68,1852.0723470739083,404.1666666666666,404.1666666666666
2025-04-28 08:00:00,102.16,1822.1910092435091,404.1666666666666,404.1666666666666
2025-04-28 09:00:00,71.73,1817.9065159130532,404.1666666666666,404.1666666666666
2025-04-28 10:00:00,34.69,1816.735287596083,404.1666666666666,404.1666666666666
2025-04-28 11:00:00,-3.94,1775.1917190881582,404.1666666666666,404.1666666666666
2025-04-28 12:00:00,-5.99,1713.79733218235,404.1666666666666,404.1666666666666
2025-04-28 13:00:00,-6.11,1710.493867698587,404.1666666666666,404.1666666666666
2025-04-28 14:00:00,-5.07,1709.3927128706664,404.1666666666666,404.1666666666666
2025-04-28 15:00:00,-4.91,1707.3906131835374,404.1666666666666,404.1666666666666
2025-04-28 16:00:00,21.62,1706.2894583556167,404.1666666666666,404.1666666666666
2025-04-28 17:00:00,79.33,1704.8879885746262,404.1666666666666,404.1666666666666
2025-04-28 18:00:00,107.17,1705.9891434025474,404.1666666666666,404.1666666666666
2025-04-28 19:00:00,140.15,1705.688828449478,404.1666666666666,404.1666666666666
2025-04-28 20:00:00,143.03,1707.690928136607,404.1666666666666,404.1666666666666
2025-04-28 21:00:00,124.25,1710.493867698587,404.1666666666666,404.1666666666666
2025-04-28 22:00:00,110.04,1712.4959673857163,404.1666666666666,404.1666666666666
2025-04-28 23:00:00,99.59,1713.997542151063,404.1666666666666,404.1666666666666
2025-04-29 00:00:00,97.72,1715.799431869479,404.1666666666666,404.1666666666666
2025-04-29 01:00:00,91.88,1715.999641838192,404.1666666666666,404.1666666666666
2025-04-29 02:00:00,89.3,1716.6002717443305,404.1666666666666,404.1666666666666
2025-04-29 03:00:00,87.61,1716.6002717443305,404.1666666666666,404.1666666666666
2025-04-29 04:00:00,89.31,1718.2019514940337,404.1666666666666,404.1666666666666
2025-04-29 05:00:00,94.34,1716.6002717443305,404.1666666666666,404.1666666666666
2025-04-29 06:00:00,114.17,1715.599221900766,404.1666666666666,404.1666666666666
2025-04-29 07:00:00,117.0,1716.8004817130434,404.1666666666666,404.1666666666666
2025-04-29 08:00:00,89.79,1719.5033162906675,404.1666666666666,404.1666666666666
2025-04-29 09:00:00,67.84,1720.504366134232,404.1666666666666,404.1666666666666
2025-04-29 10:00:00,16.22,1716.8004817130434,404.1666666666666,404.1666666666666
2025-04-29 11:00:00,1.89,1714.8984870102709,404.1666666666666,404.1666666666666
2025-04-29 12:00:00,-3.59,1711.3948125577954,404.1666666666666,404.1666666666666
2025-04-29 13:00:00,-4.46,1709.29260788631,404.1666666666666,404.1666666666666
2025-04-29 14:00:00,-4.92,1708.0913480740326,404.1666666666666,404.1666666666666
2025-04-29 15:00:00,0.05,1706.789983277399,404.1666666666666,404.1666666666666
2025-04-29 16:00:00,19.09,1705.3885134964085,404.1666666666666,404.1666666666666
2025-04-29 17:00:00,79.44,1705.1883035276958,404.1666666666666,404.1666666666666
2025-04-29 18:00:00,100.88,1704.9880935589829,404.1666666666666,404.1666666666666
2025-04-29 19:00:00,139.97,1705.1883035276958,404.1666666666666,404.1666666666666
2025-04-29 20:00:00,144.43,1705.3885134964085,404.1666666666666,404.1666666666666
2025-04-29 21:00:00,126.44,1708.6919779801715,404.1666666666666,404.1666666666666
2025-04-29 22:00:00,104.51,1711.294707573439,404.1666666666666,404.1666666666666
2025-04-29 23:00:00,95.92,1715.1988019633404,404.1666666666666,404.1666666666666
2025-04-30 00:00:00,90.89,1716.2999567912611,404.1666666666666,404.1666666666666
2025-04-30 01:00:00,84.29,1718.9026863845288,404.1666666666666,404.1666666666666
2025-04-30 02:00:00,83.41,1719.0027913688853,404.1666666666666,404.1666666666666
2025-04-30 03:00:00,84.21,1717.801531556608,404.1666666666666,404.1666666666666
2025-04-30 04:00:00,86.42,1717.801531556608,404.1666666666666,404.1666666666666
2025-04-30 05:00:00,90.72,1719.0027913688853,404.1666666666666,404.1666666666666
2025-04-30 06:00:00,108.3,1718.702476415816,404.1666666666666,404.1666666666666
2025-04-30 07:00:00,110.95,1718.4021614627466,404.1666666666666,404.1666666666666
2025-04-30 08:00:00,93.54,1717.0006916817565,404.1666666666666,404.1666666666666
2025-04-30 09:00:00,72.38,1714.197752119776,404.1666666666666,404.1666666666666
2025-04-30 10:00:00,16.28,1719.7035262593804,404.1666666666666,404.1666666666666
2025-04-30 11:00:00,5.14,1717.3010066348256,404.1666666666666,404.1666666666666
2025-04-30 12:00:00,-1.0,1710.9943926203696,404.1666666666666,404.1666666666666
2025-04-30 13:00:00,-4.75,1704.6877786059135,404.1666666666666,404.1666666666666
2025-04-30 14:00:00,-3.81,1702.4854689500717,404.1666666666666,404.1666666666666
2025-04-30 15:00:00,0.02,1701.3843141221507,404.1666666666666,404.1666666666666
2025-04-30 16:00:00,7.45,1702.3853639657152,404.1666666666666,404.1666666666666
2025-04-30 17:00:00,71.93,1707.090298230468,404.1666666666666,404.1666666666666
2025-04-30 18:00:00,94.09,1706.8900882617552,404.1666666666666,404.1666666666666
2025-04-30 19:00:00,130.05,1706.8900882617552,404.1666666666666,404.1666666666666
2025-04-30 20:00:00,140.02,1707.3906131835374,404.1666666666666,404.1666666666666
2025-04-30 21:00:00,122.18,1711.4949175421518,404.1666666666666,404.1666666666666
2025-04-30 22:00:00,101.82,1714.6982770415582,404.1666666666666,404.1666666666666
2025-04-30 23:00:00,92.65,1717.1007966661127,404.1666666666666,404.1666666666666
2025-05-01 00:00:00,95.36,1719.2030013375982,362.5,362.5
2025-05-01 01:00:00,91.26,1719.5033162906675,362.5,362.5
2025-05-01 02:00:00,88.54,1721.6055209621527,362.5,362.5
2025-05-01 03:00:00,87.16,1722.3062558526478,362.5,362.5
2025-05-01 04:00:00,85.19,1722.9068857587863,362.5,362.5
2025-05-01 05:00:00,86.58,1723.207200711856,362.5,362.5
2025-05-01 06:00:00,85.28,1723.5075156649252,362.5,362.5
2025-05-01 07:00:00,85.56,1722.6065708057172,362.5,362.5
2025-05-01 08:00:00,50.0,1721.7056259465094,362.5,362.5
2025-05-01 09:00:00,-1.16,1718.702476415816,362.5,362.5
2025-05-01 10:00:00,-8.47,1715.0986969789838,362.5,362.5
2025-05-01 11:00:00,-41.52,1712.195652432647,362.5,362.5
2025-05-01 12:00:00,-85.18,1708.4917680114586,362.5,362.5
2025-05-01 13:00:00,-105.93,1709.1925029019535,362.5,362.5
2025-05-01 14:00:00,-104.62,1704.8879885746262,362.5,362.5
2025-05-01 15:00:00,-56.7,1703.7868337467055,362.5,362.5
2025-05-01 16:00:00,-8.55,1701.884839043933,362.5,362.5
2025-05-01 17:00:00,15.32,1701.6846290752203,362.5,362.5
2025-05-01 18:00:00,89.78,1701.6846290752203,362.5,362.5
2025-05-01 19:00:00,109.04,1699.682529388091,362.5,362.5
2025-05-01 20:00:00,122.26,1703.1862038405668,362.5,362.5
2025-05-01 21:00:00,108.45,1706.4896683243296,362.5,362.5
2025-05-01 22:00:00,95.79,1711.5950225265085,362.5,362.5
2025-05-01 23:00:00,89.1,1714.8984870102709,362.5,362.5
2025-05-02 00:00:00,84.79,1717.401111619182,362.5,362.5
2025-05-02 01:00:00,72.91,1718.8025814001724,362.5,362.5
2025-05-02 02:00:00,69.59,1719.8036312437368,362.5,362.5
2025-05-02 03:00:00,65.19,1722.706675790074,362.5,362.5
2025-05-02 04:00:00,67.87,1721.3052060090836,362.5,362.5
2025-05-02 05:00:00,73.72,1721.8057309308658,362.5,362.5
2025-05-02 06:00:00,86.3,1721.5054159777965,362.5,362.5
2025-05-02 07:00:00,84.9,1721.2051010247271,362.5,362.5
2025-05-02 08:00:00,70.61,1719.603421275024,362.5,362.5
2025-05-02 09:00:00,35.75,1716.4000617756176,362.5,362.5
2025-05-02 10:00:00,5.03,1715.599221900766,362.5,362.5
2025-05-02 11:00:00,-2.35,1717.5012166035383,362.5,362.5
2025-05-02 12:00:00,-6.37,1707.290508199181,362.5,362.5
2025-05-02 13:00:00,-14.49,1702.4854689500717,362.5,362.5
2025-05-02 14:00:00,-14.82,1700.2831592942298,362.5,362.5
2025-05-02 15:00:00,-3.53,1700.2831592942298,362.5,362.5
2025-05-02 16:00:00,1.2,1699.882739356804,362.5,362.5
2025-05-02 17:00:00,51.78,1699.2821094506655,362.5,362.5
2025-05-02 18:00:00,98.63,1699.0818994819524,362.5,362.5
2025-05-02 19:00:00,115.59,1698.481269575814,362.5,362.5
2025-05-02 20:00:00,131.61,1699.982844341161,362.5,362.5
2025-05-02 21:00:00,115.6,1701.4844191065072,362.5,362.5
2025-05-02 22:00:00,99.95,1704.9880935589829,362.5,362.5
2025-05-02 23:00:00,89.98,1709.3927128706664,362.5,362.5
2025-05-03 00:00:00,92.99,1709.693027823736,362.5,362.5
2025-05-03 01:00:00,89.39,1710.2936577298744,362.5,362.5
2025-05-03 02:00:00,86.5,1710.8942876360131,362.5,362.5
2025-05-03 03:00:00,86.75,1710.9943926203696,362.5,362.5
2025-05-03 04:00:00,84.87,1713.096597291855,362.5,362.5
2025-05-03 05:00:00,87.0,1714.8984870102709,362.5,362.5
2025-05-03 06:00:00,88.05,1714.2978571041324,362.5,362.5
2025-05-03 07:00:00,80.34,1714.2978571041324,362.5,362.5
2025-05-03 08:00:00,70.6,1714.8984870102709,362.5,362.5
2025-05-03 09:00:00,39.61,1714.0976471354193,362.5,362.5
2025-05-03 10:00:00,1.77,1712.195652432647,362.5,362.5
2025-05-03 11:00:00,3.24,1710.6940776673002,362.5,362.5
2025-05-03 12:00:00,4.06,1708.391663027102,362.5,362.5
2025-05-03 13:00:00,-1.63,1707.290508199181,362.5,362.5
2025-05-03 14:00:00,-2.18,1710.0934477611615,362.5,362.5
2025-05-03 15:00:00,-0.85,1706.8900882617552,362.5,362.5
2025-05-03 16:00:00,1.08,1708.6919779801715,362.5,362.5
2025-05-03 17:00:00,22.1,1706.4896683243296,362.5,362.5
2025-05-03 18:00:00,70.5,1707.9912430896763,362.5,362.5
2025-05-03 19:00:00,80.74,1707.690928136607,362.5,362.5
2025-05-03 20:00:00,86.97,1709.7931328080922,362.5,362.5
2025-05-03 21:00:00,80.49,1710.0934477611615,362.5,362.5
2025-05-03 22:00:00,72.83,1711.3948125577954,362.5,362.5
2025-05-03 23:00:00,65.15,1711.3948125577954,362.5,362.5
2025-05-04 00:00:00,49.69,1712.0955474482903,362.5,362.5
2025-05-04 01:00:00,42.83,1711.3948125577954,362.5,362.5
2025-05-04 02:00:00,27.39,1713.296807260568,362.5,362.5
2025-05-04 03:00:00,18.25,1716.2999567912611,362.5,362.5
2025-05-04 04:00:00,18.08,1715.999641838192,362.5,362.5
2025-05-04 05:00:00,16.48,1716.9005866973998,362.5,362.5
2025-05-04 06:00:00,8.97,1716.6002717443305,362.5,362.5
2025-05-04 07:00:00,2.42,1714.7983820259144,362.5,362.5
2025-05-04 08:00:00,1.0,1715.699326885123,362.5,362.5
2025-05-04 09:00:00,-1.53,1716.0997468225482,362.5,362.5
2025-05-04 10:00:00,2.09,1715.999641838192,362.5,362.5
2025-05-04 11:00:00,2.29,1715.599221900766,362.5,362.5
2025-05-04 12:00:00,-0.95,1715.399011932053,362.5,362.5
2025-05-04 13:00:00,-5.19,1719.1028963532417,362.5,362.5
2025-05-04 14:00:00,-11.04,1720.2040511811626,362.5,362.5
2025-05-04 15:00:00,-5.29,1720.2040511811626,362.5,362.5
2025-05-04 16:00:00,0.08,1719.3031063219546,362.5,362.5
2025-05-04 17:00:00,13.35,1719.3031063219546,362.5,362.5
2025-05-04 18:00:00,77.4,1719.8036312437368,362.5,362.5
2025-05-04 19:00:00,100.03,1720.804681087301,362.5,362.5
2025-05-04 20:00:00,111.6,1720.804681087301,362.5,362.5
2025-05-04 21:00:00,104.78,1722.106045883935,362.5,362.5
2025-05-04 22:00:00,87.88,1724.6086704928462,362.5,362.5
2025-05-04 23:00:00,79.79,1726.810980148688,362.5,362.5
2025-05-05 00:00:00,74.99,1723.907935602351,362.5,362.5
2025-05-05 01:00:00,70.12,1723.907935602351,362.5,362.5
2025-05-05 02:00:00,67.07,1724.108145571064,362.5,362.5
2025-05-05 03:00:00,68.12,1725.1091954146284,362.5,362.5
2025-05-05 04:00:00,69.85,1725.8099303051235,362.5,362.5
2025-05-05 05:00:00,78.24,1725.009090430272,362.5,362.5
2025-05-05 06:00:00,102.87,1723.7077256336383,362.5,362.5
2025-05-05 07:00:00,114.99,1724.5085655084897,362.5,362.5
2025-05-05 08:00:00,98.9,1723.5075156649252,362.5,362.5
2025-05-05 09:00:00,80.47,1723.907935602351,362.5,362.5
2025-05-05 10:00:00,73.82,1723.3073056962123,362.5,362.5
2025-05-05 11:00:00,73.8,1724.2082505554206,362.5,362.5
2025-05-05 12:00:00,52.0,1725.1091954146284,362.5,362.5
2025-05-05 13:00:00,49.12,1725.3094053833413,362.5,362.5
2025-05-05 14:00:00,51.7,1725.8099303051235,362.5,362.5
2025-05-05 15:00:00,66.59,1725.2093003989849,362.5,362.5
2025-05-05 16:00:00,73.78,1727.6118200235396,362.5,362.5
2025-05-05 17:00:00,87.35,1726.6107701799751,362.5,362.5
2025-05-05 18:00:00,99.72,1726.7108751643316,362.5,362.5
2025-05-05 19:00:00,124.95,1727.711925007896,362.5,362.5
2025-05-05 20:00:00,131.26,1726.6107701799751,362.5,362.5
2025-05-05 21:00:00,109.62,1727.6118200235396,362.5,362.5
2025-05-05 22:00:00,99.41,1728.612869867104,362.5,362.5
2025-05-05 23:00:00,90.06,1728.7129748514606,362.5,362.5
2025-05-06 00:00:00,86.19,1728.813079835817,362.5,362.5
2025-05-06 01:00:00,80.56,1730.6149695542329,362.5,362.5
2025-05-06 02:00:00,80.88,1730.9152845073022,362.5,362.5
2025-05-06 03:00:00,81.48,1731.0153894916589,362.5,362.5
2025-05-06 04:00:00,83.75,1730.7150745385895,362.5,362.5
2025-05-06 05:00:00,88.91,1730.2145496168073,362.5,362.5
2025-05-06 06:00:00,108.2,1728.612869867104,362.5,362.5
2025-05-06 07:00:00,119.23,1728.612869867104,362.5,362.5
2025-05-06 08:00:00,96.15,1729.6139197106684,362.5,362.5
2025-05-06 09:00:00,81.18,1732.8172792100747,362.5,362.5
2025-05-06 10:00:00,71.98,1731.0153894916589,362.5,362.5
2025-05-06 11:00:00,71.92,1729.113394788886,362.5,362.5
2025-05-06 12:00:00,69.75,1729.8141296793813,362.5,362.5
2025-05-06 13:00:00,71.22,1730.1144446324506,362.5,362.5
2025-05-06 14:00:00,65.81,1730.5148645698766,362.5,362.5
2025-05-06 15:00:00,62.42,1730.5148645698766,362.5,362.5
2025-05-06 16:00:00,70.62,1729.513814726312,362.5,362.5
2025-05-06 17:00:00,83.72,1730.9152845073022,362.5,362.5
2025-05-06 18:00:00,99.08,1730.7150745385895,362.5,362.5
2025-05-06 19:00:00,126.8,1730.8151795229458,362.5,362.5
2025-05-06 20:00:00,136.04,1730.8151795229458,362.5,362.5
2025-05-06 21:00:00,120.83,1731.115494476015,362.5,362.5
2025-05-06 22:00:00,106.81,1731.515914413441,362.5,362.5
2025-05-06 23:00:00,96.99,1731.9163343508667,362.5,362.5
2025-05-07 00:00:00,89.6,1732.5169642570054,362.5,362.5
2025-05-07 01:00:00,88.69,1732.8172792100747,362.5,362.5
2025-05-07 02:00:00,86.83,1734.6191689284908,362.5,362.5
2025-05-07 03:00:00,86.85,1734.3188539754217,362.5,362.5
2025-05-07 04:00:00,87.96,1734.8193788972037,362.5,362.5
2025-05-07 05:00:00,96.95,1733.7182240692828,362.5,362.5
2025-05-07 06:00:00,115.59,1732.416859272649,362.5,362.5
2025-05-07 07:00:00,136.87,1731.6160193977971,362.5,362.5
2025-05-07 08:00:00,108.49,1732.0164393352231,362.5,362.5
2025-05-07 09:00:00,94.93,1731.315704444728,362.5,362.5
2025-05-07 10:00:00,81.01,1737.7224234435407,362.5,362.5
2025-05-07 11:00:00,70.03,1738.923683255818,362.5,362.5
2025-05-07 12:00:00,61.46,1736.220848678194,362.5,362.5
2025-05-07 13:00:00,58.48,1729.113394788886,362.5,362.5
2025-05-07 14:00:00,61.94,1728.2124499296783,362.5,362.5
2025-05-07 15:00:00,69.04,1729.3136047575993,362.5,362.5
2025-05-07 16:00:00,82.9,1731.2155994603718,362.5,362.5
2025-05-07 17:00:00,94.78,1729.6139197106684,362.5,362.5
2025-05-07 18:00:00,107.15,1730.2145496168073,362.5,362.5
2025-05-07 19:00:00,128.61,1730.41475958552,362.5,362.5
2025-05-07 20:00:00,140.9,1730.0143396480944,362.5,362.5
2025-05-07 21:00:00,120.48,1730.0143396480944,362.5,362.5
2025-05-07 22:00:00,106.35,1731.6160193977971,362.5,362.5
2025-05-07 23:00:00,94.58,1732.7171742257185,362.5,362.5
2025-05-08 00:00:00,89.83,1732.6170692413618,362.5,362.5
2025-05-08 01:00:00,85.73,1732.9173841944312,362.5,362.5
2025-05-08 02:00:00,84.52,1733.7182240692828,362.5,362.5
2025-05-08 03:00:00,84.46,1732.5169642570054,362.5,362.5
2025-05-08 04:00:00,86.88,1732.2166493039365,362.5,362.5
2025-05-08 05:00:00,96.45,1731.315704444728,362.5,362.5
2025-05-08 06:00:00,110.6,1729.4137097419557,362.5,362.5
2025-05-08 07:00:00,133.36,1728.412659898391,362.5,362.5
2025-05-08 08:00:00,119.21,1731.515914413441,362.5,362.5
2025-05-08 09:00:00,94.17,1730.3146546011635,362.5,362.5
2025-05-08 10:00:00,78.44,1728.7129748514606,362.5,362.5
2025-05-08 11:00:00,69.93,1728.0122399609654,362.5,362.5
2025-05-08 12:00:00,62.2,1726.0101402738364,362.5,362.5
2025-05-08 13:00:00,64.31,1722.506465821361,362.5,362.5
2025-05-08 14:00:00,70.31,1724.3083555397768,362.5,362.5
2025-05-08 15:00:00,71.73,1724.7087754772028,362.5,362.5
2025-05-08 16:00:00,77.0,1725.1091954146284,362.5,362.5
2025-05-08 17:00:00,94.19,1724.0080405867077,362.5,362.5
2025-05-08 18:00:00,102.87,1724.808880461559,362.5,362.5
2025-05-08 19:00:00,131.29,1723.5075156649252,362.5,362.5
2025-05-08 20:00:00,144.46,1725.3094053833413,362.5,362.5
2025-05-08 21:00:00,126.43,1725.3094053833413,362.5,362.5
2025-05-08 22:00:00,111.05,1725.91003528948,362.5,362.5
2025-05-08 23:00:00,99.98,1727.1112951017574,362.5,362.5
2025-05-09 00:00:00,99.82,1727.711925007896,362.5,362.5
2025-05-09 01:00:00,96.16,1728.7129748514606,362.5,362.5
2025-05-09 02:00:00,95.35,1727.711925007896,362.5,362.5
2025-05-09 03:00:00,94.9,1728.412659898391,362.5,362.5
2025-05-09 04:00:00,96.38,1728.9131848201732,362.5,362.5
2025-05-09 05:00:00,106.49,1726.810980148688,362.5,362.5
2025-05-09 06:00:00,125.05,1726.110245258193,362.5,362.5
2025-05-09 07:00:00,133.24,1726.3104552269058,362.5,362.5
2025-05-09 08:00:00,101.98,1735.119693850273,362.5,362.5
2025-05-09 09:00:00,86.5,1737.5222134748278,362.5,362.5
2025-05-09 10:00:00,70.3,1735.2197988346295,362.5,362.5
2025-05-09 11:00:00,66.09,1726.210350242549,362.5,362.5
2025-05-09 12:00:00,66.0,1729.4137097419557,362.5,362.5
2025-05-09 13:00:00,54.81,1729.9142346637375,362.5,362.5
2025-05-09 14:00:00,53.01,1723.8078306179946,362.5,362.5
2025-05-09 15:00:00,61.04,1724.0080405867077,362.5,362.5
2025-05-09 16:00:00,67.07,1721.6055209621527,362.5,362.5
2025-05-09 17:00:00,84.01,1721.6055209621527,362.5,362.5
2025-05-09 18:00:00,95.42,1722.6065708057172,362.5,362.5
2025-05-09 19:00:00,109.08,1722.4063608370045,362.5,362.5
2025-05-09 20:00:00,117.14,1722.6065708057172,362.5,362.5
2025-05-09 21:00:00,105.66,1723.5075156649252,362.5,362.5
2025-05-09 22:00:00,105.66,1724.108145571064,362.5,362.5
2025-05-09 23:00:00,96.98,1725.1091954146284,362.5,362.5
2025-05-10 00:00:00,102.48,1727.011190117401,362.5,362.5
2025-05-10 01:00:00,99.65,1729.2134997732428,362.5,362.5
2025-05-10 02:00:00,96.91,1730.1144446324506,362.5,362.5
2025-05-10 03:00:00,96.73,1730.2145496168073,362.5,362.5
2025-05-10 04:00:00,96.58,1731.6160193977971,362.5,362.5
2025-05-10 05:00:00,99.85,1730.9152845073022,362.5,362.5
2025-05-10 06:00:00,99.05,1730.6149695542329,362.5,362.5
2025-05-10 07:00:00,93.89,1730.9152845073022,362.5,362.5
2025-05-10 08:00:00,68.32,1730.6149695542329,362.5,362.5
2025-05-10 09:00:00,16.09,1727.9121349766087,362.5,362.5
2025-05-10 10:00:00,-0.95,1726.3104552269058,362.5,362.5
2025-05-10 11:00:00,-7.17,1724.2082505554206,362.5,362.5
2025-05-10 12:00:00,-34.29,1721.5054159777965,362.5,362.5
2025-05-10 13:00:00,-59.95,1721.4053109934398,362.5,362.5
2025-05-10 14:00:00,-61.37,1720.4042611498753,362.5,362.5
2025-05-10 15:00:00,-26.57,1718.502266447103,362.5,362.5
2025-05-10 16:00:00,-4.42,1715.2989069476969,362.5,362.5
2025-05-10 17:00:00,33.93,1715.399011932053,362.5,362.5
2025-05-10 18:00:00,84.04,1715.0986969789838,362.5,362.5
2025-05-10 19:00:00,103.2,1714.9985919946275,362.5,362.5
2025-05-10 20:00:00,106.96,1715.399011932053,362.5,362.5
2025-05-10 21:00:00,109.06,1717.3010066348256,362.5,362.5
2025-05-10 22:00:00,102.02,1719.603421275024,362.5,362.5
2025-05-10 23:00:00,89.08,1722.106045883935,362.5,362.5
2025-05-11 00:00:00,91.79,1723.0069907431432,362.5,362.5
2025-05-11 01:00:00,85.35,1723.1070957274994,362.5,362.5
2025-05-11 02:00:00,82.48,1723.907935602351,362.5,362.5
2025-05-11 03:00:00,82.39,1724.6086704928462,362.5,362.5
2025-05-11 04:00:00,81.73,1725.3094053833413,362.5,362.5
2025-05-11 05:00:00,79.39,1726.410560211262,362.5,362.5
2025-05-11 06:00:00,73.98,1727.011190117401,362.5,362.5
2025-05-11 07:00:00,61.99,1727.9121349766087,362.5,362.5
2025-05-11 08:00:00,15.78,1724.9089854459155,362.5,362.5
2025-05-11 09:00:00,2.69,1725.5096153520542,362.5,362.5
2025-05-11 10:00:00,-30.0,1723.7077256336383,362.5,362.5
2025-05-11 11:00:00,-106.21,1721.905835915222,362.5,362.5
2025-05-11 12:00:00,-222.61,1719.1028963532417,362.5,362.5
2025-05-11 13:00:00,-262.21,1718.0017415253208,362.5,362.5
2025-05-11 14:00:00,-261.6,1716.8004817130434,362.5,362.5
2025-05-11 15:00:00,-156.72,1715.999641838192,362.5,362.5
2025-05-11 16:00:00,-39.26,1715.599221900766,362.5,362.5
2025-05-11 17:00:00,6.27,1713.79733218235,362.5,362.5
2025-05-11 18:00:00,65.59,1714.4980670728453,362.5,362.5
2025-05-11 19:00:00,97.08,1713.296807260568,362.5,362.5
2025-05-11 20:00:00,103.59,1715.1988019633404,362.5,362.5
2025-05-11 21:00:00,101.03,1715.8995368538351,362.5,362.5
2025-05-11 22:00:00,84.58,1718.30205647839,362.5,362.5
2025-05-11 23:00:00,75.19,1719.903736228093,362.5,362.5
2025-05-12 00:00:00,74.18,1720.7045761029449,362.5,362.5
2025-05-12 01:00:00,71.9,1722.9068857587863,362.5,362.5
2025-05-12 02:00:00,70.51,1720.6044711185882,362.5,362.5
2025-05-12 03:00:00,72.96,1719.603421275024,362.5,362.5
2025-05-12 04:00:00,77.48,1719.8036312437368,362.5,362.5
2025-05-12 05:00:00,89.88,1718.2019514940337,362.5,362.5
2025-05-12 06:00:00,107.42,1718.0017415253208,362.5,362.5
2025-05-12 07:00:00,106.97,1717.9016365409643,362.5,362.5
2025-05-12 08:00:00,86.82,1716.6002717443305,362.5,362.5
2025-05-12 09:00:00,69.11,1717.2009016504694,362.5,362.5
2025-05-12 10:00:00,63.08,1716.7003767286872,362.5,362.5
2025-05-12 11:00:00,51.83,1716.6002717443305,362.5,362.5
2025-05-12 12:00:00,0.01,1716.6002717443305,362.5,362.5
2025-05-12 13:00:00,-0.93,1716.2999567912611,362.5,362.5
2025-05-12 14:00:00,18.53,1715.399011932053,362.5,362.5
2025-05-12 15:00:00,47.55,1714.2978571041324,362.5,362.5
2025-05-12 16:00:00,59.1,1716.500166759974,362.5,362.5
2025-05-12 17:00:00,69.55,1718.1018465096772,362.5,362.5
2025-05-12 18:00:00,99.65,1718.702476415816,362.5,362.5
2025-05-12 19:00:00,113.1,1719.0027913688853,362.5,362.5
2025-05-12 20:00:00,113.0,1721.0048910560142,362.5,362.5
2025-05-12 21:00:00,112.4,1722.106045883935,362.5,362.5
2025-05-12 22:00:00,98.14,1722.706675790074,362.5,362.5
2025-05-12 23:00:00,87.24,1722.9068857587863,362.5,362.5
2025-05-13 00:00:00,87.8,1723.8078306179946,362.5,362.5
2025-05-13 01:00:00,87.79,1723.3073056962123,362.5,362.5
2025-05-13 02:00:00,88.27,1722.9068857587863,362.5,362.5
2025-05-13 03:00:00,90.52,1724.0080405867077,362.5,362.5
2025-05-13 04:00:00,93.25,1723.6076206492817,362.5,362.5
2025-05-13 05:00:00,106.9,1723.0069907431432,362.5,362.5
2025-05-13 06:00:00,119.99,1721.5054159777965,362.5,362.5
2025-05-13 07:00:00,143.42,1721.905835915222,362.5,362.5
2025-05-13 08:00:00,104.66,1724.9089854459155,362.5,362.5
2025-05-13 09:00:00,79.31,1725.3094053833413,362.5,362.5
2025-05-13 10:00:00,39.93,1722.706675790074,362.5,362.5
2025-05-13 11:00:00,19.43,1719.4032113063108,362.5,362.5
2025-05-13 12:00:00,-8.98,1718.9026863845288,362.5,362.5
2025-05-13 13:00:00,-10.86,1717.7014265722514,362.5,362.5
2025-05-13 14:00:00,-9.3,1716.7003767286872,362.5,362.5
2025-05-13 15:00:00,-0.14,1715.599221900766,362.5,362.5
2025-05-13 16:00:00,14.94,1715.599221900766,362.5,362.5
2025-05-13 17:00:00,77.07,1716.4000617756176,362.5,362.5
2025-05-13 18:00:00,109.97,1714.3979620884886,362.5,362.5
2025-05-13 19:00:00,123.91,1714.5981720572015,362.5,362.5
2025-05-13 20:00:00,122.49,1714.2978571041324,362.5,362.5
2025-05-13 21:00:00,131.24,1716.7003767286872,362.5,362.5
2025-05-13 22:00:00,109.34,1719.0027913688853,362.5,362.5
2025-05-13 23:00:00,100.84,1722.106045883935,362.5,362.5
2025-05-14 00:00:00,100.38,1722.80678077443,362.5,362.5
2025-05-14 01:00:00,97.79,1724.108145571064,362.5,362.5
2025-05-14 02:00:00,95.45,1724.0080405867077,362.5,362.5
2025-05-14 03:00:00,95.36,1724.5085655084897,362.5,362.5
2025-05-14 04:00:00,99.29,1725.009090430272,362.5,362.5
2025-05-14 05:00:00,104.29,1725.1091954146284,362.5,362.5
2025-05-14 06:00:00,119.46,1725.6097203364106,362.5,362.5
2025-05-14 07:00:00,118.05,1724.808880461559,362.5,362.5
2025-05-14 08:00:00,91.1,1724.5085655084897,362.5,362.5
2025-05-14 09:00:00,67.96,1722.0059408995787,362.5,362.5
2025-05-14 10:00:00,8.28,1724.108145571064,362.5,362.5
2025-05-14 11:00:00,5.05,1717.0006916817565,362.5,362.5
2025-05-14 12:00:00,1.28,1717.0006916817565,362.5,362.5
2025-05-14 13:00:00,-2.99,1714.6982770415582,362.5,362.5
2025-05-14 14:00:00,2.6,1713.79733218235,362.5,362.5
2025-05-14 15:00:00,3.97,1713.096597291855,362.5,362.5
2025-05-14 16:00:00,4.48,1712.2957574170034,362.5,362.5
2025-05-14 17:00:00,59.69,1713.096597291855,362.5,362.5
2025-05-14 18:00:00,91.62,1712.9964923074986,362.5,362.5
2025-05-14 19:00:00,116.26,1713.1967022762117,362.5,362.5
2025-05-14 20:00:00,122.06,1715.0986969789838,362.5,362.5
2025-05-14 21:00:00,113.94,1717.401111619182,362.5,362.5
2025-05-14 22:00:00,100.17,1718.6023714314597,362.5,362.5
2025-05-14 23:00:00,89.75,1720.6044711185882,362.5,362.5
2025-05-15 00:00:00,92.71,1722.706675790074,362.5,362.5
2025-05-15 01:00:00,86.26,1723.907935602351,362.5,362.5
2025-05-15 02:00:00,86.37,1725.5096153520542,362.5,362.5
2025-05-15 03:00:00,86.93,1726.6107701799751,362.5,362.5
2025-05-15 04:00:00,87.45,1728.0122399609654,362.5,362.5
2025-05-15 05:00:00,90.01,1726.0101402738364,362.5,362.5
2025-05-15 06:00:00,105.39,1725.3094053833413,362.5,362.5
2025-05-15 07:00:00,112.27,1725.8099303051235,362.5,362.5
2025-05-15 08:00:00,94.99,1724.108145571064,362.5,362.5
2025-05-15 09:00:00,64.39,1721.7056259465094,362.5,362.5
2025-05-15 10:00:00,14.87,1724.5085655084897,362.5,362.5
2025-05-15 11:00:00,0.43,1722.0059408995787,362.5,362.5
2025-05-15 12:00:00,-0.99,1714.7983820259144,362.5,362.5
2025-05-15 13:00:00,-3.0,1711.6951275108647,362.5,362.5
2025-05-15 14:00:00,-1.0,1710.0934477611615,362.5,362.5
2025-05-15 15:00:00,43.05,1710.794182651657,362.5,362.5
2025-05-15 16:00:00,40.7,1711.3948125577954,362.5,362.5
2025-05-15 17:00:00,70.71,1711.294707573439,362.5,362.5
2025-05-15 18:00:00,86.44,1712.3958624013596,362.5,362.5
2025-05-15 19:00:00,106.14,1713.396912244924,362.5,362.5
2025-05-15 20:00:00,120.05,1715.599221900766,362.5,362.5
2025-05-15 21:00:00,115.09,1718.0017415253208,362.5,362.5
2025-05-15 22:00:00,104.03,1719.4032113063108,362.5,362.5
2025-05-15 23:00:00,95.98,1723.0069907431432,362.5,362.5
2025-05-16 00:00:00,96.58,1723.6076206492817,362.5,362.5
2025-05-16 01:00:00,93.47,1726.210350242549,362.5,362.5
2025-05-16 02:00:00,90.55,1725.8099303051235,362.5,362.5
2025-05-16 03:00:00,89.25,1726.810980148688,362.5,362.5
2025-05-16 04:00:00,90.8,1727.1112951017574,362.5,362.5
2025-05-16 05:00:00,97.07,1726.510665195619,362.5,362.5
2025-05-16 06:00:00,115.01,1724.808880461559,362.5,362.5
2025-05-16 07:00:00,116.55,1725.4095103676975,362.5,362.5
2025-05-16 08:00:00,101.2,1726.110245258193,362.5,362.5
2025-05-16 09:00:00,74.83,1726.3104552269058,362.5,362.5
2025-05-16 10:00:00,25.76,1729.513814726312,362.5,362.5
2025-05-16 11:00:00,12.0,1725.3094053833413,362.5,362.5
2025-05-16 12:00:00,9.64,1723.3073056962123,362.5,362.5
2025-05-16 13:00:00,3.72,1721.1049960403705,362.5,362.5
2025-05-16 14:00:00,6.83,1719.903736228093,362.5,362.5
2025-05-16 15:00:00,6.08,1719.3031063219546,362.5,362.5
2025-05-16 16:00:00,21.08,1717.9016365409643,362.5,362.5
2025-05-16 17:00:00,67.29,1717.601321587895,362.5,362.5
2025-05-16 18:00:00,91.57,1718.2019514940337,362.5,362.5
2025-05-16 19:00:00,112.68,1717.2009016504694,362.5,362.5
2025-05-16 20:00:00,121.97,1717.401111619182,362.5,362.5
2025-05-16 21:00:00,127.89,1718.4021614627466,362.5,362.5
2025-05-16 22:00:00,113.38,1720.9047860716576,362.5,362.5
2025-05-16 23:00:00,100.59,1721.6055209621527,362.5,362.5
2025-05-17 00:00:00,97.76,1722.6065708057172,362.5,362.5
2025-05-17 01:00:00,93.0,1723.7077256336383,362.5,362.5
2025-05-17 02:00:00,90.4,1724.808880461559,362.5,362.5
2025-05-17 03:00:00,90.39,1724.808880461559,362.5,362.5
2025-05-17 04:00:00,90.76,1726.7108751643316,362.5,362.5
2025-05-17 05:00:00,89.99,1726.510665195619,362.5,362.5
2025-05-17 06:00:00,82.94,1726.110245258193,362.5,362.5
2025-05-17 07:00:00,78.14,1727.1112951017574,362.5,362.5
2025-05-17 08:00:00,53.54,1725.1091954146284,362.5,362.5
2025-05-17 09:00:00,5.78,1721.4053109934398,362.5,362.5
2025-05-17 10:00:00,-1.98,1719.4032113063108,362.5,362.5
2025-05-17 11:00:00,-6.56,1717.401111619182,362.5,362.5
2025-05-17 12:00:00,-14.98,1716.0997468225482,362.5,362.5
2025-05-17 13:00:00,-31.84,1714.7983820259144,362.5,362.5
2025-05-17 14:00:00,-33.34,1713.1967022762117,362.5,362.5
2025-05-17 15:00:00,-12.51,1712.5960723700728,362.5,362.5
2025-05-17 16:00:00,-4.42,1712.2957574170034,362.5,362.5
2025-05-17 17:00:00,9.31,1712.3958624013596,362.5,362.5
2025-05-17 18:00:00,70.98,1711.7952324952212,362.5,362.5
2025-05-17 19:00:00,99.44,1711.995442463934,362.5,362.5
2025-05-17 20:00:00,109.0,1712.0955474482903,362.5,362.5
2025-05-17 21:00:00,115.99,1712.2957574170034,362.5,362.5
2025-05-17 22:00:00,112.97,1714.8984870102709,362.5,362.5
2025-05-17 23:00:00,102.98,1716.4000617756176,362.5,362.5
2025-05-18 00:00:00,97.59,1717.2009016504694,362.5,362.5
2025-05-18 01:00:00,94.5,1716.4000617756176,362.5,362.5
2025-05-18 02:00:00,90.07,1717.5012166035383,362.5,362.5
2025-05-18 03:00:00,87.24,1718.2019514940337,362.5,362.5
2025-05-18 04:00:00,89.38,1718.9026863845288,362.5,362.5
2025-05-18 05:00:00,90.93,1719.603421275024,362.5,362.5
2025-05-18 06:00:00,88.46,1720.2040511811626,362.5,362.5
2025-05-18 07:00:00,80.61,1720.6044711185882,362.5,362.5
2025-05-18 08:00:00,47.93,1719.903736228093,362.5,362.5
2025-05-18 09:00:00,4.91,1716.6002717443305,362.5,362.5
2025-05-18 10:00:00,-1.17,1714.7983820259144,362.5,362.5
2025-05-18 11:00:00,-2.88,1712.5960723700728,362.5,362.5
2025-05-18 12:00:00,-10.83,1710.2936577298744,362.5,362.5
2025-05-18 13:00:00,-20.14,1708.7920829645277,362.5,362.5
2025-05-18 14:00:00,-22.81,1707.3906131835374,362.5,362.5
2025-05-18 15:00:00,-13.04,1706.389563339973,362.5,362.5
2025-05-18 16:00:00,-1.38,1706.0892483869036,362.5,362.5
2025-05-18 17:00:00,1.19,1706.1893533712605,362.5,362.5
2025-05-18 18:00:00,75.64,1705.8890384181907,362.5,362.5
2025-05-18 19:00:00,107.66,1706.0892483869036,362.5,362.5
2025-05-18 20:00:00,110.04,1706.1893533712605,362.5,362.5
2025-05-18 21:00:00,109.42,1707.3906131835374,362.5,362.5
2025-05-18 22:00:00,109.79,1710.193552745518,362.5,362.5
2025-05-18 23:00:00,105.72,1712.7962823387857,362.5,362.5
2025-05-19 00:00:00,99.75,1712.7962823387857,362.5,362.5
2025-05-19 01:00:00,95.6,1714.3979620884886,362.5,362.5
2025-05-19 02:00:00,92.78,1716.500166759974,362.5,362.5
2025-05-19 03:00:00,93.11,1717.7014265722514,362.5,362.5
2025-05-19 04:00:00,95.01,1717.3010066348256,362.5,362.5
2025-05-19 05:00:00,101.85,1716.8004817130434,362.5,362.5
2025-05-19 06:00:00,119.59,1717.0006916817565,362.5,362.5
2025-05-19 07:00:00,134.05,1716.6002717443305,362.5,362.5
2025-05-19 08:00:00,108.88,1713.997542151063,362.5,362.5
2025-05-19 09:00:00,90.92,1712.2957574170034,362.5,362.5
2025-05-19 10:00:00,68.36,1709.3927128706664,362.5,362.5
2025-05-19 11:00:00,37.05,1706.1893533712605,362.5,362.5
2025-05-19 12:00:00,14.29,1704.1872536841313,362.5,362.5
2025-05-19 13:00:00,8.49,1702.6856789187848,362.5,362.5
2025-05-19 14:00:00,8.82,1701.6846290752203,362.5,362.5
2025-05-19 15:00:00,27.3,1699.3822144350218,362.5,362.5
2025-05-19 16:00:00,68.22,1698.3811645914573,362.5,362.5
2025-05-19 17:00:00,87.85,1697.0797997948237,362.5,362.5
2025-05-19 18:00:00,111.78,1697.17990477918,362.5,362.5
2025-05-19 19:00:00,149.41,1701.0839991690814,362.5,362.5
2025-05-19 20:00:00,173.75,1697.17990477918,362.5,362.5
2025-05-19 21:00:00,152.98,1696.1788549356156,362.5,362.5
2025-05-19 22:00:00,123.72,1698.5813745601702,362.5,362.5
2025-05-19 23:00:00,112.69,1701.884839043933,362.5,362.5
2025-05-20 00:00:00,112.25,1702.8858888874977,362.5,362.5
2025-05-20 01:00:00,107.26,1703.1862038405668,362.5,362.5
2025-05-20 02:00:00,104.4,1704.1872536841313,362.5,362.5
2025-05-20 03:00:00,104.66,1705.088198543339,362.5,362.5
2025-05-20 04:00:00,105.51,1704.8879885746262,362.5,362.5
2025-05-20 05:00:00,113.03,1704.587673621557,362.5,362.5
2025-05-20 06:00:00,143.79,1703.686728762349,362.5,362.5
2025-05-20 07:00:00,138.41,1702.6856789187848,362.5,362.5
2025-05-20 08:00:00,109.55,1704.1872536841313,362.5,362.5
2025-05-20 09:00:00,86.38,1704.4875686372006,362.5,362.5
2025-05-20 10:00:00,61.06,1700.2831592942298,362.5,362.5
2025-05-20 11:00:00,28.88,1699.882739356804,362.5,362.5
2025-05-20 12:00:00,12.42,1697.9807446540317,362.5,362.5
2025-05-20 13:00:00,10.14,1695.2779100764076,362.5,362.5
2025-05-20 14:00:00,11.89,1694.3769652171995,362.5,362.5
2025-05-20 15:00:00,39.78,1693.9765452797735,362.5,362.5
2025-05-20 16:00:00,74.84,1695.077700107695,362.5,362.5
2025-05-20 17:00:00,91.03,1694.777385154625,362.5,362.5
2025-05-20 18:00:00,111.65,1695.077700107695,362.5,362.5
2025-05-20 19:00:00,140.83,1697.17990477918,362.5,362.5
2025-05-20 20:00:00,169.0,1696.9796948104672,362.5,362.5
2025-05-20 21:00:00,147.19,1698.080849638388,362.5,362.5
2025-05-20 22:00:00,123.0,1698.481269575814,362.5,362.5
2025-05-20 23:00:00,109.09,1698.6814795445268,362.5,362.5
2025-05-21 00:00:00,106.36,1698.6814795445268,362.5,362.5
2025-05-21 01:00:00,102.49,1699.7826343724478,362.5,362.5
2025-05-21 02:00:00,100.49,1700.082949325517,362.5,362.5
2025-05-21 03:00:00,98.96,1699.7826343724478,362.5,362.5
2025-05-21 04:00:00,98.97,1699.5824244037346,362.5,362.5
2025-05-21 05:00:00,102.38,1699.2821094506655,362.5,362.5
2025-05-21 06:00:00,110.89,1697.3801147478928,362.5,362.5
2025-05-21 07:00:00,116.83,1697.2800097635366,362.5,362.5
2025-05-21 08:00:00,102.33,1697.4802197322497,362.5,362.5
2025-05-21 09:00:00,94.01,1696.679379857398,362.5,362.5
2025-05-21 10:00:00,89.92,1696.5792748730414,362.5,362.5
2025-05-21 11:00:00,79.97,1694.8774901389818,362.5,362.5
2025-05-21 12:00:00,76.07,1452.8236379650962,362.5,362.5
2025-05-21 13:00:00,75.4,1518.9930326247068,362.5,362.5
2025-05-21 14:00:00,75.21,1524.3987017799548,362.5,362.5
2025-05-21 15:00:00,76.18,1524.4988067643114,362.5,362.5
2025-05-21 16:00:00,84.61,1525.3997516235193,362.5,362.5
2025-05-21 17:00:00,100.2,1526.901326388866,362.5,362.5
2025-05-21 18:00:00,110.01,1527.9023762324305,362.5,362.5
2025-05-21 19:00:00,114.02,1528.1025862011434,362.5,362.5
2025-05-21 20:00:00,131.57,1530.3048958569852,362.5,362.5
2025-05-21 21:00:00,114.96,1530.505105825698,362.5,362.5
2025-05-21 22:00:00,104.93,1529.9044759195592,362.5,362.5
2025-05-21 23:00:00,100.26,1530.505105825698,362.5,362.5
2025-05-22 00:00:00,96.17,1531.1057357318366,362.5,362.5
2025-05-22 01:00:00,92.28,1530.4050008413417,362.5,362.5
2025-05-22 02:00:00,90.8,1529.9044759195592,362.5,362.5
2025-05-22 03:00:00,89.46,1530.1046858882723,362.5,362.5
2025-05-22 04:00:00,88.98,1530.1046858882723,362.5,362.5
2025-05-22 05:00:00,95.26,1530.505105825698,362.5,362.5
2025-05-22 06:00:00,107.33,1531.5061556692626,362.5,362.5
2025-05-22 07:00:00,115.61,1530.004580903916,362.5,362.5
2025-05-22 08:00:00,108.57,1560.0360762108496,362.5,362.5
2025-05-22 09:00:00,103.23,1608.887308576795,362.5,362.5
2025-05-22 10:00:00,103.61,1625.8050509330342,362.5,362.5
2025-05-22 11:00:00,102.06,1623.702846261549,362.5,362.5
2025-05-22 12:00:00,96.08,1623.702846261549,362.5,362.5
2025-05-22 13:00:00,94.93,1620.8999066995684,362.5,362.5
2025-05-22 14:00:00,96.8,1623.6027412771923,362.5,362.5
2025-05-22 15:00:00,95.96,1625.4046309956086,362.5,362.5
2025-05-22 16:00:00,94.97,1645.6258378356106,362.5,362.5
2025-05-22 17:00:00,96.66,1657.137911036602,362.5,362.5
2025-05-22 18:00:00,102.94,1656.6373861148195,362.5,362.5
2025-05-22 19:00:00,111.77,1657.938750911453,362.5,362.5
2025-05-22 20:00:00,118.98,1659.7406406298694,362.5,362.5
2025-05-22 21:00:00,119.11,1659.9408505985823,362.5,362.5
2025-05-22 22:00:00,108.99,1661.442425363929,362.5,362.5
2025-05-22 23:00:00,100.95,1660.341270536008,362.5,362.5
2025-05-23 00:00:00,101.79,1659.1400107237307,362.5,362.5
2025-05-23 01:00:00,97.57,1658.4392758332356,362.5,362.5
2025-05-23 02:00:00,93.23,1658.739590786305,362.5,362.5
2025-05-23 03:00:00,94.11,1658.739590786305,362.5,362.5
2025-05-23 04:00:00,94.96,1658.539380817592,362.5,362.5
2025-05-23 05:00:00,101.86,1660.2411655516516,362.5,362.5
2025-05-23 06:00:00,116.12,1659.7406406298694,362.5,362.5
2025-05-23 07:00:00,120.99,1658.9398007550178,362.5,362.5
2025-05-23 08:00:00,108.25,1658.0388558958098,362.5,362.5
2025-05-23 09:00:00,86.34,1663.444525051058,362.5,362.5
2025-05-23 10:00:00,81.08,1666.848094519177,362.5,362.5
2025-05-23 11:00:00,76.93,1666.647884550464,362.5,362.5
2025-05-23 12:00:00,60.49,1666.848094519177,362.5,362.5
2025-05-23 13:00:00,56.59,1667.5488294096722,362.5,362.5
2025-05-23 14:00:00,54.88,1666.7479895348206,362.5,362.5
2025-05-23 15:00:00,63.78,1666.9481995035335,362.5,362.5
2025-05-23 16:00:00,78.61,1667.749039378385,362.5,362.5
2025-05-23 17:00:00,86.22,1667.8491443627413,362.5,362.5
2025-05-23 18:00:00,95.6,1667.749039378385,362.5,362.5
2025-05-23 19:00:00,113.19,1664.6457848633354,362.5,362.5
2025-05-23 20:00:00,143.43,1665.1463097851176,362.5,362.5
2025-05-23 21:00:00,140.93,1669.2506141437318,362.5,362.5
2025-05-23 22:00:00,117.24,1671.2527138308606,362.5,362.5
2025-05-23 23:00:00,102.1,1671.7532387526428,362.5,362.5
2025-05-24 00:00:00,106.49,1641.1211135395706,362.5,362.5
2025-05-24 01:00:00,100.15,1425.0945572983603,362.5,362.5
2025-05-24 02:00:00,97.16,1177.134511047445,362.5,362.5
2025-05-24 03:00:00,96.2,934.6802389361334,362.5,362.5
2025-05-24 04:00:00,97.45,738.3743646131434,362.5,362.5
2025-05-24 05:00:00,98.22,722.9581970222507,362.5,362.5
2025-05-24 06:00:00,97.23,722.9581970222507,362.5,362.5
2025-05-24 07:00:00,93.5,723.1584069909636,362.5,362.5
2025-05-24 08:00:00,76.51,723.7590368971023,362.5,362.5
2025-05-24 09:00:00,32.53,724.159456834528,362.5,362.5
2025-05-24 10:00:00,0.07,724.0593518501715,362.5,362.5
2025-05-24 11:00:00,1.0,724.0593518501715,362.5,362.5
2025-05-24 12:00:00,-2.04,723.8591418814588,362.5,362.5
2025-05-24 13:00:00,-2.05,723.2585119753201,362.5,362.5
2025-05-24 14:00:00,-2.78,723.2585119753201,362.5,362.5
2025-05-24 15:00:00,-1.38,723.3586169596765,362.5,362.5
2025-05-24 16:00:00,2.25,723.1584069909636,362.5,362.5
2025-05-24 17:00:00,56.04,722.8580920378943,362.5,362.5
2025-05-24 18:00:00,92.8,722.9581970222507,362.5,362.5
2025-05-24 19:00:00,103.84,723.0583020066072,362.5,362.5
2025-05-24 20:00:00,116.31,722.7579870535378,362.5,362.5
2025-05-24 21:00:00,110.37,722.6578820691814,362.5,362.5
2025-05-24 22:00:00,102.46,723.0583020066072,362.5,362.5
2025-05-24 23:00:00,94.26,723.3586169596765,362.5,362.5
2025-05-25 00:00:00,71.7,723.0583020066072,362.5,362.5
2025-05-25 01:00:00,69.5,723.1584069909636,362.5,362.5
2025-05-25 02:00:00,60.92,723.0583020066072,362.5,362.5
2025-05-25 03:00:00,56.53,723.1584069909636,362.5,362.5
2025-05-25 04:00:00,39.06,722.9581970222507,362.5,362.5
2025-05-25 05:00:00,27.56,722.4576721004685,362.5,362.5
2025-05-25 06:00:00,9.46,722.5577770848249,362.5,362.5
2025-05-25 07:00:00,4.16,722.6578820691814,362.5,362.5
2025-05-25 08:00:00,1.77,722.8580920378943,362.5,362.5
2025-05-25 09:00:00,4.02,723.2585119753201,362.5,362.5
2025-05-25 10:00:00,0.0,723.3586169596765,362.5,362.5
2025-05-25 11:00:00,-3.0,723.5588269283893,362.5,362.5
2025-05-25 12:00:00,-8.37,723.5588269283893,362.5,362.5
2025-05-25 13:00:00,-9.55,723.2585119753201,362.5,362.5
2025-05-25 14:00:00,-14.72,723.6589319127459,362.5,362.5
2025-05-25 15:00:00,-14.88,723.5588269283893,362.5,362.5
2025-05-25 16:00:00,-4.99,723.458721944033,362.5,362.5
2025-05-25 17:00:00,1.81,723.3586169596765,362.5,362.5
2025-05-25 18:00:00,66.12,722.9581970222507,362.5,362.5
2025-05-25 19:00:00,78.93,722.4576721004685,362.5,362.5
2025-05-25 20:00:00,96.15,722.9581970222507,362.5,362.5
2025-05-25 21:00:00,100.03,722.7579870535378,362.5,362.5
2025-05-25 22:00:00,98.55,722.8580920378943,362.5,362.5
2025-05-25 23:00:00,92.75,723.1584069909636,362.5,362.5
2025-05-26 00:00:00,84.44,723.2585119753201,362.5,362.5
2025-05-26 01:00:00,75.12,723.2585119753201,362.5,362.5
2025-05-26 02:00:00,71.03,723.5588269283893,362.5,362.5
2025-05-26 03:00:00,71.73,723.2585119753201,362.5,362.5
2025-05-26 04:00:00,76.16,723.2585119753201,362.5,362.5
2025-05-26 05:00:00,88.03,722.6578820691814,362.5,362.5
2025-05-26 06:00:00,110.84,722.357567116112,362.5,362.5
2025-05-26 07:00:00,118.83,722.0572521630427,362.5,362.5
2025-05-26 08:00:00,95.8,721.9571471786863,362.5,362.5
2025-05-26 09:00:00,86.06,722.1573571473991,362.5,362.5
2025-05-26 10:00:00,72.61,722.1573571473991,362.5,362.5
2025-05-26 11:00:00,65.21,722.2574621317556,362.5,362.5
2025-05-26 12:00:00,50.03,722.6578820691814,362.5,362.5
2025-05-26 13:00:00,45.08,722.2574621317556,362.5,362.5
2025-05-26 14:00:00,45.07,722.5577770848249,362.5,362.5
2025-05-26 15:00:00,48.95,722.357567116112,362.5,362.5
2025-05-26 16:00:00,67.4,722.2574621317556,362.5,362.5
2025-05-26 17:00:00,85.0,721.9571471786863,362.5,362.5
2025-05-26 18:00:00,95.67,721.7569372099733,362.5,362.5
2025-05-26 19:00:00,121.09,721.4566222569041,362.5,362.5
2025-05-26 20:00:00,158.33,721.5567272412604,362.5,362.5
2025-05-26 21:00:00,151.35,721.5567272412604,362.5,362.5
2025-05-26 22:00:00,116.76,722.2574621317556,362.5,362.5
2025-05-26 23:00:00,97.3,722.357567116112,362.5,362.5
2025-05-27 00:00:00,94.46,722.4576721004685,362.5,362.5
2025-05-27 01:00:00,87.94,722.4576721004685,362.5,362.5
2025-05-27 02:00:00,84.5,722.5577770848249,362.5,362.5
2025-05-27 03:00:00,83.6,722.6578820691814,362.5,362.5
2025-05-27 04:00:00,83.59,722.2574621317556,362.5,362.5
2025-05-27 05:00:00,86.89,721.5567272412604,362.5,362.5
2025-05-27 06:00:00,93.19,721.1563073038346,362.5,362.5
2025-05-27 07:00:00,98.91,721.0562023194782,362.5,362.5
2025-05-27 08:00:00,95.94,721.3565172725476,362.5,362.5
2025-05-27 09:00:00,83.39,725.1605066780925,362.5,362.5
2025-05-27 10:00:00,82.95,724.9602967093797,362.5,362.5
2025-05-27 11:00:00,82.51,722.2574621317556,362.5,362.5
2025-05-27 12:00:00,69.59,722.4576721004685,362.5,362.5
2025-05-27 13:00:00,68.85,721.8570421943298,362.5,362.5
2025-05-27 14:00:00,73.8,721.8570421943298,362.5,362.5
2025-05-27 15:00:00,68.73,721.5567272412604,362.5,362.5
2025-05-27 16:00:00,72.31,721.5567272412604,362.5,362.5
2025-05-27 17:00:00,86.59,721.3565172725476,362.5,362.5
2025-05-27 18:00:00,104.8,721.4566222569041,362.5,362.5
2025-05-27 19:00:00,118.1,721.4566222569041,362.5,362.5
2025-05-27 20:00:00,143.32,721.2564122881911,362.5,362.5
2025-05-27 21:00:00,126.44,721.3565172725476,362.5,362.5
2025-05-27 22:00:00,103.36,721.4566222569041,362.5,362.5
2025-05-27 23:00:00,93.19,721.8570421943298,362.5,362.5
2025-05-28 00:00:00,82.55,721.7569372099733,362.5,362.5
2025-05-28 01:00:00,73.98,721.9571471786863,362.5,362.5
2025-05-28 02:00:00,73.05,722.1573571473991,362.5,362.5
2025-05-28 03:00:00,74.6,722.0572521630427,362.5,362.5
2025-05-28 04:00:00,73.86,721.5567272412604,362.5,362.5
2025-05-28 05:00:00,76.72,721.3565172725476,362.5,362.5
2025-05-28 06:00:00,90.23,720.8559923507654,362.5,362.5
2025-05-28 07:00:00,94.57,720.9560973351219,362.5,362.5
2025-05-28 08:00:00,93.11,720.9560973351219,362.5,362.5
2025-05-28 09:00:00,79.0,804.8941267180014,362.5,362.5
2025-05-28 10:00:00,74.61,821.0610816915676,362.5,362.5
2025-05-28 11:00:00,75.03,818.7586670513692,362.5,362.5
2025-05-28 12:00:00,73.96,888.2315261947425,362.5,362.5
2025-05-28 13:00:00,74.8,945.9120181809265,362.5,362.5
2025-05-28 14:00:00,77.78,944.7908423561342,362.5,362.5
2025-05-28 15:00:00,78.01,944.290317434352,362.5,362.5
2025-05-28 16:00:00,79.02,943.2091836033026,362.5,362.5
2025-05-28 17:00:00,81.99,959.0257711316208,362.5,362.5
2025-05-28 18:00:00,92.92,980.1479228308308,362.5,362.5
2025-05-28 19:00:00,103.03,1060.8125192252548,362.5,362.5
2025-05-28 20:00:00,128.07,1184.1218389555247,362.5,362.5
2025-05-28 21:00:00,120.94,1265.8275271872556,362.5,362.5
2025-05-28 22:00:00,107.95,1266.8786295229984,362.5,362.5
2025-05-28 23:00:00,95.03,1265.0467083092751,362.5,362.5
2025-05-29 00:00:00,92.34,1262.604146690978,362.5,362.5
2025-05-29 01:00:00,87.84,1259.6009971602846,362.5,362.5
2025-05-29 02:00:00,86.87,1264.0456584657109,362.5,362.5
2025-05-29 03:00:00,86.49,1436.4865045181243,362.5,362.5
2025-05-29 04:00:00,83.91,1624.683875108242,362.5,362.5
2025-05-29 05:00:00,84.09,1654.31495047775,362.5,362.5
2025-05-29 06:00:00,82.26,1659.8207246173545,362.5,362.5
2025-05-29 07:00:00,77.99,1666.027233647454,362.5,362.5
2025-05-29 08:00:00,71.52,1656.1568821899086,362.5,362.5
2025-05-29 09:00:00,35.88,1665.6268137100285,362.5,362.5
2025-05-29 10:00:00,3.84,1654.9856538729382,362.5,362.5
2025-05-29 11:00:00,-1.93,1641.5715859691743,362.5,362.5
2025-05-29 12:00:00,-2.99,1650.230667116007,362.5,362.5
2025-05-29 13:00:00,-4.67,1662.6637061730776,362.5,362.5
2025-05-29 14:00:00,-4.73,1662.793842652741,362.5,362.5
2025-05-29 15:00:00,-3.0,1659.3201996955722,362.5,362.5
2025-05-29 16:00:00,1.11,1660.791742965612,362.5,362.5
2025-05-29 17:00:00,28.61,1662.0230342731963,362.5,362.5
2025-05-29 18:00:00,70.97,1660.7216694765625,362.5,362.5
2025-05-29 19:00:00,86.35,1631.2607725804603,362.5,362.5
2025-05-29 20:00:00,90.98,1658.789643278483,362.5,362.5
2025-05-29 21:00:00,91.87,1659.7906931220475,362.5,362.5
2025-05-29 22:00:00,86.95,1665.046204800761,362.5,362.5
2025-05-29 23:00:00,74.91,1265.5472332310576,362.5,362.5
2025-05-30 00:00:00,71.11,722.357567116112,362.5,362.5
2025-05-30 01:00:00,67.9,722.5577770848249,362.5,362.5
2025-05-30 02:00:00,65.71,722.2574621317556,362.5,362.5
2025-05-30 03:00:00,54.61,722.357567116112,362.5,362.5
2025-05-30 04:00:00,62.36,722.1573571473991,362.5,362.5
2025-05-30 05:00:00,70.17,722.1573571473991,362.5,362.5
2025-05-30 06:00:00,75.09,721.9571471786863,362.5,362.5
2025-05-30 07:00:00,75.02,722.2574621317556,362.5,362.5
2025-05-30 08:00:00,70.05,721.8570421943298,362.5,362.5
2025-05-30 09:00:00,27.34,722.1573571473991,362.5,362.5
2025-05-30 10:00:00,-0.21,722.1573571473991,362.5,362.5
2025-05-30 11:00:00,-0.2,763.1803797366706,362.5,362.5
2025-05-30 12:00:00,-2.99,872.5650961429587,362.5,362.5
2025-05-30 13:00:00,-5.36,997.1457491745556,362.5,362.5
2025-05-30 14:00:00,-8.31,1082.8556367805445,362.5,362.5
2025-05-30 15:00:00,-3.33,1233.6437747166583,362.5,362.5
2025-05-30 16:00:00,-0.51,1238.048394028342,362.5,362.5
2025-05-30 17:00:00,13.2,1331.4163129375988,362.5,362.5
2025-05-30 18:00:00,70.92,1511.5852637823298,362.5,362.5
2025-05-30 19:00:00,96.4,1620.9199276964398,362.5,362.5
2025-05-30 20:00:00,101.03,1649.2095962755714,362.5,362.5
2025-05-30 21:00:00,114.41,1657.5183099771564,362.5,362.5
2025-05-30 22:00:00,107.6,1661.4624463608002,362.5,362.5
2025-05-30 23:00:00,95.7,1667.1283884753752,362.5,362.5
2025-05-31 00:00:00,99.61,1674.4360523333958,362.5,362.5
2025-05-31 01:00:00,95.98,1674.876514264564,362.5,362.5
2025-05-31 02:00:00,95.12,1677.7795588109009,362.5,362.5
2025-05-31 03:00:00,94.53,1679.7115850089804,362.5,362.5
2025-05-31 04:00:00,94.34,1679.0809236075347,362.5,362.5
2025-05-31 05:00:00,93.91,1674.205810869376,362.5,362.5
2025-05-31 06:00:00,93.19,1674.255863361554,362.5,362.5
2025-05-31 07:00:00,88.73,1673.57514946793,362.5,362.5
2025-05-31 08:00:00,63.23,1672.0735747025835,362.5,362.5
2025-05-31 09:00:00,13.43,1667.4287034284446,362.5,362.5
2025-05-31 10:00:00,-2.56,1663.3243990698302,362.5,362.5
2025-05-31 11:00:00,-3.05,1659.720619632998,362.5,362.5
2025-05-31 12:00:00,-10.76,1654.455097455849,362.5,362.5
2025-05-31 13:00:00,-14.56,1650.1305621316508,362.5,362.5
2025-05-31 14:00:00,-14.43,1649.9303521629377,362.5,362.5
2025-05-31 15:00:00,-3.76,1655.4861787947204,362.5,362.5
2025-05-31 16:00:00,1.3,1667.3486194409593,362.5,362.5
2025-05-31 17:00:00,48.16,1681.18312827902,362.5,362.5
2025-05-31 18:00:00,91.48,1693.8764402954173,362.5,362.5
2025-05-31 19:00:00,95.19,1710.5439201907657,362.5,362.5
2025-05-31 20:00:00,93.87,1725.28938438647,362.5,362.5
2025-05-31 21:00:00,99.38,1745.9510531576402,362.5,362.5
2025-05-31 22:00:00,100.37,1763.5495094075036,362.5,362.5
2025-05-31 23:00:00,99.97,1778.0647321391882,362.5,362.5
2025-06-01 00:00:00,85.49,1795.703230382794,404.1666666666666,404.1666666666666
2025-06-01 01:00:00,83.97,1813.0213926764588,404.1666666666666,404.1666666666666
2025-06-01 02:00:00,76.03,1827.86696185652,404.1666666666666,404.1666666666666
2025-06-01 03:00:00,70.46,1844.25414779567,404.1666666666666,404.1666666666666
2025-06-01 04:00:00,69.8,1859.1998219600875,404.1666666666666,404.1666666666666
2025-06-01 05:00:00,66.11,1874.8161995196929,404.1666666666666,404.1666666666666
2025-06-01 06:00:00,60.7,1889.181264774843,404.1666666666666,404.1666666666666
2025-06-01 07:00:00,35.8,1902.3450702177156,404.1666666666666,404.1666666666666
2025-06-01 08:00:00,8.88,1902.9957526160324,404.1666666666666,404.1666666666666
2025-06-01 09:00:00,-1.53,1903.11587859726,404.1666666666666,404.1666666666666
2025-06-01 10:00:00,-3.22,1909.102156661776,404.1666666666666,404.1666666666666
2025-06-01 11:00:00,-6.29,1905.818713174884,404.1666666666666,404.1666666666666
2025-06-01 12:00:00,-10.33,1903.8166134877551,404.1666666666666,404.1666666666666
2025-06-01 13:00:00,-15.85,1902.3951227098937,404.1666666666666,404.1666666666666
2025-06-01 14:00:00,-19.56,1899.842445608804,404.1666666666666,404.1666666666666
2025-06-01 15:00:00,-14.33,1901.514198847557,404.1666666666666,404.1666666666666
2025-06-01 16:00:00,-7.08,1900.393023022765,404.1666666666666,404.1666666666666
2025-06-01 17:00:00,2.06,1898.7412907808837,404.1666666666666,404.1666666666666
2025-06-01 18:00:00,42.68,1901.594282835042,404.1666666666666,404.1666666666666
2025-06-01 19:00:00,73.77,1913.6068809578155,404.1666666666666,404.1666666666666
2025-06-01 20:00:00,91.6,1918.4319412037964,404.1666666666666,404.1666666666666
2025-06-01 21:00:00,87.49,1919.73330600043,404.1666666666666,404.1666666666666
2025-06-01 22:00:00,87.5,1918.832361141222,404.1666666666666,404.1666666666666
2025-06-01 23:00:00,84.95,1919.1627075895983,404.1666666666666,404.1666666666666
2025-06-02 00:00:00,81.8,1920.9345658127077,404.1666666666666,404.1666666666666
2025-06-02 01:00:00,76.52,1921.0947337876776,404.1666666666666,404.1666666666666
2025-06-02 02:00:00,71.14,1918.9925291161924,404.1666666666666,404.1666666666666
2025-06-02 03:00:00,68.85,1918.3618677147467,404.1666666666666,404.1666666666666
2025-06-02 04:00:00,67.83,1918.932466125579,404.1666666666666,404.1666666666666
2025-06-02 05:00:00,82.9,1921.4350907344897,404.1666666666666,404.1666666666666
2025-06-02 06:00:00,95.26,1919.2628125739548,404.1666666666666,404.1666666666666
2025-06-02 07:00:00,104.99,1918.6621826678163,404.1666666666666,404.1666666666666
2025-06-02 08:00:00,103.0,1915.6089806449445,404.1666666666666,404.1666666666666
2025-06-02 09:00:00,81.49,1915.7291066261723,404.1666666666666,404.1666666666666
2025-06-02 10:00:00,66.45,1899.9125190978536,404.1666666666666,404.1666666666666
2025-06-02 11:00:00,56.31,1740.2050270555806,404.1666666666666,404.1666666666666
2025-06-02 12:00:00,39.78,1660.5214595078496,404.1666666666666,404.1666666666666
2025-06-02 13:00:00,29.29,1701.4844191065072,404.1666666666666,404.1666666666666
2025-06-02 14:00:00,30.0,1750.0353365193837,404.1666666666666,404.1666666666666
2025-06-02 15:00:00,41.39,1805.4734768559829,404.1666666666666,404.1666666666666
2025-06-02 16:00:00,48.95,1862.8336328922264,404.1666666666666,404.1666666666666
2025-06-02 17:00:00,84.22,1910.583710430251,404.1666666666666,404.1666666666666
2025-06-02 18:00:00,99.48,1921.0647022923708,404.1666666666666,404.1666666666666
2025-06-02 19:00:00,113.03,1922.2959935999552,404.1666666666666,404.1666666666666
2025-06-02 20:00:00,111.4,1923.767536869995,404.1666666666666,404.1666666666666
2025-06-02 21:00:00,105.14,1927.2211588302923,404.1666666666666,404.1666666666666
2025-06-02 22:00:00,104.99,1927.8418097333024,404.1666666666666,404.1666666666666
2025-06-02 23:00:00,101.48,1927.3012428177772,404.1666666666666,404.1666666666666
2025-06-03 00:00:00,100.2,1927.9218937207877,404.1666666666666,404.1666666666666
2025-06-03 01:00:00,94.0,1928.6026076144112,404.1666666666666,404.1666666666666
2025-06-03 02:00:00,92.1,1929.8739409157376,404.1666666666666,404.1666666666666
2025-06-03 03:00:00,90.0,1930.4044973328275,404.1666666666666,404.1666666666666
2025-06-03 04:00:00,91.09,1929.5736259626688,404.1666666666666,404.1666666666666
2025-06-03 05:00:00,101.99,1929.20323752055,404.1666666666666,404.1666666666666
2025-06-03 06:00:00,110.03,1928.4224186425697,404.1666666666666,404.1666666666666
2025-06-03 07:00:00,104.95,1927.57152627554,404.1666666666666,404.1666666666666
2025-06-03 08:00:00,84.65,1927.3212638146483,404.1666666666666,404.1666666666666
2025-06-03 09:00:00,65.09,1929.7738359313817,404.1666666666666,404.1666666666666
2025-06-03 10:00:00,25.18,1925.6395000774603,404.1666666666666,404.1666666666666
2025-06-03 11:00:00,58.24,1921.6953636938165,404.1666666666666,404.1666666666666
2025-06-03 12:00:00,53.95,1918.411920206925,404.1666666666666,404.1666666666666
2025-06-03 13:00:00,54.51,1916.0294215792417,404.1666666666666,404.1666666666666
2025-06-03 14:00:00,50.06,1914.958298246628,404.1666666666666,404.1666666666666
2025-06-03 15:00:00,27.01,1920.2338309222123,404.1666666666666,404.1666666666666
2025-06-03 16:00:00,35.04,1917.1606079024696,404.1666666666666,404.1666666666666
2025-06-03 17:00:00,63.91,1918.111605253856,404.1666666666666,404.1666666666666
2025-06-03 18:00:00,82.08,1920.0636524488064,404.1666666666666,404.1666666666666
2025-06-03 19:00:00,96.53,1919.9935789597569,404.1666666666666,404.1666666666666
2025-06-03 20:00:00,113.01,1920.634250859638,404.1666666666666,404.1666666666666
2025-06-03 21:00:00,113.2,1922.2359306093413,404.1666666666666,404.1666666666666
2025-06-03 22:00:00,94.65,1923.9977783340148,404.1666666666666,404.1666666666666
2025-06-03 23:00:00,82.59,1924.668481729203,404.1666666666666,404.1666666666666
2025-06-04 00:00:00,83.09,1925.7195840649456,404.1666666666666,404.1666666666666
2025-06-04 01:00:00,76.58,1925.419269111876,404.1666666666666,404.1666666666666
2025-06-04 02:00:00,71.6,1926.8207388928663,404.1666666666666,404.1666666666666
2025-06-04 03:00:00,73.44,1927.201137833421,404.1666666666666,404.1666666666666
2025-06-04 04:00:00,74.27,1926.8007178959951,404.1666666666666,404.1666666666666
2025-06-04 05:00:00,82.22,1927.7216837520743,404.1666666666666,404.1666666666666
2025-06-04 06:00:00,94.16,1927.6015577708467,404.1666666666666,404.1666666666666
2025-06-04 07:00:00,79.93,1925.9398150305296,404.1666666666666,404.1666666666666
2025-06-04 08:00:00,82.69,1925.739605061817,404.1666666666666,404.1666666666666
2025-06-04 09:00:00,69.31,1924.3681667761332,404.1666666666666,404.1666666666666
2025-06-04 10:00:00,49.3,1921.735405687559,404.1666666666666,404.1666666666666
2025-06-04 11:00:00,22.7,1916.990429429064,404.1666666666666,404.1666666666666
2025-06-04 12:00:00,14.35,1917.060502918113,404.1666666666666,404.1666666666666
2025-06-04 13:00:00,12.93,1916.8102404572217,404.1666666666666,404.1666666666666
2025-06-04 14:00:00,18.59,1918.0915842569843,404.1666666666666,404.1666666666666
2025-06-04 15:00:00,39.15,1916.830261454093,404.1666666666666,404.1666666666666
2025-06-04 16:00:00,65.64,1919.763337495737,404.1666666666666,404.1666666666666
2025-06-04 17:00:00,85.12,1927.621578767718,404.1666666666666,404.1666666666666
2025-06-04 18:00:00,100.02,1929.6236784548469,404.1666666666666,404.1666666666666
2025-06-04 19:00:00,100.97,1930.044119389144,404.1666666666666,404.1666666666666
2025-06-04 20:00:00,101.69,1930.424518329699,404.1666666666666,404.1666666666666
2025-06-04 21:00:00,103.78,1929.2733110095996,404.1666666666666,404.1666666666666
2025-06-04 22:00:00,100.91,1928.272261166035,404.1666666666666,404.1666666666666
2025-06-04 23:00:00,95.05,1929.8439094204311,404.1666666666666,404.1666666666666
2025-06-05 00:00:00,82.9,1929.6036574579755,404.1666666666666,404.1666666666666
2025-06-05 01:00:00,81.83,1929.643699451718,404.1666666666666,404.1666666666666
2025-06-05 02:00:00,78.96,1930.274360853164,404.1666666666666,404.1666666666666
2025-06-05 03:00:00,76.34,1931.8259881106887,404.1666666666666,404.1666666666666
2025-06-05 04:00:00,79.97,1930.5446443109263,404.1666666666666,404.1666666666666
2025-06-05 05:00:00,84.9,1931.745904123204,404.1666666666666,404.1666666666666
2025-06-05 06:00:00,87.19,1932.1062820668867,404.1666666666666,404.1666666666666
2025-06-05 07:00:00,79.78,1933.3776153682136,404.1666666666666,404.1666666666666
2025-06-05 08:00:00,82.04,1930.925043251481,404.1666666666666,404.1666666666666
2025-06-05 09:00:00,82.76,1930.4044973328275,404.1666666666666,404.1666666666666
2025-06-05 10:00:00,66.8,1928.942964561223,404.1666666666666,404.1666666666666
2025-06-05 11:00:00,41.7,1928.1421246863715,404.1666666666666,404.1666666666666
2025-06-05 12:00:00,17.62,1928.042019702015,404.1666666666666,404.1666666666666
2025-06-05 13:00:00,5.7,1922.396098584312,404.1666666666666,404.1666666666666
2025-06-05 14:00:00,8.6,1923.2369804529055,404.1666666666666,404.1666666666666
2025-06-05 15:00:00,19.95,1624.0832452021036,404.1666666666666,404.1666666666666
2025-06-05 16:00:00,47.87,1927.3713163068269,404.1666666666666,404.1666666666666
2025-06-05 17:00:00,78.28,1928.6026076144112,404.1666666666666,404.1666666666666
2025-06-05 18:00:00,67.18,1927.6415997645893,404.1666666666666,404.1666666666666
2025-06-05 19:00:00,68.47,1927.4213687990048,404.1666666666666,404.1666666666666
2025-06-05 20:00:00,66.8,1926.920843877223,404.1666666666666,404.1666666666666
2025-06-05 21:00:00,68.89,1927.1711063381144,404.1666666666666,404.1666666666666
2025-06-05 22:00:00,67.8,1927.3212638146483,404.1666666666666,404.1666666666666
2025-06-05 23:00:00,68.63,1927.8217887364308,404.1666666666666,404.1666666666666
2025-06-06 00:00:00,64.38,1927.4213687990048,404.1666666666666,404.1666666666666
2025-06-06 01:00:00,59.42,1928.4023976456983,404.1666666666666,404.1666666666666
2025-06-06 02:00:00,54.07,1928.072051197322,404.1666666666666,404.1666666666666
2025-06-06 03:00:00,49.92,1928.021998705144,404.1666666666666,404.1666666666666
2025-06-06 04:00:00,47.31,1926.8707913850449,404.1666666666666,404.1666666666666
2025-06-06 05:00:00,54.07,1927.000927864708,404.1666666666666,404.1666666666666
2025-06-06 06:00:00,63.06,1925.369216619698,404.1666666666666,404.1666666666666
2025-06-06 07:00:00,67.24,1925.419269111876,404.1666666666666,404.1666666666666
2025-06-06 08:00:00,51.99,1923.5973583965888,404.1666666666666,404.1666666666666
2025-06-06 09:00:00,16.95,1919.8934739754009,404.1666666666666,404.1666666666666
2025-06-06 10:00:00,-3.26,1917.210660394648,404.1666666666666,404.1666666666666
2025-06-06 11:00:00,-4.35,1917.3307863758755,404.1666666666666,404.1666666666666
2025-06-06 12:00:00,-4.99,1919.012550113064,404.1666666666666,404.1666666666666
2025-06-06 13:00:00,-7.8,1919.0926341005488,404.1666666666666,404.1666666666666
2025-06-06 14:00:00,-7.98,1916.960397933757,404.1666666666666,404.1666666666666
2025-06-06 15:00:00,-4.23,1915.258613199697,404.1666666666666,404.1666666666666
2025-06-06 16:00:00,0.0,1913.4066709891028,404.1666666666666,404.1666666666666
2025-06-06 17:00:00,9.96,1913.6869649453008,404.1666666666666,404.1666666666666
2025-06-06 18:00:00,59.33,1912.7259570954789,404.1666666666666,404.1666666666666
2025-06-06 19:00:00,91.2,1914.187489867083,404.1666666666666,404.1666666666666
2025-06-06 20:00:00,88.6,1918.5921091787663,404.1666666666666,404.1666666666666
2025-06-06 21:00:00,111.97,1920.3939988971829,404.1666666666666,404.1666666666666
2025-06-06 22:00:00,110.82,1919.9935789597569,404.1666666666666,404.1666666666666
2025-06-06 23:00:00,85.03,1921.1648072767275,404.1666666666666,404.1666666666666
2025-06-07 00:00:00,80.89,1921.2348807657768,404.1666666666666,404.1666666666666
2025-06-07 01:00:00,79.66,1922.0657521359356,404.1666666666666,404.1666666666666
2025-06-07 02:00:00,80.3,1922.616329549896,404.1666666666666,404.1666666666666
2025-06-07 03:00:00,80.31,1922.3660670890044,404.1666666666666,404.1666666666666
2025-06-07 04:00:00,79.73,1921.8955736625292,404.1666666666666,404.1666666666666
2025-06-07 05:00:00,83.09,1921.2348807657768,404.1666666666666,404.1666666666666
2025-06-07 06:00:00,81.96,1923.0968334748063,404.1666666666666,404.1666666666666
2025-06-07 07:00:00,82.65,1923.837610359044,404.1666666666666,404.1666666666666
2025-06-07 08:00:00,75.58,1923.0968334748063,404.1666666666666,404.1666666666666
2025-06-07 09:00:00,56.07,1922.7364555311235,404.1666666666666,404.1666666666666
2025-06-07 10:00:00,29.0,1924.097883318371,404.1666666666666,404.1666666666666
2025-06-07 11:00:00,15.41,1923.937715343401,404.1666666666666,404.1666666666666
2025-06-07 12:00:00,7.18,1925.419269111876,404.1666666666666,404.1666666666666
2025-06-07 13:00:00,1.88,1929.3033425049064,404.1666666666666,404.1666666666666
2025-06-07 14:00:00,0.11,1929.173206025243,404.1666666666666,404.1666666666666
2025-06-07 15:00:00,0.37,1928.8228385799955,404.1666666666666,404.1666666666666
2025-06-07 16:00:00,6.96,1929.4234684861344,404.1666666666666,404.1666666666666
2025-06-07 17:00:00,20.66,1929.4735209783123,404.1666666666666,404.1666666666666
2025-06-07 18:00:00,66.06,1928.9029225674808,404.1666666666666,404.1666666666666
2025-06-07 19:00:00,84.95,1928.702712598768,404.1666666666666,404.1666666666666
2025-06-07 20:00:00,85.14,1928.8228385799955,404.1666666666666,404.1666666666666
2025-06-07 21:00:00,85.13,1929.143174529936,404.1666666666666,404.1666666666666
2025-06-07 22:00:00,85.94,1930.024098392273,404.1666666666666,404.1666666666666
2025-06-07 23:00:00,83.48,1930.774885774946,404.1666666666666,404.1666666666666
2025-06-08 00:00:00,66.9,1931.1452742170648,404.1666666666666,404.1666666666666
2025-06-08 01:00:00,62.7,1932.746953966768,404.1666666666666,404.1666666666666
2025-06-08 02:00:00,53.93,1932.6268279855403,404.1666666666666,404.1666666666666
2025-06-08 03:00:00,50.61,1931.3054421920351,404.1666666666666,404.1666666666666
2025-06-08 04:00:00,45.07,1931.405547176392,404.1666666666666,404.1666666666666
2025-06-08 05:00:00,26.12,1932.07625057158,404.1666666666666,404.1666666666666
2025-06-08 06:00:00,18.48,1931.5456941544908,404.1666666666666,404.1666666666666
2025-06-08 07:00:00,10.16,1932.326513032471,404.1666666666666,404.1666666666666
2025-06-08 08:00:00,-0.02,1933.507751847877,404.1666666666666,404.1666666666666
2025-06-08 09:00:00,0.75,1931.005127238966,404.1666666666666,404.1666666666666
2025-06-08 10:00:00,-4.48,1930.274360853164,404.1666666666666,404.1666666666666
2025-06-08 11:00:00,-9.88,1929.343384498649,404.1666666666666,404.1666666666666
2025-06-08 12:00:00,-19.01,1929.3233635017773,404.1666666666666,404.1666666666666
2025-06-08 13:00:00,-38.69,1932.2764605402929,404.1666666666666,404.1666666666666
2025-06-08 14:00:00,-56.43,1932.7069119730256,404.1666666666666,404.1666666666666
2025-06-08 15:00:00,-51.35,1934.8491586382531,404.1666666666666,404.1666666666666
2025-06-08 16:00:00,-17.57,1931.425568173263,404.1666666666666,404.1666666666666
2025-06-08 17:00:00,-2.47,1928.942964561223,404.1666666666666,404.1666666666666
2025-06-08 18:00:00,3.89,1928.042019702015,404.1666666666666,404.1666666666666
2025-06-08 19:00:00,36.08,1927.8217887364308,404.1666666666666,404.1666666666666
2025-06-08 20:00:00,56.25,1929.5736259626688,404.1666666666666,404.1666666666666
2025-06-08 21:00:00,67.21,1933.4076468635208,404.1666666666666,404.1666666666666
2025-06-08 22:00:00,71.56,1935.8101664880755,404.1666666666666,404.1666666666666
2025-06-08 23:00:00,63.04,1938.152623122016,404.1666666666666,404.1666666666666
2025-06-09 00:00:00,30.29,1939.9344918435609,404.1666666666666,404.1666666666666
2025-06-09 01:00:00,21.01,1940.184754304452,404.1666666666666,404.1666666666666
2025-06-09 02:00:00,17.78,1942.5872739290064,404.1666666666666,404.1666666666666
2025-06-09 03:00:00,16.03,1943.4181452991647,404.1666666666666,404.1666666666666
2025-06-09 04:00:00,14.74,1943.6383762647488,404.1666666666666,404.1666666666666
2025-06-09 05:00:00,21.31,1944.3891636474225,404.1666666666666,404.1666666666666
2025-06-09 06:00:00,24.38,1945.3401609988089,404.1666666666666,404.1666666666666
2025-06-09 07:00:00,23.03,1945.6204549550068,404.1666666666666,404.1666666666666
2025-06-09 08:00:00,1.31,1944.6594471051849,404.1666666666666,404.1666666666666
2025-06-09 09:00:00,-1.75,1942.7574524024128,404.1666666666666,404.1666666666666
2025-06-09 10:00:00,-3.23,1941.1157306589669,404.1666666666666,404.1666666666666
2025-06-09 11:00:00,-6.97,1939.9344918435609,404.1666666666666,404.1666666666666
2025-06-09 12:00:00,-13.33,1937.6821296955409,404.1666666666666,404.1666666666666
2025-06-09 13:00:00,-22.9,1937.111531284709,404.1666666666666,404.1666666666666
2025-06-09 14:00:00,-21.85,1934.678980164848,404.1666666666666,404.1666666666666
2025-06-09 15:00:00,-14.07,1932.326513032471,404.1666666666666,404.1666666666666
2025-06-09 16:00:00,-4.79,1931.1452742170648,404.1666666666666,404.1666666666666
2025-06-09 17:00:00,3.61,1930.504602317184,404.1666666666666,404.1666666666666
2025-06-09 18:00:00,63.24,1930.524623314055,404.1666666666666,404.1666666666666
2025-06-09 19:00:00,86.04,1930.124203376629,404.1666666666666,404.1666666666666
2025-06-09 20:00:00,85.5,1931.505652160748,404.1666666666666,404.1666666666666
2025-06-09 21:00:00,85.73,1932.126303063758,404.1666666666666,404.1666666666666
2025-06-09 22:00:00,86.04,1936.8512583253823,404.1666666666666,404.1666666666666
2025-06-09 23:00:00,85.78,1939.61415589362,404.1666666666666,404.1666666666666
2025-06-10 00:00:00,84.59,1941.2558776370656,404.1666666666666,404.1666666666666
2025-06-10 01:00:00,81.66,1942.4170954556007,404.1666666666666,404.1666666666666
2025-06-10 02:00:00,71.03,1943.688428756928,404.1666666666666,404.1666666666666
2025-06-10 03:00:00,66.5,1945.2200350175813,404.1666666666666,404.1666666666666
2025-06-10 04:00:00,65.01,1945.3401609988089,404.1666666666666,404.1666666666666
2025-06-10 05:00:00,69.31,1946.0609168861756,404.1666666666666,404.1666666666666
2025-06-10 06:00:00,84.4,1945.5603919643927,404.1666666666666,404.1666666666666
2025-06-10 07:00:00,84.92,1944.7895835848483,404.1666666666666,404.1666666666666
2025-06-10 08:00:00,81.99,1942.1167805025316,404.1666666666666,404.1666666666666
2025-06-10 09:00:00,61.91,1940.985594179304,404.1666666666666,404.1666666666666
2025-06-10 10:00:00,39.16,1936.631027359798,404.1666666666666,404.1666666666666
2025-06-10 11:00:00,6.02,1929.343384498649,404.1666666666666,404.1666666666666
2025-06-10 12:00:00,1.26,1924.4382402651831,404.1666666666666,404.1666666666666
2025-06-10 13:00:00,-1.0,1923.7975683653017,404.1666666666666,404.1666666666666
2025-06-10 14:00:00,-0.99,1921.59525870946,404.1666666666666,404.1666666666666
2025-06-10 15:00:00,2.19,1920.4340408909252,404.1666666666666,404.1666666666666
2025-06-10 16:00:00,5.61,1920.694313850252,404.1666666666666,404.1666666666666
2025-06-10 17:00:00,47.37,1920.1937889284695,404.1666666666666,404.1666666666666
2025-06-10 18:00:00,65.87,1918.7923191474797,404.1666666666666,404.1666666666666
2025-06-10 19:00:00,84.35,1920.5141248784105,404.1666666666666,404.1666666666666
2025-06-10 20:00:00,85.34,1922.0357206406284,404.1666666666666,404.1666666666666
2025-06-10 21:00:00,85.39,1920.9145448158365,404.1666666666666,404.1666666666666
2025-06-10 22:00:00,84.48,1922.2359306093413,404.1666666666666,404.1666666666666
2025-06-10 23:00:00,79.04,1926.770686400688,404.1666666666666,404.1666666666666
2025-06-11 00:00:00,66.03,1929.023048548708,404.1666666666666,404.1666666666666
2025-06-11 01:00:00,64.39,1930.60470730154,404.1666666666666,404.1666666666666
2025-06-11 02:00:00,64.39,1932.546743998055,404.1666666666666,404.1666666666666
2025-06-11 03:00:00,63.91,1934.5088016914412,404.1666666666666,404.1666666666666
2025-06-11 04:00:00,68.19,1936.5309223754416,404.1666666666666,404.1666666666666
2025-06-11 05:00:00,77.76,1936.6810798519764,404.1666666666666,404.1666666666666
2025-06-11 06:00:00,81.5,1937.6520982002337,404.1666666666666,404.1666666666666
2025-06-11 07:00:00,81.86,1938.3127910969863,404.1666666666666,404.1666666666666
2025-06-11 08:00:00,80.01,1935.029347610095,404.1666666666666,404.1666666666666
2025-06-11 09:00:00,62.05,1931.1252532201936,404.1666666666666,404.1666666666666
2025-06-11 10:00:00,39.01,1927.0409698584504,404.1666666666666,404.1666666666666
2025-06-11 11:00:00,10.32,1923.8976733496584,404.1666666666666,404.1666666666666
2025-06-11 12:00:00,-0.39,1920.894523818965,404.1666666666666,404.1666666666666
2025-06-11 13:00:00,-2.4,1919.8133899879151,404.1666666666666,404.1666666666666
2025-06-11 14:00:00,-1.16,1916.8102404572217,404.1666666666666,404.1666666666666
2025-06-11 15:00:00,0.81,1912.1053061924688,404.1666666666666,404.1666666666666
2025-06-11 16:00:00,3.09,1910.2533639818744,404.1666666666666,404.1666666666666
2025-06-11 17:00:00,62.71,1908.581610743122,404.1666666666666,404.1666666666666
2025-06-11 18:00:00,84.71,1906.779721024706,404.1666666666666,404.1666666666666
2025-06-11 19:00:00,84.29,1905.818713174884,404.1666666666666,404.1666666666666
2025-06-11 20:00:00,85.16,1906.299217099795,404.1666666666666,404.1666666666666
2025-06-11 21:00:00,85.06,1909.102156661776,404.1666666666666,404.1666666666666
2025-06-11 22:00:00,87.04,1912.7559885907856,404.1666666666666,404.1666666666666
2025-06-11 23:00:00,83.4,1915.909295598014,404.1666666666666,404.1666666666666
2025-06-12 00:00:00,81.91,1918.111605253856,404.1666666666666,404.1666666666666
2025-06-12 01:00:00,81.55,1918.892424131836,404.1666666666666,404.1666666666666
2025-06-12 02:00:00,81.61,1921.1648072767275,404.1666666666666,404.1666666666666
2025-06-12 03:00:00,81.78,1923.2169594560344,404.1666666666666,404.1666666666666
2025-06-12 04:00:00,81.68,1924.8386602026087,404.1666666666666,404.1666666666666
2025-06-12 05:00:00,81.19,1929.173206025243,404.1666666666666,404.1666666666666
2025-06-12 06:00:00,81.59,1929.903972411045,404.1666666666666,404.1666666666666
2025-06-12 07:00:00,89.27,1928.5425446237973,404.1666666666666,404.1666666666666
2025-06-12 08:00:00,85.93,1925.6395000774603,404.1666666666666,404.1666666666666
2025-06-12 09:00:00,56.08,1924.3981982714408,404.1666666666666,404.1666666666666
2025-06-12 10:00:00,1.0,1920.7143348471236,404.1666666666666,404.1666666666666
2025-06-12 11:00:00,-2.97,1916.3297365323108,404.1666666666666,404.1666666666666
2025-06-12 12:00:00,-6.96,1912.3856001486672,404.1666666666666,404.1666666666666
2025-06-12 13:00:00,-12.27,1898.7412907808837,404.1666666666666,404.1666666666666
2025-06-12 14:00:00,-12.95,1899.4420256713784,404.1666666666666,404.1666666666666
2025-06-12 15:00:00,-4.21,1898.4910283199924,404.1666666666666,404.1666666666666
2025-06-12 16:00:00,7.75,1895.1875638362296,404.1666666666666,404.1666666666666
2025-06-12 17:00:00,48.2,1891.884099352467,404.1666666666666,404.1666666666666
2025-06-12 18:00:00,74.93,1891.0832594776152,404.1666666666666,404.1666666666666
2025-06-12 19:00:00,83.49,1891.8340468602887,404.1666666666666,404.1666666666666
2025-06-12 20:00:00,93.7,1893.3856741178136,404.1666666666666,404.1666666666666
2025-06-12 21:00:00,103.49,1897.1896635233584,404.1666666666666,404.1666666666666
2025-06-12 22:00:00,91.81,1899.9425505931608,404.1666666666666,404.1666666666666
2025-06-12 23:00:00,82.01,1904.6174533626067,404.1666666666666,404.1666666666666
2025-06-13 00:00:00,70.86,1908.6216527368645,404.1666666666666,404.1666666666666
2025-06-13 01:00:00,63.64,1911.654833762865,404.1666666666666,404.1666666666666
2025-06-13 02:00:00,64.51,1912.9862300548057,404.1666666666666,404.1666666666666
2025-06-13 03:00:00,65.15,1914.0873848827264,404.1666666666666,404.1666666666666
2025-06-13 04:00:00,65.09,1916.2896945385685,404.1666666666666,404.1666666666666
2025-06-13 05:00:00,68.55,1918.3118152225688,404.1666666666666,404.1666666666666
2025-06-13 06:00:00,79.05,1918.892424131836,404.1666666666666,404.1666666666666
2025-06-13 07:00:00,80.58,1918.191689241341,404.1666666666666,404.1666666666666
2025-06-13 08:00:00,64.41,1914.728056782608,404.1666666666666,404.1666666666666
2025-06-13 09:00:00,39.02,1910.6037314271225,404.1666666666666,404.1666666666666
2025-06-13 10:00:00,7.28,1904.81766333132,404.1666666666666,404.1666666666666
2025-06-13 11:00:00,-0.04,1901.344020374151,404.1666666666666,404.1666666666666
2025-06-13 12:00:00,-4.98,1896.5089496297344,404.1666666666666,404.1666666666666
2025-06-13 13:00:00,-10.56,1892.4647082617344,404.1666666666666,404.1666666666666
2025-06-13 14:00:00,-9.69,1890.4325770792984,404.1666666666666,404.1666666666666
2025-06-13 15:00:00,4.11,1889.031107298308,404.1666666666666,404.1666666666666
2025-06-13 16:00:00,4.18,1888.5606138718329,404.1666666666666,404.1666666666666
2025-06-13 17:00:00,48.66,1886.528482689397,404.1666666666666,404.1666666666666
2025-06-13 18:00:00,80.03,1883.3251231899908,404.1666666666666,404.1666666666666
2025-06-13 19:00:00,99.1,1882.073810885535,404.1666666666666,404.1666666666666
2025-06-13 20:00:00,108.42,1882.474230822961,404.1666666666666,404.1666666666666
2025-06-13 21:00:00,100.39,1887.7297425016743,404.1666666666666,404.1666666666666
2025-06-13 22:00:00,88.79,1890.7629235276747,404.1666666666666,404.1666666666666
2025-06-13 23:00:00,78.56,1897.1896635233584,404.1666666666666,404.1666666666666
2025-06-14 00:00:00,64.79,1901.844545295933,404.1666666666666,404.1666666666666
2025-06-14 01:00:00,60.21,1906.5494795606864,404.1666666666666,404.1666666666666
2025-06-14 02:00:00,62.56,1906.849794513756,404.1666666666666,404.1666666666666
2025-06-14 03:00:00,60.89,1908.8819256961915,404.1666666666666,404.1666666666666
2025-06-14 04:00:00,59.48,1910.353468966231,404.1666666666666,404.1666666666666
2025-06-14 05:00:00,59.1,1911.004151364548,404.1666666666666,404.1666666666666
2025-06-14 06:00:00,53.93,1912.35556865336,404.1666666666666,404.1666666666666
2025-06-14 07:00:00,54.44,1913.20646102039,404.1666666666666,404.1666666666666
2025-06-14 08:00:00,15.08,1910.183290492825,404.1666666666666,404.1666666666666
2025-06-14 09:00:00,9.91,1906.649584545043,404.1666666666666,404.1666666666666
2025-06-14 10:00:00,2.41,1900.693337975834,404.1666666666666,404.1666666666666
2025-06-14 11:00:00,-2.86,1895.287668820586,404.1666666666666,404.1666666666666
2025-06-14 12:00:00,-19.4,1890.933102001081,404.1666666666666,404.1666666666666
2025-06-14 13:00:00,-26.14,1892.534781750784,404.1666666666666,404.1666666666666
2025-06-14 14:00:00,-17.56,1889.461558731041,404.1666666666666,404.1666666666666
2025-06-14 15:00:00,-3.11,1885.4773803536543,404.1666666666666,404.1666666666666
2025-06-14 16:00:00,1.43,1883.4252281743472,404.1666666666666,404.1666666666666
2025-06-14 17:00:00,31.34,1883.995826585179,404.1666666666666,404.1666666666666
2025-06-14 18:00:00,75.18,1882.724493283852,404.1666666666666,404.1666666666666
2025-06-14 19:00:00,92.81,1883.124913221278,404.1666666666666,404.1666666666666
2025-06-14 20:00:00,98.2,1882.8946717572585,404.1666666666666,404.1666666666666
2025-06-14 21:00:00,110.02,1885.997926272308,404.1666666666666,404.1666666666666
2025-06-14 22:00:00,96.03,1891.9041203493384,404.1666666666666,404.1666666666666
2025-06-14 23:00:00,86.03,1894.006325020824,404.1666666666666,404.1666666666666
2025-06-15 00:00:00,89.1,1898.8714272605469,404.1666666666666,404.1666666666666
2025-06-15 01:00:00,86.92,1902.074786759953,404.1666666666666,404.1666666666666
2025-06-15 02:00:00,86.78,1903.2760465722304,404.1666666666666,404.1666666666666
2025-06-15 03:00:00,85.54,1906.399322084152,404.1666666666666,404.1666666666666
2025-06-15 04:00:00,84.89,1907.750739372964,404.1666666666666,404.1666666666666
2025-06-15 05:00:00,84.63,1909.7828705553995,404.1666666666666,404.1666666666666
2025-06-15 06:00:00,74.91,1910.9841303676767,404.1666666666666,404.1666666666666
2025-06-15 07:00:00,64.77,1910.683815414608,404.1666666666666,404.1666666666666
2025-06-15 08:00:00,44.07,1909.5526290913797,404.1666666666666,404.1666666666666
2025-06-15 09:00:00,17.65,1906.899847005934,404.1666666666666,404.1666666666666
2025-06-15 10:00:00,10.08,1904.647484857914,404.1666666666666,404.1666666666666
2025-06-15 11:00:00,3.27,1901.894597788112,404.1666666666666,404.1666666666666
2025-06-15 12:00:00,0.49,1896.4388761406851,404.1666666666666,404.1666666666666
2025-06-15 13:00:00,-5.01,1893.886199039596,404.1666666666666,404.1666666666666
2025-06-15 14:00:00,-2.01,1891.3635534338132,404.1666666666666,404.1666666666666
2025-06-15 15:00:00,4.5,1891.6038053962689,404.1666666666666,404.1666666666666
2025-06-15 16:00:00,13.07,1897.2096845202295,404.1666666666666,404.1666666666666
2025-06-15 17:00:00,55.78,1901.744440311577,404.1666666666666,404.1666666666666
2025-06-15 18:00:00,89.62,1899.171742213616,404.1666666666666,404.1666666666666
2025-06-15 19:00:00,105.14,1898.7713222761904,404.1666666666666,404.1666666666666
2025-06-15 20:00:00,104.15,1899.3919731792005,404.1666666666666,404.1666666666666
2025-06-15 21:00:00,102.2,1900.693337975834,404.1666666666666,404.1666666666666
2025-06-15 22:00:00,101.18,1904.016823456468,404.1666666666666,404.1666666666666
2025-06-15 23:00:00,98.19,1907.3202879402309,404.1666666666666,404.1666666666666
2025-06-16 00:00:00,89.6,1909.682765571043,404.1666666666666,404.1666666666666
2025-06-16 01:00:00,85.39,1910.6537839193008,404.1666666666666,404.1666666666666
2025-06-16 02:00:00,81.9,1913.8571434187068,404.1666666666666,404.1666666666666
2025-06-16 03:00:00,83.56,1913.6569334499936,404.1666666666666,404.1666666666666
2025-06-16 04:00:00,82.81,1913.9872798983704,404.1666666666666,404.1666666666666
2025-06-16 05:00:00,88.81,1913.7870699296573,404.1666666666666,404.1666666666666
2025-06-16 06:00:00,105.46,1912.6859151017363,404.1666666666666,404.1666666666666
2025-06-16 07:00:00,127.96,1912.8861250704488,404.1666666666666,404.1666666666666
2025-06-16 08:00:00,107.23,1915.7291066261723,404.1666666666666,404.1666666666666
2025-06-16 09:00:00,77.76,1916.529946501024,404.1666666666666,404.1666666666666
2025-06-16 10:00:00,65.39,1915.3887496793604,404.1666666666666,404.1666666666666
2025-06-16 11:00:00,51.09,1911.3244873144888,404.1666666666666,404.1666666666666
2025-06-16 12:00:00,29.15,1909.9530490288053,404.1666666666666,404.1666666666666
2025-06-16 13:00:00,27.64,1908.721757721221,404.1666666666666,404.1666666666666
2025-06-16 14:00:00,25.67,1907.9509493416765,404.1666666666666,404.1666666666666
2025-06-16 15:00:00,23.49,1908.08108582134,404.1666666666666,404.1666666666666
2025-06-16 16:00:00,46.21,1906.4493745763295,404.1666666666666,404.1666666666666
2025-06-16 17:00:00,70.99,1905.7486396858344,404.1666666666666,404.1666666666666
2025-06-16 18:00:00,100.09,1905.6185032061712,404.1666666666666,404.1666666666666
2025-06-16 19:00:00,108.46,1905.7486396858344,404.1666666666666,404.1666666666666
2025-06-16 20:00:00,105.44,1906.399322084152,404.1666666666666,404.1666666666666
2025-06-16 21:00:00,96.59,1908.221232799439,404.1666666666666,404.1666666666666
2025-06-16 22:00:00,103.2,1912.6258521111224,404.1666666666666,404.1666666666666
2025-06-16 23:00:00,95.8,1916.189589554212,404.1666666666666,404.1666666666666
2025-06-17 00:00:00,107.44,1917.9314162820144,404.1666666666666,404.1666666666666
2025-06-17 01:00:00,104.79,1919.312865066133,404.1666666666666,404.1666666666666
2025-06-17 02:00:00,101.3,1920.0936839441133,404.1666666666666,404.1666666666666
2025-06-17 03:00:00,100.99,1921.3149647532616,404.1666666666666,404.1666666666666
2025-06-17 04:00:00,101.37,1923.6974633809452,404.1666666666666,404.1666666666666
2025-06-17 05:00:00,104.81,1923.817589362173,404.1666666666666,404.1666666666666
2025-06-17 06:00:00,111.93,1923.4371904216189,404.1666666666666,404.1666666666666
2025-06-17 07:00:00,111.05,1923.0367704841929,404.1666666666666,404.1666666666666
2025-06-17 08:00:00,99.48,1922.8966235060936,404.1666666666666,404.1666666666666
2025-06-17 09:00:00,75.2,1921.114754784549,404.1666666666666,404.1666666666666
2025-06-17 10:00:00,22.18,1914.7580882779148,404.1666666666666,404.1666666666666
2025-06-17 11:00:00,4.03,1911.124277345776,404.1666666666666,404.1666666666666
2025-06-17 12:00:00,-0.09,1908.4815057587657,404.1666666666666,404.1666666666666
2025-06-17 13:00:00,-1.61,1905.5984822093,404.1666666666666,404.1666666666666
2025-06-17 14:00:00,-0.03,1902.515248691121,404.1666666666666,404.1666666666666
2025-06-17 15:00:00,7.3,1900.172792057181,404.1666666666666,404.1666666666666
2025-06-17 16:00:00,23.91,1897.770272432626,404.1666666666666,404.1666666666666
2025-06-17 17:00:00,73.4,1898.641185796527,404.1666666666666,404.1666666666666
2025-06-17 18:00:00,104.81,1897.509999473299,404.1666666666666,404.1666666666666
2025-06-17 19:00:00,122.04,1895.567962776784,404.1666666666666,404.1666666666666
2025-06-17 20:00:00,128.08,1898.140660874745,404.1666666666666,404.1666666666666
2025-06-17 21:00:00,116.15,1901.9446502802896,404.1666666666666,404.1666666666666
2025-06-17 22:00:00,129.75,1905.4182932374583,404.1666666666666,404.1666666666666
2025-06-17 23:00:00,115.99,1907.3202879402309,404.1666666666666,404.1666666666666
2025-06-18 00:00:00,104.84,1909.4224926117165,404.1666666666666,404.1666666666666
2025-06-18 01:00:00,101.86,1913.286545007875,404.1666666666666,404.1666666666666
2025-06-18 02:00:00,96.94,1916.3597680276175,404.1666666666666,404.1666666666666
2025-06-18 03:00:00,95.21,1919.6632325113808,404.1666666666666,404.1666666666666
2025-06-18 04:00:00,96.06,1920.1937889284695,404.1666666666666,404.1666666666666
2025-06-18 05:00:00,101.62,1920.834460828351,404.1666666666666,404.1666666666666
2025-06-18 06:00:00,114.73,1921.535195718846,404.1666666666666,404.1666666666666
2025-06-18 07:00:00,115.7,1921.2148597689056,404.1666666666666,404.1666666666666
2025-06-18 08:00:00,102.76,1918.3618677147467,404.1666666666666,404.1666666666666
2025-06-18 09:00:00,77.15,1916.4298415166677,404.1666666666666,404.1666666666666
2025-06-18 10:00:00,21.82,1913.456723481281,404.1666666666666,404.1666666666666
2025-06-18 11:00:00,4.59,1906.5995320528643,404.1666666666666,404.1666666666666
2025-06-18 12:00:00,1.52,1903.0958576003889,404.1666666666666,404.1666666666666
2025-06-18 13:00:00,-0.32,1899.1417107183088,404.1666666666666,404.1666666666666
2025-06-18 14:00:00,0.21,1896.388823648507,404.1666666666666,404.1666666666666
2025-06-18 15:00:00,4.71,1893.7060100677545,404.1666666666666,404.1666666666666
2025-06-18 16:00:00,9.59,1890.903070505774,404.1666666666666,404.1666666666666
2025-06-18 17:00:00,68.56,1890.0321571418729,404.1666666666666,404.1666666666666
2025-06-18 18:00:00,89.72,1891.033206985437,404.1666666666666,404.1666666666666
2025-06-18 19:00:00,112.79,1892.8851491960315,404.1666666666666,404.1666666666666
2025-06-18 20:00:00,119.76,1893.6059050833976,404.1666666666666,404.1666666666666
2025-06-18 21:00:00,120.72,1896.338771156329,404.1666666666666,404.1666666666666
2025-06-18 22:00:00,122.28,1900.873526947676,404.1666666666666,404.1666666666666
2025-06-18 23:00:00,107.03,1904.697537350092,404.1666666666666,404.1666666666666
2025-06-19 00:00:00,106.4,1907.750739372964,404.1666666666666,404.1666666666666
2025-06-19 01:00:00,99.61,1910.7038364114787,404.1666666666666,404.1666666666666
2025-06-19 02:00:00,94.18,1912.1053061924688,404.1666666666666,404.1666666666666
2025-06-19 03:00:00,92.89,1915.588959648073,404.1666666666666,404.1666666666666
2025-06-19 04:00:00,91.99,1917.09053441342,404.1666666666666,404.1666666666666
2025-06-19 05:00:00,91.11,1918.33183621944,404.1666666666666,404.1666666666666
2025-06-19 06:00:00,87.93,1918.2617627303905,404.1666666666666,404.1666666666666
2025-06-19 07:00:00,83.97,1918.7122351599944,404.1666666666666,404.1666666666666
2025-06-19 08:00:00,71.12,1915.9893795854991,404.1666666666666,404.1666666666666
2025-06-19 09:00:00,35.65,1910.4035214584092,404.1666666666666,404.1666666666666
2025-06-19 10:00:00,13.48,1903.5763615253,404.1666666666666,404.1666666666666
2025-06-19 11:00:00,13.64,1900.7734219633196,404.1666666666666,404.1666666666666
2025-06-19 12:00:00,4.28,1897.4699574795568,404.1666666666666,404.1666666666666
2025-06-19 13:00:00,2.94,1896.0684876985663,404.1666666666666,404.1666666666666
2025-06-19 14:00:00,1.0,1893.8361465474172,404.1666666666666,404.1666666666666
2025-06-19 15:00:00,0.99,1891.964183339952,404.1666666666666,404.1666666666666
2025-06-19 16:00:00,10.08,1890.8830495089023,404.1666666666666,404.1666666666666
2025-06-19 17:00:00,36.06,1888.8308973295952,404.1666666666666,404.1666666666666
2025-06-19 18:00:00,81.13,1889.0010758030007,404.1666666666666,404.1666666666666
2025-06-19 19:00:00,113.07,1889.9821046496943,404.1666666666666,404.1666666666666
2025-06-19 20:00:00,135.43,1891.4636584181696,404.1666666666666,404.1666666666666
2025-06-19 21:00:00,135.33,1895.938351218903,404.1666666666666,404.1666666666666
2025-06-19 22:00:00,125.02,1898.7412907808837,404.1666666666666,404.1666666666666
2025-06-19 23:00:00,107.26,1901.9146187849828,404.1666666666666,404.1666666666666
2025-06-20 00:00:00,97.4,1902.5953326786064,404.1666666666666,404.1666666666666
2025-06-20 01:00:00,95.3,1907.3202879402309,404.1666666666666,404.1666666666666
2025-06-20 02:00:00,94.57,1906.8197630184488,404.1666666666666,404.1666666666666
2025-06-20 03:00:00,93.72,1909.1221776586467,404.1666666666666,404.1666666666666
2025-06-20 04:00:00,94.71,1909.7828705553995,404.1666666666666,404.1666666666666
2025-06-20 05:00:00,97.18,1910.0531540131617,404.1666666666666,404.1666666666666
2025-06-20 06:00:00,102.83,1912.58581011738,404.1666666666666,404.1666666666666
2025-06-20 07:00:00,105.6,1911.8250122362708,404.1666666666666,404.1666666666666
2025-06-20 08:00:00,94.62,1909.8229125491416,404.1666666666666,404.1666666666666
2025-06-20 09:00:00,72.71,1906.99995199029,404.1666666666666,404.1666666666666
2025-06-20 10:00:00,22.82,1903.316088565973,404.1666666666666,404.1666666666666
2025-06-20 11:00:00,36.02,1899.091658226131,404.1666666666666,404.1666666666666
2025-06-20 12:00:00,10.01,1894.5368814379128,404.1666666666666,404.1666666666666
2025-06-20 13:00:00,4.59,1891.7839943681104,404.1666666666666,404.1666666666666
2025-06-20 14:00:00,12.21,1891.0031754901304,404.1666666666666,404.1666666666666
2025-06-20 15:00:00,8.05,1887.659669012625,404.1666666666666,404.1666666666666
2025-06-20 16:00:00,16.36,1886.7987661471595,404.1666666666666,404.1666666666666
2025-06-20 17:00:00,74.75,1885.0569394193567,404.1666666666666,404.1666666666666
2025-06-20 18:00:00,103.05,1883.6955116321096,404.1666666666666,404.1666666666666
2025-06-20 19:00:00,123.26,1884.055889575793,404.1666666666666,404.1666666666666
2025-06-20 20:00:00,135.15,1887.8298474860308,404.1666666666666,404.1666666666666
2025-06-20 21:00:00,134.69,1893.4657581052988,404.1666666666666,404.1666666666666
2025-06-20 22:00:00,131.5,1897.540030968606,404.1666666666666,404.1666666666666
2025-06-20 23:00:00,113.5,1900.813463957062,404.1666666666666,404.1666666666666
2025-06-21 00:00:00,116.13,1903.916718472112,404.1666666666666,404.1666666666666
2025-06-21 01:00:00,110.15,1905.9788811498545,404.1666666666666,404.1666666666666
2025-06-21 02:00:00,106.03,1906.849794513756,404.1666666666666,404.1666666666666
2025-06-21 03:00:00,105.68,1909.1822406492608,404.1666666666666,404.1666666666666
2025-06-21 04:00:00,104.55,1910.683815414608,404.1666666666666,404.1666666666666
2025-06-21 05:00:00,101.78,1913.006251051677,404.1666666666666,404.1666666666666
2025-06-21 06:00:00,98.45,1917.5309963445884,404.1666666666666,404.1666666666666
2025-06-21 07:00:00,87.55,1916.6600829806875,404.1666666666666,404.1666666666666
2025-06-21 08:00:00,72.36,1913.456723481281,404.1666666666666,404.1666666666666
2025-06-21 09:00:00,25.68,1908.1211278150824,404.1666666666666,404.1666666666666
2025-06-21 10:00:00,1.31,1905.2180832687452,404.1666666666666,404.1666666666666
2025-06-21 11:00:00,-2.01,1901.113778910131,404.1666666666666,404.1666666666666
2025-06-21 12:00:00,-15.68,1894.9373013753384,404.1666666666666,404.1666666666666
2025-06-21 13:00:00,-30.18,1889.9020206622092,404.1666666666666,404.1666666666666
2025-06-21 14:00:00,-24.99,1887.3993960532985,404.1666666666666,404.1666666666666
2025-06-21 15:00:00,-5.09,1885.0969814131,404.1666666666666,404.1666666666666
2025-06-21 16:00:00,3.73,1882.7745457760304,404.1666666666666,404.1666666666666
2025-06-21 17:00:00,45.66,1883.4252281743472,404.1666666666666,404.1666666666666
2025-06-21 18:00:00,98.27,1886.098031256664,404.1666666666666,404.1666666666666
2025-06-21 19:00:00,121.42,1886.9989761158724,404.1666666666666,404.1666666666666
2025-06-21 20:00:00,138.53,1886.1981362410208,404.1666666666666,404.1666666666666
2025-06-21 21:00:00,130.08,1890.162293621536,404.1666666666666,404.1666666666666
2025-06-21 22:00:00,127.91,1894.606954926962,404.1666666666666,404.1666666666666
2025-06-21 23:00:00,114.59,1898.3709023387648,404.1666666666666,404.1666666666666
2025-06-22 00:00:00,104.99,1902.675416666092,404.1666666666666,404.1666666666666
2025-06-22 01:00:00,96.86,1906.5194480653795,404.1666666666666,404.1666666666666
2025-06-22 02:00:00,88.47,1909.402471614845,404.1666666666666,404.1666666666666
2025-06-22 03:00:00,85.06,1911.5246972832012,404.1666666666666,404.1666666666666
2025-06-22 04:00:00,84.13,1913.156408528212,404.1666666666666,404.1666666666666
2025-06-22 05:00:00,78.57,1915.709085629301,404.1666666666666,404.1666666666666
2025-06-22 06:00:00,73.5,1916.5599779963304,404.1666666666666,404.1666666666666
2025-06-22 07:00:00,44.71,1916.5599779963304,404.1666666666666,404.1666666666666
2025-06-22 08:00:00,17.02,1914.05735338742,404.1666666666666,404.1666666666666
2025-06-22 09:00:00,3.24,1907.920917846369,404.1666666666666,404.1666666666666
2025-06-22 10:00:00,-2.68,1902.3951227098937,404.1666666666666,404.1666666666666
2025-06-22 11:00:00,-28.02,1895.7081097548837,404.1666666666666,404.1666666666666
2025-06-22 12:00:00,-80.65,1889.231317267021,404.1666666666666,404.1666666666666
2025-06-22 13:00:00,-105.39,1883.094881725971,404.1666666666666,404.1666666666666
2025-06-22 14:00:00,-88.97,1881.1928870231984,404.1666666666666,404.1666666666666
2025-06-22 15:00:00,-34.32,1879.9916272109213,404.1666666666666,404.1666666666666
2025-06-22 16:00:00,-3.47,1875.8172493632571,404.1666666666666,404.1666666666666
2025-06-22 17:00:00,3.21,1873.945286155792,404.1666666666666,404.1666666666666
2025-06-22 18:00:00,75.41,1873.264572262168,404.1666666666666,404.1666666666666
2025-06-22 19:00:00,97.63,1872.4136798951383,404.1666666666666,404.1666666666666
2025-06-22 20:00:00,119.57,1872.7440263435144,404.1666666666666,404.1666666666666
2025-06-22 21:00:00,126.46,1878.7703464017725,404.1666666666666,404.1666666666666
2025-06-22 22:00:00,116.18,1887.179165087714,404.1666666666666,404.1666666666666
2025-06-22 23:00:00,104.3,1891.964183339952,404.1666666666666,404.1666666666666
2025-06-23 00:00:00,76.6,1894.0663880114373,404.1666666666666,404.1666666666666
2025-06-23 01:00:00,73.08,1895.7881937423683,404.1666666666666,404.1666666666666
2025-06-23 02:00:00,73.78,1898.140660874745,404.1666666666666,404.1666666666666
2025-06-23 03:00:00,73.07,1898.390923335636,404.1666666666666,404.1666666666666
2025-06-23 04:00:00,72.51,1895.5879837736557,404.1666666666666,404.1666666666666
2025-06-23 05:00:00,76.95,1897.2096845202295,404.1666666666666,404.1666666666666
2025-06-23 06:00:00,93.26,1897.6401359529627,404.1666666666666,404.1666666666666
2025-06-23 07:00:00,86.81,1894.9873538675167,404.1666666666666,404.1666666666666
2025-06-23 08:00:00,75.85,1889.4815797279125,404.1666666666666,404.1666666666666
2025-06-23 09:00:00,60.49,1886.5785351815755,404.1666666666666,404.1666666666666
2025-06-23 10:00:00,36.01,1887.1591440908428,404.1666666666666,404.1666666666666
2025-06-23 11:00:00,44.01,1882.8946717572585,404.1666666666666,404.1666666666666
2025-06-23 12:00:00,0.15,1880.5221836280105,404.1666666666666,404.1666666666666
2025-06-23 13:00:00,-0.09,1878.9505353736145,404.1666666666666,404.1666666666666
2025-06-23 14:00:00,-0.09,1877.188687648941,404.1666666666666,404.1666666666666
2025-06-23 15:00:00,58.69,1876.8182992068216,404.1666666666666,404.1666666666666
2025-06-23 16:00:00,52.97,1880.392047148347,404.1666666666666,404.1666666666666
2025-06-23 17:00:00,77.62,1879.9716062140496,404.1666666666666,404.1666666666666
2025-06-23 18:00:00,90.2,1881.2229185185051,404.1666666666666,404.1666666666666
2025-06-23 19:00:00,92.12,1882.854629763516,404.1666666666666,404.1666666666666
2025-06-23 20:00:00,94.59,1886.8287976424665,404.1666666666666,404.1666666666666
2025-06-23 21:00:00,95.19,1891.9041203493384,404.1666666666666,404.1666666666666
2025-06-23 22:00:00,98.5,1897.1696425264872,404.1666666666666,404.1666666666666
2025-06-23 23:00:00,91.74,1901.344020374151,404.1666666666666,404.1666666666666
2025-06-24 00:00:00,77.55,1903.7765714940128,404.1666666666666,404.1666666666666
2025-06-24 01:00:00,76.11,1904.477306384508,404.1666666666666,404.1666666666666
2025-06-24 02:00:00,74.81,1904.1769914314384,404.1666666666666,404.1666666666666
2025-06-24 03:00:00,74.8,1906.5194480653795,404.1666666666666,404.1666666666666
2025-06-24 04:00:00,75.1,1907.6005818964288,404.1666666666666,404.1666666666666
2025-06-24 05:00:00,76.6,1909.7027865679145,404.1666666666666,404.1666666666666
2025-06-24 06:00:00,79.58,1910.453573950588,404.1666666666666,404.1666666666666
2025-06-24 07:00:00,78.89,1908.101106818211,404.1666666666666,404.1666666666666
2025-06-24 08:00:00,74.11,1904.3471699048443,404.1666666666666,404.1666666666666
2025-06-24 09:00:00,25.79,1902.1148287536955,404.1666666666666,404.1666666666666
2025-06-24 10:00:00,1.01,1899.4920781635567,404.1666666666666,404.1666666666666
2025-06-24 11:00:00,-1.61,1893.8661780427249,404.1666666666666,404.1666666666666
2025-06-24 12:00:00,2.43,1889.83194717316,404.1666666666666,404.1666666666666
2025-06-24 13:00:00,1.0,1887.2792700720704,404.1666666666666,404.1666666666666
2025-06-24 14:00:00,0.76,1885.6976113192384,404.1666666666666,404.1666666666666
2025-06-24 15:00:00,-2.63,1884.526383002268,404.1666666666666,404.1666666666666
2025-06-24 16:00:00,8.5,1883.2250182056343,404.1666666666666,404.1666666666666
2025-06-24 17:00:00,61.06,1881.8936219136936,404.1666666666666,404.1666666666666
2025-06-24 18:00:00,76.61,1882.394146835476,404.1666666666666,404.1666666666666
2025-06-24 19:00:00,103.46,1882.0938318824064,404.1666666666666,404.1666666666666
2025-06-24 20:00:00,131.58,1885.427327861476,404.1666666666666,404.1666666666666
2025-06-24 21:00:00,127.93,1889.3314222513773,404.1666666666666,404.1666666666666
2025-06-24 22:00:00,122.39,1893.8661780427249,404.1666666666666,404.1666666666666
2025-06-24 23:00:00,107.85,1897.2096845202295,404.1666666666666,404.1666666666666
2025-06-25 00:00:00,90.41,1899.5921831479127,404.1666666666666,404.1666666666666
2025-06-25 01:00:00,82.17,1902.0147237693395,404.1666666666666,404.1666666666666
2025-06-25 02:00:00,79.94,1905.2781462593596,404.1666666666666,404.1666666666666
2025-06-25 03:00:00,77.06,1908.08108582134,404.1666666666666,404.1666666666666
2025-06-25 04:00:00,76.11,1908.8518942008843,404.1666666666666,404.1666666666666
2025-06-25 05:00:00,89.29,1910.904046380192,404.1666666666666,404.1666666666666
2025-06-25 06:00:00,96.26,1911.9251172206275,404.1666666666666,404.1666666666666
2025-06-25 07:00:00,105.71,1910.72385740835,404.1666666666666,404.1666666666666
2025-06-25 08:00:00,96.9,1906.8197630184488,404.1666666666666,404.1666666666666
2025-06-25 09:00:00,72.6,1900.413044019636,404.1666666666666,404.1666666666666
2025-06-25 10:00:00,40.07,1890.502650568348,404.1666666666666,404.1666666666666
2025-06-25 11:00:00,30.74,1885.0569394193567,404.1666666666666,404.1666666666666
2025-06-25 12:00:00,9.47,1882.023758393357,404.1666666666666,404.1666666666666
2025-06-25 13:00:00,11.45,1882.2539998573768,404.1666666666666,404.1666666666666
2025-06-25 14:00:00,11.41,1876.3478057803463,404.1666666666666,404.1666666666666
2025-06-25 15:00:00,11.6,1861.552289092464,404.1666666666666,404.1666666666666
2025-06-25 16:00:00,45.53,1848.98911355573,404.1666666666666,404.1666666666666
2025-06-25 17:00:00,74.23,1837.1266729094912,404.1666666666666,404.1666666666666
2025-06-25 18:00:00,105.38,1832.6419696103223,404.1666666666666,404.1666666666666
2025-06-25 19:00:00,139.75,1830.399617960738,404.1666666666666,404.1666666666666
2025-06-25 20:00:00,161.01,1831.6709512620648,404.1666666666666,404.1666666666666
2025-06-25 21:00:00,161.41,1842.031817142957,404.1666666666666,404.1666666666666
2025-06-25 22:00:00,151.92,1861.4521841081075,404.1666666666666,404.1666666666666
2025-06-25 23:00:00,133.79,1875.6170393945447,404.1666666666666,404.1666666666666
2025-06-26 00:00:00,125.0,1881.6233384559316,404.1666666666666,404.1666666666666
2025-06-26 01:00:00,117.63,1888.080109946922,404.1666666666666,404.1666666666666
2025-06-26 02:00:00,112.56,1891.5337319072196,404.1666666666666,404.1666666666666
2025-06-26 03:00:00,110.11,1888.900970818645,404.1666666666666,404.1666666666666
2025-06-26 04:00:00,108.81,1887.129112595536,404.1666666666666,404.1666666666666
2025-06-26 05:00:00,112.36,1882.4542098260897,404.1666666666666,404.1666666666666
2025-06-26 06:00:00,125.69,1874.4157795822675,404.1666666666666,404.1666666666666
2025-06-26 07:00:00,134.48,1866.377349338445,404.1666666666666,404.1666666666666
2025-06-26 08:00:00,123.93,1860.6012917410776,404.1666666666666,404.1666666666666
2025-06-26 09:00:00,100.06,1857.127648783909,404.1666666666666,404.1666666666666
2025-06-26 10:00:00,82.96,1843.63349689266,404.1666666666666,404.1666666666666
2025-06-26 11:00:00,77.2,1827.7368253768564,404.1666666666666,404.1666666666666
2025-06-26 12:00:00,63.0,1821.4902743530145,404.1666666666666,404.1666666666666
2025-06-26 13:00:00,49.03,1814.7031564136475,404.1666666666666,404.1666666666666
2025-06-26 14:00:00,47.4,1807.9460699695871,404.1666666666666,404.1666666666666
2025-06-26 15:00:00,69.03,1809.6778861989535,404.1666666666666,404.1666666666666
2025-06-26 16:00:00,74.1,1810.8190830206167,404.1666666666666,404.1666666666666
2025-06-26 17:00:00,92.6,1810.749009531568,404.1666666666666,404.1666666666666
2025-06-26 18:00:00,91.94,1808.2964374148348,404.1666666666666,404.1666666666666
2025-06-26 19:00:00,97.08,1812.9813506827163,404.1666666666666,404.1666666666666
2025-06-26 20:00:00,102.6,1817.2558335147369,404.1666666666666,404.1666666666666
2025-06-26 21:00:00,104.14,1846.8869088842448,404.1666666666666,404.1666666666666
2025-06-26 22:00:00,103.4,1865.856803419791,404.1666666666666,404.1666666666666
2025-06-26 23:00:00,93.03,1879.921553721872,404.1666666666666,404.1666666666666
2025-06-27 00:00:00,86.1,1891.5037004119124,404.1666666666666,404.1666666666666
2025-06-27 01:00:00,80.64,1895.567962776784,404.1666666666666,404.1666666666666
2025-06-27 02:00:00,80.96,1897.4399259842496,404.1666666666666,404.1666666666666
2025-06-27 03:00:00,79.94,1899.2418157026657,404.1666666666666,404.1666666666666
2025-06-27 04:00:00,79.94,1900.5131490039928,404.1666666666666,404.1666666666666
2025-06-27 05:00:00,82.12,1901.994702772468,404.1666666666666,404.1666666666666
2025-06-27 06:00:00,96.13,1903.0958576003889,404.1666666666666,404.1666666666666
2025-06-27 07:00:00,103.4,1901.594282835042,404.1666666666666,404.1666666666666
2025-06-27 08:00:00,97.36,1898.7112592855765,404.1666666666666,404.1666666666666
2025-06-27 09:00:00,87.09,1893.685989070883,404.1666666666666,404.1666666666666
2025-06-27 10:00:00,79.02,1891.403595427556,404.1666666666666,404.1666666666666
2025-06-27 11:00:00,71.02,1889.0010758030007,404.1666666666666,404.1666666666666
2025-06-27 12:00:00,74.71,1886.528482689397,404.1666666666666,404.1666666666666
2025-06-27 13:00:00,63.15,1885.597506334882,404.1666666666666,404.1666666666666
2025-06-27 14:00:00,62.05,1884.456309513219,404.1666666666666,404.1666666666666
2025-06-27 15:00:00,74.44,1882.5242833151392,404.1666666666666,404.1666666666666
2025-06-27 16:00:00,79.95,1880.392047148347,404.1666666666666,404.1666666666666
2025-06-27 17:00:00,83.5,1880.0717111984063,404.1666666666666,404.1666666666666
2025-06-27 18:00:00,87.05,1878.6502204205449,404.1666666666666,404.1666666666666
2025-06-27 19:00:00,105.1,1878.8504303892576,404.1666666666666,404.1666666666666
2025-06-27 20:00:00,122.94,1880.2919421639904,404.1666666666666,404.1666666666666
2025-06-27 21:00:00,129.95,1884.025858080486,404.1666666666666,404.1666666666666
2025-06-27 22:00:00,120.94,1884.155994560149,404.1666666666666,404.1666666666666
2025-06-27 23:00:00,103.54,1888.6607188561893,404.1666666666666,404.1666666666666
2025-06-28 00:00:00,94.64,1891.433626922863,404.1666666666666,404.1666666666666
2025-06-28 01:00:00,91.76,1892.9051701929027,404.1666666666666,404.1666666666666
2025-06-28 02:00:00,86.17,1895.8082147392397,404.1666666666666,404.1666666666666
2025-06-28 03:00:00,83.04,1897.509999473299,404.1666666666666,404.1666666666666
2025-06-28 04:00:00,81.21,1899.1116792230025,404.1666666666666,404.1666666666666
2025-06-28 05:00:00,80.09,1900.1427605618735,404.1666666666666,404.1666666666666
2025-06-28 06:00:00,78.97,1901.313988878844,404.1666666666666,404.1666666666666
2025-06-28 07:00:00,79.94,1899.5921831479127,404.1666666666666,404.1666666666666
2025-06-28 08:00:00,78.98,1895.6680677611407,404.1666666666666,404.1666666666666
2025-06-28 09:00:00,62.37,1891.1333119697936,404.1666666666666,404.1666666666666
2025-06-28 10:00:00,8.66,1886.4984511940904,404.1666666666666,404.1666666666666
2025-06-28 11:00:00,2.89,1884.896771444387,404.1666666666666,404.1666666666666
2025-06-28 12:00:00,7.16,1882.053789888664,404.1666666666666,404.1666666666666
2025-06-28 13:00:00,8.75,1872.4437113904453,404.1666666666666,404.1666666666666
2025-06-28 14:00:00,3.2,1849.719879941532,404.1666666666666,404.1666666666666
2025-06-28 15:00:00,14.93,1826.065072138104,404.1666666666666,404.1666666666666
2025-06-28 16:00:00,55.57,1807.9460699695871,404.1666666666666,404.1666666666666
2025-06-28 17:00:00,73.9,1793.6610887019224,404.1666666666666,404.1666666666666
2025-06-28 18:00:00,82.99,1787.6547896405357,404.1666666666666,404.1666666666666
2025-06-28 19:00:00,94.7,1786.573655809486,404.1666666666666,404.1666666666666
2025-06-28 20:00:00,111.43,1786.6937817907135,404.1666666666666,404.1666666666666
2025-06-28 21:00:00,114.85,1790.4276977072093,404.1666666666666,404.1666666666666
2025-06-28 22:00:00,111.81,1792.830217331764,404.1666666666666,404.1666666666666
2025-06-28 23:00:00,99.38,1797.6652880761803,404.1666666666666,404.1666666666666
2025-06-29 00:00:00,87.1,1802.290138353448,404.1666666666666,404.1666666666666
2025-06-29 01:00:00,83.32,1806.0741067621216,404.1666666666666,404.1666666666666
2025-06-29 02:00:00,81.33,1808.6768363553888,404.1666666666666,404.1666666666666
2025-06-29 03:00:00,79.53,1809.3775712458844,404.1666666666666,404.1666666666666
2025-06-29 04:00:00,79.68,1811.920237848538,404.1666666666666,404.1666666666666
2025-06-29 05:00:00,79.3,1813.221602645172,404.1666666666666,404.1666666666666
2025-06-29 06:00:00,75.26,1814.7532089058252,404.1666666666666,404.1666666666666
2025-06-29 07:00:00,70.0,1814.9534188745383,404.1666666666666,404.1666666666666
2025-06-29 08:00:00,36.44,1810.298537101964,404.1666666666666,404.1666666666666
2025-06-29 09:00:00,0.49,1804.942920438894,404.1666666666666,404.1666666666666
2025-06-29 10:00:00,1.55,1797.9856240261208,404.1666666666666,404.1666666666666
2025-06-29 11:00:00,-4.08,1752.187593683047,404.1666666666666,404.1666666666666
2025-06-29 12:00:00,-9.96,1587.6149994010502,404.1666666666666,404.1666666666666
2025-06-29 13:00:00,-10.03,1513.8075944350428,404.1666666666666,404.1666666666666
2025-06-29 14:00:00,-11.24,1430.320037481767,404.1666666666666,404.1666666666666
2025-06-29 15:00:00,-3.43,1384.8523535870695,404.1666666666666,404.1666666666666
2025-06-29 16:00:00,2.15,1383.801251251327,404.1666666666666,404.1666666666666
2025-06-29 17:00:00,51.52,1382.469854959386,404.1666666666666,404.1666666666666
2025-06-29 18:00:00,79.99,1381.5288681064355,404.1666666666666,404.1666666666666
2025-06-29 19:00:00,101.21,1380.397681783208,404.1666666666666,404.1666666666666
2025-06-29 20:00:00,114.65,1380.0673353348311,404.1666666666666,404.1666666666666
2025-06-29 21:00:00,118.12,1381.9993615329108,404.1666666666666,404.1666666666666
2025-06-29 22:00:00,117.96,1455.5765250348984,404.1666666666666,404.1666666666666
2025-06-29 23:00:00,105.62,1484.7571279748024,404.1666666666666,404.1666666666666
2025-06-30 00:00:00,96.99,1488.060592458565,404.1666666666666,404.1666666666666
2025-06-30 01:00:00,91.93,1489.1116947943076,404.1666666666666,404.1666666666666
2025-06-30 02:00:00,90.4,1492.8656317076743,404.1666666666666,404.1666666666666
2025-06-30 03:00:00,93.04,1494.086912516823,404.1666666666666,404.1666666666666
2025-06-30 04:00:00,93.29,1491.7644768797536,404.1666666666666,404.1666666666666
2025-06-30 05:00:00,103.31,1493.1158941685655,404.1666666666666,404.1666666666666
2025-06-30 06:00:00,118.29,1494.847710397932,404.1666666666666,404.1666666666666
2025-06-30 07:00:00,121.78,1493.045820679516,404.1666666666666,404.1666666666666
2025-06-30 08:00:00,102.02,1490.9436160080309,404.1666666666666,404.1666666666666
2025-06-30 09:00:00,94.9,1485.778198815238,404.1666666666666,404.1666666666666
2025-06-30 10:00:00,78.02,1481.4336424941685,404.1666666666666,404.1666666666666
2025-06-30 11:00:00,66.08,1477.6997265776731,404.1666666666666,404.1666666666666
2025-06-30 12:00:00,41.83,1474.8467345235142,404.1666666666666,404.1666666666666
2025-06-30 13:00:00,37.92,1471.36308106791,404.1666666666666,404.1666666666666
2025-06-30 14:00:00,51.51,1468.7203094809,404.1666666666666,404.1666666666666
2025-06-30 15:00:00,56.51,1467.1887032202462,404.1666666666666,404.1666666666666
2025-06-30 16:00:00,76.9,1466.3578318500877,404.1666666666666,404.1666666666666
2025-06-30 17:00:00,92.45,1464.515900137929,404.1666666666666,404.1666666666666
2025-06-30 18:00:00,108.38,1466.317789856345,404.1666666666666,404.1666666666666
2025-06-30 19:00:00,166.79,1476.3282882919896,404.1666666666666,404.1666666666666
2025-06-30 20:00:00,176.92,1481.0532435536138,404.1666666666666,404.1666666666666
2025-06-30 21:00:00,171.92,1481.4036109988613,404.1666666666666,404.1666666666666
2025-06-30 22:00:00,142.94,1483.2555532094557,404.1666666666666,404.1666666666666
2025-06-30 23:00:00,115.89,1484.907285451337,404.1666666666666,404.1666666666666
2025-07-01 00:00:00,107.58,1486.6090701853966,412.50000000000006,412.50000000000006
2025-07-01 01:00:00,96.77,1488.8814533302875,412.50000000000006,412.50000000000006
2025-07-01 02:00:00,92.48,1488.6612223647037,412.50000000000006,412.50000000000006
2025-07-01 03:00:00,92.25,1490.112744637872,412.50000000000006,412.50000000000006
2025-07-01 04:00:00,92.82,1491.664371895397,412.50000000000006,412.50000000000006
2025-07-01 05:00:00,98.63,1492.1849178140506,412.50000000000006,412.50000000000006
2025-07-01 06:00:00,112.2,1493.8166290590607,412.50000000000006,412.50000000000006
2025-07-01 07:00:00,118.57,1494.5473954448628,412.50000000000006,412.50000000000006
2025-07-01 08:00:00,117.52,1492.084812829694,412.50000000000006,412.50000000000006
2025-07-01 09:00:00,100.09,1487.4799835492977,412.50000000000006,412.50000000000006
2025-07-01 10:00:00,85.03,1485.077463924743,412.50000000000006,412.50000000000006
2025-07-01 11:00:00,81.04,1481.553768475396,412.50000000000006,412.50000000000006
2025-07-01 12:00:00,75.27,1477.4294431199107,412.50000000000006,412.50000000000006
2025-07-01 13:00:00,74.2,1452.1028820777296,412.50000000000006,412.50000000000006
2025-07-01 14:00:00,72.92,1347.9636668517194,412.50000000000006,412.50000000000006
2025-07-01 15:00:00,81.15,1326.4410952150834,412.50000000000006,412.50000000000006
2025-07-01 16:00:00,94.9,1321.7862134425088,412.50000000000006,412.50000000000006
2025-07-01 17:00:00,105.31,1316.8610482121717,412.50000000000006,412.50000000000006
2025-07-01 18:00:00,123.98,1316.68085924033,412.50000000000006,412.50000000000006
2025-07-01 19:00:00,195.02,1315.7598933842507,412.50000000000006,412.50000000000006
2025-07-01 20:00:00,215.05,1316.68085924033,412.50000000000006,412.50000000000006
2025-07-01 21:00:00,203.17,1319.8341662475582,412.50000000000006,412.50000000000006
2025-07-01 22:00:00,164.42,1325.9906227854794,412.50000000000006,412.50000000000006
2025-07-01 23:00:00,126.38,1331.4463444329058,412.50000000000006,412.50000000000006
2025-07-02 00:00:00,113.92,1335.2503338384506,412.50000000000006,412.50000000000006
2025-07-02 01:00:00,100.88,1338.1533783847876,412.50000000000006,412.50000000000006
2025-07-02 02:00:00,94.7,1340.3556880406295,412.50000000000006,412.50000000000006
2025-07-02 03:00:00,94.32,1341.8272313106693,412.50000000000006,412.50000000000006
2025-07-02 04:00:00,95.09,1343.488974050986,412.50000000000006,412.50000000000006
2025-07-02 05:00:00,101.82,1345.390968753759,412.50000000000006,412.50000000000006
2025-07-02 06:00:00,114.9,1344.6101498757785,412.50000000000006,412.50000000000006
2025-07-02 07:00:00,119.51,1343.7592575087483,412.50000000000006,412.50000000000006
2025-07-02 08:00:00,108.91,1341.1865594107878,412.50000000000006,412.50000000000006
2025-07-02 09:00:00,94.89,1336.201331189837,412.50000000000006,412.50000000000006
2025-07-02 10:00:00,83.02,1330.7155780471037,412.50000000000006,412.50000000000006
2025-07-02 11:00:00,77.69,1327.211903594628,412.50000000000006,412.50000000000006
2025-07-02 12:00:00,74.91,1324.3088590482912,412.50000000000006,412.50000000000006
2025-07-02 13:00:00,64.32,1320.4347961536969,412.50000000000006,412.50000000000006
2025-07-02 14:00:00,66.05,1316.7309117325085,412.50000000000006,412.50000000000006
2025-07-02 15:00:00,72.44,1315.779914381122,412.50000000000006,412.50000000000006
2025-07-02 16:00:00,82.47,1215.6549090278052,412.50000000000006,412.50000000000006
2025-07-02 17:00:00,93.41,1169.326322267642,412.50000000000006,412.50000000000006
2025-07-02 18:00:00,112.92,1169.5465532332262,412.50000000000006,412.50000000000006
2025-07-02 19:00:00,148.06,1170.8479180298598,412.50000000000006,412.50000000000006
2025-07-02 20:00:00,178.06,1174.4116554729494,412.50000000000006,412.50000000000006
2025-07-02 21:00:00,170.06,1176.083408711702,412.50000000000006,412.50000000000006
2025-07-02 22:00:00,149.53,1178.6561068096628,412.50000000000006,412.50000000000006
2025-07-02 23:00:00,115.8,1182.560201199564,412.50000000000006,412.50000000000006
2025-07-03 00:00:00,97.28,1182.6903376792277,412.50000000000006,412.50000000000006
2025-07-03 01:00:00,90.87,1184.8926473350691,412.50000000000006,412.50000000000006
2025-07-03 02:00:00,90.04,1185.8436446864555,412.50000000000006,412.50000000000006
2025-07-03 03:00:00,85.81,1188.4463742797232,412.50000000000006,412.50000000000006
2025-07-03 04:00:00,85.2,1190.648683935565,412.50000000000006,412.50000000000006
2025-07-03 05:00:00,90.03,1193.5517284819018,412.50000000000006,412.50000000000006
2025-07-03 06:00:00,99.61,1192.4305526571095,412.50000000000006,412.50000000000006
2025-07-03 07:00:00,107.33,1190.1281380169114,412.50000000000006,412.50000000000006
2025-07-03 08:00:00,103.23,1188.5264582672082,412.50000000000006,412.50000000000006
2025-07-03 09:00:00,92.1,1187.1950619752677,412.50000000000006,412.50000000000006
2025-07-03 10:00:00,90.33,1186.7245685487924,412.50000000000006,412.50000000000006
2025-07-03 11:00:00,86.71,1185.323098767802,412.50000000000006,412.50000000000006
2025-07-03 12:00:00,84.43,1185.823623689584,412.50000000000006,412.50000000000006
2025-07-03 13:00:00,84.07,1182.540180202693,412.50000000000006,412.50000000000006
2025-07-03 14:00:00,84.67,1177.8852984301182,412.50000000000006,412.50000000000006
2025-07-03 15:00:00,88.69,1177.2846685239797,412.50000000000006,412.50000000000006
2025-07-03 16:00:00,96.3,1175.8131252539397,412.50000000000006,412.50000000000006
2025-07-03 17:00:00,99.6,1179.0865582423953,412.50000000000006,412.50000000000006
2025-07-03 18:00:00,102.55,1180.7182694874057,412.50000000000006,412.50000000000006
2025-07-03 19:00:00,133.96,1184.5422798898217,412.50000000000006,412.50000000000006
2025-07-03 20:00:00,172.95,1185.2430147803168,412.50000000000006,412.50000000000006
2025-07-03 21:00:00,171.97,1185.523308736515,412.50000000000006,412.50000000000006
2025-07-03 22:00:00,135.64,1187.8657653704556,412.50000000000006,412.50000000000006
2025-07-03 23:00:00,112.42,1189.047004185862,412.50000000000006,412.50000000000006
2025-07-04 00:00:00,106.93,1191.129187860476,412.50000000000006,412.50000000000006
2025-07-04 01:00:00,103.0,1190.9489988886344,412.50000000000006,412.50000000000006
2025-07-04 02:00:00,98.19,1191.4495238104166,412.50000000000006,412.50000000000006
2025-07-04 03:00:00,96.94,1192.6007311305154,412.50000000000006,412.50000000000006
2025-07-04 04:00:00,97.97,1194.4026208489315,412.50000000000006,412.50000000000006
2025-07-04 05:00:00,105.0,1194.803040786357,412.50000000000006,412.50000000000006
2025-07-04 06:00:00,122.51,1193.4316025006742,412.50000000000006,412.50000000000006
2025-07-04 07:00:00,119.26,1196.6349620000806,412.50000000000006,412.50000000000006
2025-07-04 08:00:00,102.99,1197.1054554265556,412.50000000000006,412.50000000000006
2025-07-04 09:00:00,89.07,1199.0575026215065,412.50000000000006,412.50000000000006
2025-07-04 10:00:00,88.0,1196.0743740876842,412.50000000000006,412.50000000000006
2025-07-04 11:00:00,84.87,1192.5706996352087,412.50000000000006,412.50000000000006
2025-07-04 12:00:00,73.15,1190.3283479856243,412.50000000000006,412.50000000000006
2025-07-04 13:00:00,66.95,1189.3272981420598,412.50000000000006,412.50000000000006
2025-07-04 14:00:00,56.2,1186.143959639525,412.50000000000006,412.50000000000006
2025-07-04 15:00:00,80.18,1184.842594842891,412.50000000000006,412.50000000000006
2025-07-04 16:00:00,83.31,1185.323098767802,412.50000000000006,412.50000000000006
2025-07-04 17:00:00,86.06,1185.3631407615444,412.50000000000006,412.50000000000006
2025-07-04 18:00:00,101.51,1185.4232037521583,412.50000000000006,412.50000000000006
2025-07-04 19:00:00,119.93,1187.1249884862182,412.50000000000006,412.50000000000006
2025-07-04 20:00:00,154.95,1191.099156365169,412.50000000000006,412.50000000000006
2025-07-04 21:00:00,159.59,1192.7709096039216,412.50000000000006,412.50000000000006
2025-07-04 22:00:00,128.76,1195.353618200318,412.50000000000006,412.50000000000006
2025-07-04 23:00:00,109.77,1197.435801874932,412.50000000000006,412.50000000000006
2025-07-05 00:00:00,100.9,1198.757187668437,412.50000000000006,412.50000000000006
2025-07-05 01:00:00,95.38,1201.3398962648332,412.50000000000006,412.50000000000006
2025-07-05 02:00:00,92.5,1204.0126993471504,412.50000000000006,412.50000000000006
2025-07-05 03:00:00,90.75,1206.1449355139428,412.50000000000006,412.50000000000006
2025-07-05 04:00:00,89.13,1207.9868672261014,412.50000000000006,412.50000000000006
2025-07-05 05:00:00,88.85,1209.488441991448,412.50000000000006,412.50000000000006
2025-07-05 06:00:00,91.07,1210.2692608694283,412.50000000000006,412.50000000000006
2025-07-05 07:00:00,88.68,1209.2181585336857,412.50000000000006,412.50000000000006
2025-07-05 08:00:00,87.44,1207.8867622417447,412.50000000000006,412.50000000000006
2025-07-05 09:00:00,75.95,1204.3630667923978,412.50000000000006,412.50000000000006
2025-07-05 10:00:00,73.16,1200.308814925962,412.50000000000006,412.50000000000006
2025-07-05 11:00:00,36.94,1195.4737441815455,412.50000000000006,412.50000000000006
2025-07-05 12:00:00,8.23,1189.5675501045152,412.50000000000006,412.50000000000006
2025-07-05 13:00:00,2.08,1188.1961118188322,412.50000000000006,412.50000000000006
2025-07-05 14:00:00,3.68,1186.8947470221983,412.50000000000006,412.50000000000006
2025-07-05 15:00:00,33.09,1186.7445895456635,412.50000000000006,412.50000000000006
2025-07-05 16:00:00,71.08,1186.9948520065548,412.50000000000006,412.50000000000006
2025-07-05 17:00:00,83.31,1186.6645055581785,412.50000000000006,412.50000000000006
2025-07-05 18:00:00,93.3,1186.2440646238813,412.50000000000006,412.50000000000006
2025-07-05 19:00:00,102.69,1189.9279280481985,412.50000000000006,412.50000000000006
2025-07-05 20:00:00,107.87,1190.228243001268,412.50000000000006,412.50000000000006
2025-07-05 21:00:00,116.67,1192.6007311305154,412.50000000000006,412.50000000000006
2025-07-05 22:00:00,113.02,1195.1734292284764,412.50000000000006,412.50000000000006
2025-07-05 23:00:00,103.05,1198.0764737748132,412.50000000000006,412.50000000000006
2025-07-06 00:00:00,95.16,1200.478993399368,412.50000000000006,412.50000000000006
2025-07-06 01:00:00,87.52,1201.179728289863,412.50000000000006,412.50000000000006
2025-07-06 02:00:00,85.95,1203.512174425368,412.50000000000006,412.50000000000006
2025-07-06 03:00:00,85.08,1204.6633817454674,412.50000000000006,412.50000000000006
2025-07-06 04:00:00,86.21,1205.4141691281409,412.50000000000006,412.50000000000006
2025-07-06 05:00:00,86.05,1207.546405294933,412.50000000000006,412.50000000000006
2025-07-06 06:00:00,85.64,1209.6686309632896,412.50000000000006,412.50000000000006
2025-07-06 07:00:00,85.7,1210.419418345963,412.50000000000006,412.50000000000006
2025-07-06 08:00:00,82.31,1209.5885469758043,412.50000000000006,412.50000000000006
2025-07-06 09:00:00,75.93,1205.8446205608734,412.50000000000006,412.50000000000006
2025-07-06 10:00:00,72.47,1202.3409461083977,412.50000000000006,412.50000000000006
2025-07-06 11:00:00,71.07,1199.9784684775857,412.50000000000006,412.50000000000006
2025-07-06 12:00:00,62.07,1200.4089199103184,412.50000000000006,412.50000000000006
2025-07-06 13:00:00,62.09,1200.0585524650708,412.50000000000006,412.50000000000006
2025-07-06 14:00:00,71.01,1200.7793083524373,412.50000000000006,412.50000000000006
2025-07-06 15:00:00,75.95,1197.6760538373876,412.50000000000006,412.50000000000006
2025-07-06 16:00:00,79.97,1197.3557178874466,412.50000000000006,412.50000000000006
2025-07-06 17:00:00,87.2,1197.6360118436448,412.50000000000006,412.50000000000006
2025-07-06 18:00:00,104.45,1197.1354869218628,412.50000000000006,412.50000000000006
2025-07-06 19:00:00,111.27,1200.4089199103184,412.50000000000006,412.50000000000006
2025-07-06 20:00:00,124.21,1204.9636966985368,412.50000000000006,412.50000000000006
2025-07-06 21:00:00,127.7,1207.5664262918042,412.50000000000006,412.50000000000006
2025-07-06 22:00:00,122.13,1210.44944984127,412.50000000000006,412.50000000000006
2025-07-06 23:00:00,106.66,1211.07010074428,412.50000000000006,412.50000000000006
2025-07-07 00:00:00,101.45,1211.570625666062,412.50000000000006,412.50000000000006
2025-07-07 01:00:00,93.77,1211.350394700478,412.50000000000006,412.50000000000006
2025-07-07 02:00:00,93.76,1211.9510246066166,412.50000000000006,412.50000000000006
2025-07-07 03:00:00,92.82,1212.6217280018047,412.50000000000006,412.50000000000006
2025-07-07 04:00:00,95.01,1213.8530193093889,412.50000000000006,412.50000000000006
2025-07-07 05:00:00,99.99,1212.7718854783395,412.50000000000006,412.50000000000006
2025-07-07 06:00:00,112.07,1211.6507096535474,412.50000000000006,412.50000000000006
2025-07-07 07:00:00,118.58,1210.4894918350126,412.50000000000006,412.50000000000006
2025-07-07 08:00:00,110.81,1209.5885469758043,412.50000000000006,412.50000000000006
2025-07-07 09:00:00,109.19,1208.1470352010715,412.50000000000006,412.50000000000006
2025-07-07 10:00:00,99.54,1206.5453554513686,412.50000000000006,412.50000000000006
2025-07-07 11:00:00,92.11,1207.686552273032,412.50000000000006,412.50000000000006
2025-07-07 12:00:00,88.92,1206.815638909131,412.50000000000006,412.50000000000006
2025-07-07 13:00:00,87.55,1207.2160588465567,412.50000000000006,412.50000000000006
2025-07-07 14:00:00,87.5,1204.3130143002195,412.50000000000006,412.50000000000006
2025-07-07 15:00:00,91.04,1208.3472451697844,412.50000000000006,412.50000000000006
2025-07-07 16:00:00,94.96,1210.389386850656,412.50000000000006,412.50000000000006
2025-07-07 17:00:00,102.7,1235.7159478928368,412.50000000000006,412.50000000000006
2025-07-07 18:00:00,103.15,1289.9027759249807,412.50000000000006,412.50000000000006
2025-07-07 19:00:00,102.71,1374.3413302296428,412.50000000000006,412.50000000000006
2025-07-07 20:00:00,108.79,1382.5699599437426,412.50000000000006,412.50000000000006
2025-07-07 21:00:00,109.7,1382.1695400063168,412.50000000000006,412.50000000000006
2025-07-07 22:00:00,109.26,1383.6510937747923,412.50000000000006,412.50000000000006
2025-07-07 23:00:00,102.69,1384.9024060792478,412.50000000000006,412.50000000000006
2025-07-08 00:00:00,101.6,1384.8723745839409,412.50000000000006,412.50000000000006
2025-07-08 01:00:00,98.63,1385.3028260166734,412.50000000000006,412.50000000000006
2025-07-08 02:00:00,95.67,1385.8333824337628,412.50000000000006,412.50000000000006
2025-07-08 03:00:00,93.19,1385.0525635557824,412.50000000000006,412.50000000000006
2025-07-08 04:00:00,94.07,1386.2538233680598,412.50000000000006,412.50000000000006
2025-07-08 05:00:00,99.71,1384.8323325901983,412.50000000000006,412.50000000000006
2025-07-08 06:00:00,107.99,1385.8734244275054,412.50000000000006,412.50000000000006
2025-07-08 07:00:00,115.32,1387.3049257038024,412.50000000000006,412.50000000000006
2025-07-08 08:00:00,113.09,1387.6753141459214,412.50000000000006,412.50000000000006
2025-07-08 09:00:00,104.01,1386.7042957976637,412.50000000000006,412.50000000000006
2025-07-08 10:00:00,98.61,1388.976678942555,412.50000000000006,412.50000000000006
2025-07-08 11:00:00,96.07,1388.075734083347,412.50000000000006,412.50000000000006
2025-07-08 12:00:00,90.58,1389.2769938956244,412.50000000000006,412.50000000000006
2025-07-08 13:00:00,90.66,1448.1987876878284,412.50000000000006,412.50000000000006
2025-07-08 14:00:00,92.01,1519.7938724995583,412.50000000000006,412.50000000000006
2025-07-08 15:00:00,91.7,1653.6342365841265,412.50000000000006,412.50000000000006
2025-07-08 16:00:00,92.08,1842.652468045967,412.50000000000006,412.50000000000006
2025-07-08 17:00:00,91.53,1914.307615848311,412.50000000000006,412.50000000000006
2025-07-08 18:00:00,101.83,1922.1158046281132,412.50000000000006,412.50000000000006
2025-07-08 19:00:00,112.77,1921.36501724544,412.50000000000006,412.50000000000006
2025-07-08 20:00:00,122.36,1921.815489675044,412.50000000000006,412.50000000000006
2025-07-08 21:00:00,120.81,1923.4371904216189,412.50000000000006,412.50000000000006
2025-07-08 22:00:00,108.4,1924.197988302728,412.50000000000006,412.50000000000006
2025-07-08 23:00:00,101.51,1924.097883318371,412.50000000000006,412.50000000000006
2025-07-09 00:00:00,98.65,1923.61737939346,412.50000000000006,412.50000000000006
2025-07-09 01:00:00,90.37,1922.9967284904503,412.50000000000006,412.50000000000006
2025-07-09 02:00:00,89.18,1924.0378203277571,412.50000000000006,412.50000000000006
2025-07-09 03:00:00,88.07,1925.5193740962327,412.50000000000006,412.50000000000006
2025-07-09 04:00:00,89.56,1925.86974154148,412.50000000000006,412.50000000000006
2025-07-09 05:00:00,94.9,1926.7406549053808,412.50000000000006,412.50000000000006
2025-07-09 06:00:00,106.74,1928.8228385799955,412.50000000000006,412.50000000000006
2025-07-09 07:00:00,112.84,1928.9029225674808,412.50000000000006,412.50000000000006
2025-07-09 08:00:00,106.8,1929.3033425049064,412.50000000000006,412.50000000000006
2025-07-09 09:00:00,92.09,1926.0999830055,412.50000000000006,412.50000000000006
2025-07-09 10:00:00,84.55,1922.716434534252,412.50000000000006,412.50000000000006
2025-07-09 11:00:00,77.63,1920.9345658127077,412.50000000000006,412.50000000000006
2025-07-09 12:00:00,63.64,1920.133725937856,412.50000000000006,412.50000000000006
2025-07-09 13:00:00,62.03,1919.232781078648,412.50000000000006,412.50000000000006
2025-07-09 14:00:00,67.6,1917.460922855539,412.50000000000006,412.50000000000006
2025-07-09 15:00:00,76.03,1916.4899045072812,412.50000000000006,412.50000000000006
2025-07-09 16:00:00,77.91,1915.3587181840533,412.50000000000006,412.50000000000006
2025-07-09 17:00:00,84.64,1915.3887496793604,412.50000000000006,412.50000000000006
2025-07-09 18:00:00,95.63,1915.709085629301,412.50000000000006,412.50000000000006
2025-07-09 19:00:00,113.33,1916.0594530745484,412.50000000000006,412.50000000000006
2025-07-09 20:00:00,125.05,1917.09053441342,412.50000000000006,412.50000000000006
2025-07-09 21:00:00,129.94,1917.9113952851428,412.50000000000006,412.50000000000006
2025-07-09 22:00:00,118.79,1919.73330600043,412.50000000000006,412.50000000000006
2025-07-09 23:00:00,104.91,1923.5673269012816,412.50000000000006,412.50000000000006
2025-07-10 00:00:00,102.19,1925.0188491744505,412.50000000000006,412.50000000000006
2025-07-10 01:00:00,98.56,1926.300192974213,412.50000000000006,412.50000000000006
2025-07-10 02:00:00,99.64,1927.3012428177772,412.50000000000006,412.50000000000006
2025-07-10 03:00:00,96.02,1927.7016627552032,412.50000000000006,412.50000000000006
2025-07-10 04:00:00,97.15,1929.6036574579755,412.50000000000006,412.50000000000006
2025-07-10 05:00:00,102.17,1930.1041823797575,412.50000000000006,412.50000000000006
2025-07-10 06:00:00,114.81,1930.024098392273,412.50000000000006,412.50000000000006
2025-07-10 07:00:00,119.16,1928.7427545925104,412.50000000000006,412.50000000000006
2025-07-10 08:00:00,110.07,1925.399248115005,412.50000000000006,412.50000000000006
2025-07-10 09:00:00,94.17,1921.1347757814203,412.50000000000006,412.50000000000006
2025-07-10 10:00:00,80.49,1916.9303664384497,412.50000000000006,412.50000000000006
2025-07-10 11:00:00,68.99,1912.4556736377165,412.50000000000006,412.50000000000006
2025-07-10 12:00:00,47.11,1910.8539938880133,412.50000000000006,412.50000000000006
2025-07-10 13:00:00,39.87,1908.521547752508,412.50000000000006,412.50000000000006
2025-07-10 14:00:00,37.81,1906.4193430810228,412.50000000000006,412.50000000000006
2025-07-10 15:00:00,51.71,1905.7986921780127,412.50000000000006,412.50000000000006
2025-07-10 16:00:00,72.54,1906.349269591973,412.50000000000006,412.50000000000006
2025-07-10 17:00:00,85.97,1904.81766333132,412.50000000000006,412.50000000000006
2025-07-10 18:00:00,101.31,1904.4472748892008,412.50000000000006,412.50000000000006
2025-07-10 19:00:00,109.66,1904.2170334251807,412.50000000000006,412.50000000000006
2025-07-10 20:00:00,119.65,1903.6964875065275,412.50000000000006,412.50000000000006
2025-07-10 21:00:00,116.86,1904.897747318805,412.50000000000006,412.50000000000006
2025-07-10 22:00:00,113.99,1908.101106818211,412.50000000000006,412.50000000000006
2025-07-10 23:00:00,102.79,1910.1532589975184,412.50000000000006,412.50000000000006
2025-07-11 00:00:00,102.0,1913.086335039162,412.50000000000006,412.50000000000006
2025-07-11 01:00:00,97.32,1914.6579832935583,412.50000000000006,412.50000000000006
2025-07-11 02:00:00,97.09,1917.3608178711825,412.50000000000006,412.50000000000006
2025-07-11 03:00:00,97.16,1919.463022542668,412.50000000000006,412.50000000000006
2025-07-11 04:00:00,97.02,1921.2949437563907,412.50000000000006,412.50000000000006
2025-07-11 05:00:00,99.39,1921.4150697376183,412.50000000000006,412.50000000000006
2025-07-11 06:00:00,106.48,1921.4350907344897,412.50000000000006,412.50000000000006
2025-07-11 07:00:00,106.58,1921.9656471515789,412.50000000000006,412.50000000000006
2025-07-11 08:00:00,102.69,1920.1937889284695,412.50000000000006,412.50000000000006
2025-07-11 09:00:00,92.5,1919.2928440692615,412.50000000000006,412.50000000000006
2025-07-11 10:00:00,81.74,1914.808140770093,412.50000000000006,412.50000000000006
2025-07-11 11:00:00,74.78,1908.921967689934,412.50000000000006,412.50000000000006
2025-07-11 12:00:00,75.83,1907.0800359777752,412.50000000000006,412.50000000000006
2025-07-11 13:00:00,69.99,1905.5984822093,412.50000000000006,412.50000000000006
2025-07-11 14:00:00,74.19,1861.2519741393944,412.50000000000006,412.50000000000006
2025-07-11 15:00:00,75.54,1807.615723521211,412.50000000000006,412.50000000000006
2025-07-11 16:00:00,79.16,1804.9729519342009,412.50000000000006,412.50000000000006
2025-07-11 17:00:00,84.72,1803.6916081344384,412.50000000000006,412.50000000000006
2025-07-11 18:00:00,92.5,1804.912888943587,412.50000000000006,412.50000000000006
2025-07-11 19:00:00,102.7,1805.813833802795,412.50000000000006,412.50000000000006
2025-07-11 20:00:00,110.03,1807.195282586914,412.50000000000006,412.50000000000006
2025-07-11 21:00:00,110.58,1809.277466261528,412.50000000000006,412.50000000000006
2025-07-11 22:00:00,109.92,1810.8190830206167,412.50000000000006,412.50000000000006
2025-07-11 23:00:00,101.23,1814.9233873792316,412.50000000000006,412.50000000000006
2025-07-12 00:00:00,101.3,1817.1256970350728,412.50000000000006,412.50000000000006
2025-07-12 01:00:00,95.59,1818.5571983113705,412.50000000000006,412.50000000000006
2025-07-12 02:00:00,91.97,1819.2579332018652,412.50000000000006,412.50000000000006
2025-07-12 03:00:00,90.81,1821.2099803968165,412.50000000000006,412.50000000000006
2025-07-12 04:00:00,90.8,1824.713654849292,412.50000000000006,412.50000000000006
2025-07-12 05:00:00,89.22,1825.7947886803413,412.50000000000006,412.50000000000006
2025-07-12 06:00:00,89.86,1826.635670548936,412.50000000000006,412.50000000000006
2025-07-12 07:00:00,95.0,1826.4354605802228,412.50000000000006,412.50000000000006
2025-07-12 08:00:00,82.06,1826.4154395833516,412.50000000000006,412.50000000000006
2025-07-12 09:00:00,78.2,1822.8617126386976,412.50000000000006,412.50000000000006
2025-07-12 10:00:00,20.99,1820.909665443747,412.50000000000006,412.50000000000006
2025-07-12 11:00:00,2.9,1817.586179963113,412.50000000000006,412.50000000000006
2025-07-12 12:00:00,-0.02,1814.653103921469,412.50000000000006,412.50000000000006
2025-07-12 13:00:00,-0.91,1812.3807207765776,412.50000000000006,412.50000000000006
2025-07-12 14:00:00,-1.38,1810.5988520550327,412.50000000000006,412.50000000000006
2025-07-12 15:00:00,0.75,1810.8991670081025,412.50000000000006,412.50000000000006
2025-07-12 16:00:00,15.22,1810.3786210894489,412.50000000000006,412.50000000000006
2025-07-12 17:00:00,60.01,1809.8780961676664,412.50000000000006,412.50000000000006
2025-07-12 18:00:00,92.02,1810.4486945784984,412.50000000000006,412.50000000000006
2025-07-12 19:00:00,101.34,1808.1963324304784,412.50000000000006,412.50000000000006
2025-07-12 20:00:00,113.31,1808.3164584117064,412.50000000000006,412.50000000000006
2025-07-12 21:00:00,116.63,1811.4497444220628,412.50000000000006,412.50000000000006
2025-07-12 22:00:00,112.01,1813.6220225825975,412.50000000000006,412.50000000000006
2025-07-12 23:00:00,103.8,1818.707355787905,412.50000000000006,412.50000000000006
2025-07-13 00:00:00,104.31,1820.8295814562616,412.50000000000006,412.50000000000006
2025-07-13 01:00:00,103.6,1822.8917441340045,412.50000000000006,412.50000000000006
2025-07-13 02:00:00,102.66,1825.914914661569,412.50000000000006,412.50000000000006
2025-07-13 03:00:00,101.16,1826.935985502005,412.50000000000006,412.50000000000006
2025-07-13 04:00:00,100.63,1828.2173293017677,412.50000000000006,412.50000000000006
2025-07-13 05:00:00,99.82,1829.468641606223,412.50000000000006,412.50000000000006
2025-07-13 06:00:00,99.28,1830.6699014185003,412.50000000000006,412.50000000000006
2025-07-13 07:00:00,90.94,1829.999198023312,412.50000000000006,412.50000000000006
2025-07-13 08:00:00,80.5,1827.196258461332,412.50000000000006,412.50000000000006
2025-07-13 09:00:00,59.03,1823.7326260025984,412.50000000000006,412.50000000000006
2025-07-13 10:00:00,17.7,1819.9286365970536,412.50000000000006,412.50000000000006
2025-07-13 11:00:00,9.42,1813.3517391248356,412.50000000000006,412.50000000000006
2025-07-13 12:00:00,6.47,1806.2943377277056,412.50000000000006,412.50000000000006
2025-07-13 13:00:00,3.49,1803.41131417824,412.50000000000006,412.50000000000006
2025-07-13 14:00:00,3.5,1803.2411357048345,412.50000000000006,412.50000000000006
2025-07-13 15:00:00,5.96,1801.7095294441808,412.50000000000006,412.50000000000006
2025-07-13 16:00:00,23.31,1800.7685425912302,412.50000000000006,412.50000000000006
2025-07-13 17:00:00,81.21,1798.7664429041013,412.50000000000006,412.50000000000006
2025-07-13 18:00:00,103.61,1795.533051909388,412.50000000000006,412.50000000000006
2025-07-13 19:00:00,116.62,1797.585204088695,412.50000000000006,412.50000000000006
2025-07-13 20:00:00,122.08,1798.486148947903,412.50000000000006,412.50000000000006
2025-07-13 21:00:00,119.19,1801.9898234003783,412.50000000000006,412.50000000000006
2025-07-13 22:00:00,124.41,1805.89391779028,412.50000000000006,412.50000000000006
2025-07-13 23:00:00,116.04,1809.7479596880032,412.50000000000006,412.50000000000006
2025-07-14 00:00:00,106.21,1813.1515291561225,412.50000000000006,412.50000000000006
2025-07-14 01:00:00,102.8,1814.2827154793504,412.50000000000006,412.50000000000006
2025-07-14 02:00:00,99.07,1813.9824005262808,412.50000000000006,412.50000000000006
2025-07-14 03:00:00,101.14,1816.0846051977665,412.50000000000006,412.50000000000006
2025-07-14 04:00:00,102.13,1816.7252770976477,412.50000000000006,412.50000000000006
2025-07-14 05:00:00,106.48,1815.6241222697267,412.50000000000006,412.50000000000006
2025-07-14 06:00:00,117.68,1814.5029464449344,412.50000000000006,412.50000000000006
2025-07-14 07:00:00,124.14,1812.4207627703204,412.50000000000006,412.50000000000006
2025-07-14 08:00:00,119.08,1810.8991670081025,412.50000000000006,412.50000000000006
2025-07-14 09:00:00,103.11,1813.2816656357857,412.50000000000006,412.50000000000006
2025-07-14 10:00:00,92.04,1816.3548886555288,412.50000000000006,412.50000000000006
2025-07-14 11:00:00,86.51,1814.5529989371128,412.50000000000006,412.50000000000006
2025-07-14 12:00:00,84.89,1812.4507942656276,412.50000000000006,412.50000000000006
2025-07-14 13:00:00,78.78,1807.6457550165176,412.50000000000006,412.50000000000006
2025-07-14 14:00:00,68.84,1802.910789256458,412.50000000000006,412.50000000000006
2025-07-14 15:00:00,72.29,1797.9856240261208,412.50000000000006,412.50000000000006
2025-07-14 16:00:00,81.55,1806.9450201260229,412.50000000000006,412.50000000000006
2025-07-14 17:00:00,93.45,1827.0661219816684,412.50000000000006,412.50000000000006
2025-07-14 18:00:00,106.47,1827.8169093643417,412.50000000000006,412.50000000000006
2025-07-14 19:00:00,125.24,1829.1683266531536,412.50000000000006,412.50000000000006
2025-07-14 20:00:00,125.22,1830.6398699231931,412.50000000000006,412.50000000000006
2025-07-14 21:00:00,127.63,1833.2025575227185,412.50000000000006,412.50000000000006
2025-07-14 22:00:00,127.66,1836.9765154329564,412.50000000000006,412.50000000000006
2025-07-14 23:00:00,110.89,1839.4290875496893,412.50000000000006,412.50000000000006
2025-07-15 00:00:00,106.39,1842.1519431241848,412.50000000000006,412.50000000000006
2025-07-15 01:00:00,99.34,1844.2141058019276,412.50000000000006,412.50000000000006
2025-07-15 02:00:00,94.08,1845.2551976392344,412.50000000000006,412.50000000000006
2025-07-15 03:00:00,91.82,1847.017045363908,412.50000000000006,412.50000000000006
2025-07-15 04:00:00,92.06,1848.1382211887003,412.50000000000006,412.50000000000006
2025-07-15 05:00:00,97.47,1846.8368563920665,412.50000000000006,412.50000000000006
2025-07-15 06:00:00,106.27,1846.1561424984425,412.50000000000006,412.50000000000006
2025-07-15 07:00:00,111.68,1846.686698915532,412.50000000000006,412.50000000000006
2025-07-15 08:00:00,105.63,1848.6387461104823,412.50000000000006,412.50000000000006
2025-07-15 09:00:00,104.38,1844.8147357080663,412.50000000000006,412.50000000000006
2025-07-15 10:00:00,84.93,1837.326882878204,412.50000000000006,412.50000000000006
2025-07-15 11:00:00,83.08,1837.8274077999863,412.50000000000006,412.50000000000006
2025-07-15 12:00:00,80.83,1836.32583303464,412.50000000000006,412.50000000000006
2025-07-15 13:00:00,80.36,1834.704132288065,412.50000000000006,412.50000000000006
2025-07-15 14:00:00,80.11,1834.173575870976,412.50000000000006,412.50000000000006
2025-07-15 15:00:00,81.52,1834.704132288065,412.50000000000006,412.50000000000006
2025-07-15 16:00:00,82.03,1833.042389547748,412.50000000000006,412.50000000000006
2025-07-15 17:00:00,90.03,1833.042389547748,412.50000000000006,412.50000000000006
2025-07-15 18:00:00,104.04,1834.423838331867,412.50000000000006,412.50000000000006
2025-07-15 19:00:00,109.7,1836.475990511174,412.50000000000006,412.50000000000006
2025-07-15 20:00:00,124.1,1837.8274077999863,412.50000000000006,412.50000000000006
2025-07-15 21:00:00,133.04,1839.8795599792932,412.50000000000006,412.50000000000006
2025-07-15 22:00:00,119.06,1842.5323420647392,412.50000000000006,412.50000000000006
2025-07-15 23:00:00,109.72,1844.6145257393532,412.50000000000006,412.50000000000006
2025-07-16 00:00:00,98.93,1847.35740231072,412.50000000000006,412.50000000000006
2025-07-16 01:00:00,92.2,1851.1413707193933,412.50000000000006,412.50000000000006
2025-07-16 02:00:00,87.02,1852.342630531671,412.50000000000006,412.50000000000006
2025-07-16 03:00:00,85.89,1853.49383785177,412.50000000000006,412.50000000000006
2025-07-16 04:00:00,85.87,1854.9653811218095,412.50000000000006,412.50000000000006
2025-07-16 05:00:00,89.6,1855.9464099685028,412.50000000000006,412.50000000000006
2025-07-16 06:00:00,104.79,1856.0965674450376,412.50000000000006,412.50000000000006
2025-07-16 07:00:00,111.2,1855.3457800623644,412.50000000000006,412.50000000000006
2025-07-16 08:00:00,109.36,1854.124499253216,412.50000000000006,412.50000000000006
2025-07-16 09:00:00,103.13,1852.0222945817304,412.50000000000006,412.50000000000006
2025-07-16 10:00:00,103.14,1847.7177802544031,412.50000000000006,412.50000000000006
2025-07-16 11:00:00,102.06,1846.4864889468188,412.50000000000006,412.50000000000006
2025-07-16 12:00:00,83.51,1845.185124150185,412.50000000000006,412.50000000000006
2025-07-16 13:00:00,83.03,1844.1140008175712,412.50000000000006,412.50000000000006
2025-07-16 14:00:00,82.85,1843.213055958363,412.50000000000006,412.50000000000006
2025-07-16 15:00:00,82.05,1844.5544627487395,412.50000000000006,412.50000000000006
2025-07-16 16:00:00,87.35,1843.6835493848384,412.50000000000006,412.50000000000006
2025-07-16 17:00:00,95.41,1842.932762002165,412.50000000000006,412.50000000000006
2025-07-16 18:00:00,102.49,1844.053937826957,412.50000000000006,412.50000000000006
2025-07-16 19:00:00,108.19,1844.7847042127592,412.50000000000006,412.50000000000006
2025-07-16 20:00:00,117.97,1844.954882686165,412.50000000000006,412.50000000000006
2025-07-16 21:00:00,119.15,1846.5565624358685,412.50000000000006,412.50000000000006
2025-07-16 22:00:00,113.72,1848.4385361417692,412.50000000000006,412.50000000000006
2025-07-16 23:00:00,106.12,1848.8389560791957,412.50000000000006,412.50000000000006
2025-07-17 00:00:00,105.7,1852.09236807078,412.50000000000006,412.50000000000006
2025-07-17 01:00:00,101.0,1854.6650661687404,412.50000000000006,412.50000000000006
2025-07-17 02:00:00,94.2,1859.0496644835528,412.50000000000006,412.50000000000006
2025-07-17 03:00:00,92.49,1858.8694755117112,412.50000000000006,412.50000000000006
2025-07-17 04:00:00,92.11,1858.7693705273543,412.50000000000006,412.50000000000006
2025-07-17 05:00:00,96.33,1860.200871803652,412.50000000000006,412.50000000000006
2025-07-17 06:00:00,104.65,1860.451134264543,412.50000000000006,412.50000000000006
2025-07-17 07:00:00,111.31,1860.0306933302456,412.50000000000006,412.50000000000006
2025-07-17 08:00:00,108.6,1860.431113267672,412.50000000000006,412.50000000000006
2025-07-17 09:00:00,97.41,1859.1497694679088,412.50000000000006,412.50000000000006
2025-07-17 10:00:00,84.47,1859.4300634241072,412.50000000000006,412.50000000000006
2025-07-17 11:00:00,78.19,1851.7920531177103,412.50000000000006,412.50000000000006
2025-07-17 12:00:00,66.3,1846.987013868601,412.50000000000006,412.50000000000006
2025-07-17 13:00:00,59.48,1840.5502633744816,412.50000000000006,412.50000000000006
2025-07-17 14:00:00,54.07,1840.850578327551,412.50000000000006,412.50000000000006
2025-07-17 15:00:00,65.73,1840.8105363338084,412.50000000000006,412.50000000000006
2025-07-17 16:00:00,76.01,1841.0307672993924,412.50000000000006,412.50000000000006
2025-07-17 17:00:00,84.86,1841.2109562712344,412.50000000000006,412.50000000000006
2025-07-17 18:00:00,101.5,1839.0086466153923,412.50000000000006,412.50000000000006
2025-07-17 19:00:00,109.0,1839.0286676122637,412.50000000000006,412.50000000000006
2025-07-17 20:00:00,125.03,1841.6514182024025,412.50000000000006,412.50000000000006
2025-07-17 21:00:00,129.4,1843.5133709114325,412.50000000000006,412.50000000000006
2025-07-17 22:00:00,123.56,1845.3553026235911,412.50000000000006,412.50000000000006
2025-07-17 23:00:00,111.01,1849.0591870447795,412.50000000000006,412.50000000000006
2025-07-18 00:00:00,109.39,1851.9221895973735,412.50000000000006,412.50000000000006
2025-07-18 01:00:00,103.91,1853.744100312661,412.50000000000006,412.50000000000006
2025-07-18 02:00:00,100.64,1856.3668509028,412.50000000000006,412.50000000000006
2025-07-18 03:00:00,98.99,1856.5270188777704,412.50000000000006,412.50000000000006
2025-07-18 04:00:00,101.09,1858.8694755117112,412.50000000000006,412.50000000000006
2025-07-18 05:00:00,105.09,1859.7303783771763,412.50000000000006,412.50000000000006
2025-07-18 06:00:00,116.95,1860.3009767880085,412.50000000000006,412.50000000000006
2025-07-18 07:00:00,116.55,1859.4500844209783,412.50000000000006,412.50000000000006
2025-07-18 08:00:00,114.29,1857.548089718206,412.50000000000006,412.50000000000006
2025-07-18 09:00:00,103.09,1705.2884085120522,412.50000000000006,412.50000000000006
2025-07-18 10:00:00,89.29,1414.9639328814883,412.50000000000006,412.50000000000006
2025-07-18 11:00:00,81.84,1132.3675620432423,412.50000000000006,412.50000000000006
2025-07-18 12:00:00,75.25,973.641098847662,412.50000000000006,412.50000000000006
2025-07-18 13:00:00,67.96,978.1258021468308,412.50000000000006,412.50000000000006
2025-07-18 14:00:00,62.96,982.1099805242172,412.50000000000006,412.50000000000006
2025-07-18 15:00:00,70.97,980.1279018339596,412.50000000000006,412.50000000000006
2025-07-18 16:00:00,80.01,965.1121541804928,412.50000000000006,412.50000000000006
2025-07-18 17:00:00,89.17,974.5220227099989,412.50000000000006,412.50000000000006
2025-07-18 18:00:00,106.26,974.8023166661968,412.50000000000006,412.50000000000006
2025-07-18 19:00:00,116.52,986.1342008953465,412.50000000000006,412.50000000000006
2025-07-18 20:00:00,124.13,984.6326261299996,412.50000000000006,412.50000000000006
2025-07-18 21:00:00,123.08,984.6126051331285,412.50000000000006,412.50000000000006
2025-07-18 22:00:00,127.0,988.3865630433664,412.50000000000006,412.50000000000006
2025-07-18 23:00:00,114.53,987.8159646325348,412.50000000000006,412.50000000000006
2025-07-19 00:00:00,110.73,987.2854082154456,412.50000000000006,412.50000000000006
2025-07-19 01:00:00,104.79,987.3554817044952,412.50000000000006,412.50000000000006
2025-07-19 02:00:00,104.03,988.316489554317,412.50000000000006,412.50000000000006
2025-07-19 03:00:00,102.2,984.852857095584,412.50000000000006,412.50000000000006
2025-07-19 04:00:00,100.35,986.7348308014851,412.50000000000006,412.50000000000006
2025-07-19 05:00:00,100.28,979.4271669434644,412.50000000000006,412.50000000000006
2025-07-19 06:00:00,98.42,981.1089306806527,412.50000000000006,412.50000000000006
2025-07-19 07:00:00,93.1,980.5783742635635,412.50000000000006,412.50000000000006
2025-07-19 08:00:00,81.68,981.2490776587518,412.50000000000006,412.50000000000006
2025-07-19 09:00:00,58.45,981.6795290914846,412.50000000000006,412.50000000000006
2025-07-19 10:00:00,20.72,969.9672459217804,412.50000000000006,412.50000000000006
2025-07-19 11:00:00,15.93,980.177954326138,412.50000000000006,412.50000000000006
2025-07-19 12:00:00,9.3,970.1174033983152,412.50000000000006,412.50000000000006
2025-07-19 13:00:00,5.91,979.1468729872664,412.50000000000006,412.50000000000006
2025-07-19 14:00:00,21.91,979.1268519903952,412.50000000000006,412.50000000000006
2025-07-19 15:00:00,11.55,982.4102954772866,412.50000000000006,412.50000000000006
2025-07-19 16:00:00,49.99,980.67847924792,412.50000000000006,412.50000000000006
2025-07-19 17:00:00,80.37,980.007775852732,412.50000000000006,412.50000000000006
2025-07-19 18:00:00,95.41,983.0809988724748,412.50000000000006,412.50000000000006
2025-07-19 19:00:00,104.8,984.8328360987126,412.50000000000006,412.50000000000006
2025-07-19 20:00:00,109.33,984.7527521112274,412.50000000000006,412.50000000000006
2025-07-19 21:00:00,109.7,985.7137599610492,412.50000000000006,412.50000000000006
2025-07-19 22:00:00,105.48,985.7137599610492,412.50000000000006,412.50000000000006
2025-07-19 23:00:00,102.19,984.2822586847522,412.50000000000006,412.50000000000006
2025-07-20 00:00:00,87.12,983.4513873145936,412.50000000000006,412.50000000000006
2025-07-20 01:00:00,86.55,985.7337809579208,412.50000000000006,412.50000000000006
2025-07-20 02:00:00,86.56,986.654746814,412.50000000000006,412.50000000000006
2025-07-20 03:00:00,86.12,985.133151051782,412.50000000000006,412.50000000000006
2025-07-20 04:00:00,85.44,983.8117652582768,412.50000000000006,412.50000000000006
2025-07-20 05:00:00,85.76,982.4303164741578,412.50000000000006,412.50000000000006
2025-07-20 06:00:00,85.75,982.7306314272272,412.50000000000006,412.50000000000006
2025-07-20 07:00:00,83.41,981.8296865680192,412.50000000000006,412.50000000000006
2025-07-20 08:00:00,76.26,980.3080908058012,412.50000000000006,412.50000000000006
2025-07-20 09:00:00,38.31,979.807565884019,412.50000000000006,412.50000000000006
2025-07-20 10:00:00,4.14,977.0446683157812,412.50000000000006,412.50000000000006
2025-07-20 11:00:00,-3.13,980.5483427682568,412.50000000000006,412.50000000000006
2025-07-20 12:00:00,-4.74,978.0056761656032,412.50000000000006,412.50000000000006
2025-07-20 13:00:00,-5.24,976.8044163533256,412.50000000000006,412.50000000000006
2025-07-20 14:00:00,-3.59,975.442988566078,412.50000000000006,412.50000000000006
2025-07-20 15:00:00,8.0,974.0214977882164,412.50000000000006,412.50000000000006
2025-07-20 16:00:00,44.4,973.9414138007312,412.50000000000006,412.50000000000006
2025-07-20 17:00:00,84.9,972.0994820885728,412.50000000000006,412.50000000000006
2025-07-20 18:00:00,93.81,974.9424636442956,412.50000000000006,412.50000000000006
2025-07-20 19:00:00,107.2,979.2770094669298,412.50000000000006,412.50000000000006
2025-07-20 20:00:00,111.26,981.1489726743954,412.50000000000006,412.50000000000006
2025-07-20 21:00:00,110.54,980.9787942009896,412.50000000000006,412.50000000000006
2025-07-20 22:00:00,109.0,980.0277968496032,412.50000000000006,412.50000000000006
2025-07-20 23:00:00,102.42,980.5483427682568,412.50000000000006,412.50000000000006
2025-07-21 00:00:00,100.25,980.3781642948508,412.50000000000006,412.50000000000006
2025-07-21 01:00:00,93.96,979.0267470060388,412.50000000000006,412.50000000000006
2025-07-21 02:00:00,91.3,979.0067260091674,412.50000000000006,412.50000000000006
2025-07-21 03:00:00,88.46,978.4761695920783,412.50000000000006,412.50000000000006
2025-07-21 04:00:00,91.3,977.274909779801,412.50000000000006,412.50000000000006
2025-07-21 05:00:00,98.58,975.8434085035038,412.50000000000006,412.50000000000006
2025-07-21 06:00:00,105.88,975.442988566078,412.50000000000006,412.50000000000006
2025-07-21 07:00:00,114.54,974.5720752021768,412.50000000000006,412.50000000000006
2025-07-21 08:00:00,110.55,972.9203429602956,412.50000000000006,412.50000000000006
2025-07-21 09:00:00,104.78,973.30074190085,412.50000000000006,412.50000000000006
2025-07-21 10:00:00,102.91,973.2006369164936,412.50000000000006,412.50000000000006
2025-07-21 11:00:00,99.96,974.54204370687,412.50000000000006,412.50000000000006
2025-07-21 12:00:00,93.81,975.3729150770286,412.50000000000006,412.50000000000006
2025-07-21 13:00:00,91.3,947.5136979306296,412.50000000000006,412.50000000000006
2025-07-21 14:00:00,91.3,925.3204228988056,412.50000000000006,412.50000000000006
2025-07-21 15:00:00,91.87,969.2665110312852,412.50000000000006,412.50000000000006
2025-07-21 16:00:00,94.75,983.0809988724748,412.50000000000006,412.50000000000006
2025-07-21 17:00:00,102.38,981.3792141384153,412.50000000000006,412.50000000000006
2025-07-21 18:00:00,104.61,981.0088256962964,412.50000000000006,412.50000000000006
2025-07-21 19:00:00,106.9,981.0088256962964,412.50000000000006,412.50000000000006
2025-07-21 20:00:00,116.52,980.7285317400984,412.50000000000006,412.50000000000006
2025-07-21 21:00:00,115.75,984.7327311143562,412.50000000000006,412.50000000000006
2025-07-21 22:00:00,106.9,984.482468653465,412.50000000000006,412.50000000000006
2025-07-21 23:00:00,101.09,984.5525421425144,412.50000000000006,412.50000000000006
2025-07-22 00:00:00,92.93,984.5825736378216,412.50000000000006,412.50000000000006
2025-07-22 01:00:00,88.91,983.5114503052076,412.50000000000006,412.50000000000006
2025-07-22 02:00:00,87.45,983.0109253834252,412.50000000000006,412.50000000000006
2025-07-22 03:00:00,86.34,983.2311563490096,412.50000000000006,412.50000000000006
2025-07-22 04:00:00,85.94,984.2121851957024,412.50000000000006,412.50000000000006
2025-07-22 05:00:00,90.83,927.5727850468256,412.50000000000006,412.50000000000006
2025-07-22 06:00:00,103.19,746.9633722709264,412.50000000000006,412.50000000000006
2025-07-22 07:00:00,103.99,647.0786188800648,412.50000000000006,412.50000000000006
2025-07-22 08:00:00,100.66,647.1787238644213,412.50000000000006,412.50000000000006
2025-07-22 09:00:00,87.49,650.7825033012534,412.50000000000006,412.50000000000006
2025-07-22 10:00:00,88.9,650.9827132699662,412.50000000000006,412.50000000000006
2025-07-22 11:00:00,85.81,647.9795637392729,412.50000000000006,412.50000000000006
2025-07-22 12:00:00,85.43,647.4790388174906,412.50000000000006,412.50000000000006
2025-07-22 13:00:00,85.36,485.2088591756922,412.50000000000006,412.50000000000006
2025-07-22 14:00:00,85.69,647.2788288487778,412.50000000000006,412.50000000000006
2025-07-22 15:00:00,85.65,647.3789338331343,412.50000000000006,412.50000000000006
2025-07-22 16:00:00,88.7,647.1787238644213,412.50000000000006,412.50000000000006
2025-07-22 17:00:00,86.2,646.7783039269956,412.50000000000006,412.50000000000006
2025-07-22 18:00:00,91.48,646.4779889739261,412.50000000000006,412.50000000000006
2025-07-22 19:00:00,104.71,646.6781989426391,412.50000000000006,412.50000000000006
2025-07-22 20:00:00,114.08,646.7783039269956,412.50000000000006,412.50000000000006
2025-07-22 21:00:00,114.78,647.1787238644213,412.50000000000006,412.50000000000006
2025-07-22 22:00:00,108.71,647.4790388174906,412.50000000000006,412.50000000000006
2025-07-22 23:00:00,100.76,647.3789338331343,412.50000000000006,412.50000000000006
2025-07-23 00:00:00,92.9,646.9785138957084,412.50000000000006,412.50000000000006
2025-07-23 01:00:00,89.89,647.3789338331343,412.50000000000006,412.50000000000006
2025-07-23 02:00:00,91.01,647.1787238644213,412.50000000000006,412.50000000000006
2025-07-23 03:00:00,84.5,647.1787238644213,412.50000000000006,412.50000000000006
2025-07-23 04:00:00,83.05,647.0786188800648,412.50000000000006,412.50000000000006
2025-07-23 05:00:00,84.12,647.4790388174906,412.50000000000006,412.50000000000006
2025-07-23 06:00:00,93.74,682.5658358344249,412.50000000000006,412.50000000000006
2025-07-23 07:00:00,99.78,811.2507932246358,412.50000000000006,412.50000000000006
2025-07-23 08:00:00,96.93,930.3557036119348,412.50000000000006,412.50000000000006
2025-07-23 09:00:00,86.43,989.1173294291684,412.50000000000006,412.50000000000006
2025-07-23 10:00:00,83.94,1150.0861442743333,412.50000000000006,412.50000000000006
2025-07-23 11:00:00,83.95,1165.802626818295,412.50000000000006,412.50000000000006
2025-07-23 12:00:00,81.94,1242.302855863491,412.50000000000006,412.50000000000006
2025-07-23 13:00:00,81.21,1308.0518095888044,412.50000000000006,412.50000000000006
2025-07-23 14:00:00,78.78,1439.6298010269163,412.50000000000006,412.50000000000006
2025-07-23 15:00:00,81.91,1530.1247068851435,412.50000000000006,412.50000000000006
2025-07-23 16:00:00,81.46,1553.909651168235,412.50000000000006,412.50000000000006
2025-07-23 17:00:00,83.74,1568.6451048655038,412.50000000000006,412.50000000000006
2025-07-23 18:00:00,94.65,1566.6630261752462,412.50000000000006,412.50000000000006
2025-07-23 19:00:00,108.79,1564.7610314724736,412.50000000000006,412.50000000000006
2025-07-23 20:00:00,114.95,1568.1946324358998,412.50000000000006,412.50000000000006
2025-07-23 21:00:00,116.95,1569.2457347716424,412.50000000000006,412.50000000000006
2025-07-23 22:00:00,112.22,1569.4959972325337,412.50000000000006,412.50000000000006
2025-07-23 23:00:00,103.7,1567.8642859875235,412.50000000000006,412.50000000000006
2025-07-24 00:00:00,100.45,1575.1319078518015,412.50000000000006,412.50000000000006
2025-07-24 01:00:00,97.84,1576.1729996891086,412.50000000000006,412.50000000000006
2025-07-24 02:00:00,96.03,1576.473314642178,412.50000000000006,412.50000000000006
2025-07-24 03:00:00,94.77,1576.7035561061975,412.50000000000006,412.50000000000006
2025-07-24 04:00:00,95.92,1578.8057607776832,412.50000000000006,412.50000000000006
2025-07-24 05:00:00,100.69,1581.6387318349705,412.50000000000006,412.50000000000006
2025-07-24 06:00:00,111.69,1578.9058657620394,412.50000000000006,412.50000000000006
2025-07-24 07:00:00,113.69,1578.7356872886337,412.50000000000006,412.50000000000006
2025-07-24 08:00:00,109.9,1581.538626850614,412.50000000000006,412.50000000000006
2025-07-24 09:00:00,102.01,1581.5586478474854,412.50000000000006,412.50000000000006
2025-07-24 10:00:00,97.51,1582.4595927066932,412.50000000000006,412.50000000000006
2025-07-24 11:00:00,93.08,1586.5138445731293,412.50000000000006,412.50000000000006
2025-07-24 12:00:00,84.46,1585.843141177941,412.50000000000006,412.50000000000006
2025-07-24 13:00:00,81.97,1585.6629522060996,412.50000000000006,412.50000000000006
2025-07-24 14:00:00,81.55,1606.4847889522405,412.50000000000006,412.50000000000006
2025-07-24 15:00:00,87.88,1653.9345515371956,412.50000000000006,412.50000000000006
2025-07-24 16:00:00,93.31,1703.3063298217946,412.50000000000006,412.50000000000006
2025-07-24 17:00:00,100.61,1757.1628114055625,412.50000000000006,412.50000000000006
2025-07-24 18:00:00,103.67,1781.9688265290897,412.50000000000006,412.50000000000006
2025-07-24 19:00:00,114.48,1783.9709262162185,412.50000000000006,412.50000000000006
2025-07-24 20:00:00,115.15,1783.820768739684,412.50000000000006,412.50000000000006
2025-07-24 21:00:00,117.9,1782.549435438357,412.50000000000006,412.50000000000006
2025-07-24 22:00:00,114.83,1787.6748106374068,412.50000000000006,412.50000000000006
2025-07-24 23:00:00,107.42,1789.6268578323577,412.50000000000006,412.50000000000006
2025-07-25 00:00:00,103.7,1788.125283067011,412.50000000000006,412.50000000000006
2025-07-25 01:00:00,99.5,1788.4556295153873,412.50000000000006,412.50000000000006
2025-07-25 02:00:00,95.56,1790.457729202516,412.50000000000006,412.50000000000006
2025-07-25 03:00:00,93.71,1790.657939171229,412.50000000000006,412.50000000000006
2025-07-25 04:00:00,95.82,1790.157414249447,412.50000000000006,412.50000000000006
2025-07-25 05:00:00,98.19,1790.657939171229,412.50000000000006,412.50000000000006
2025-07-25 06:00:00,108.21,1789.5768053401796,412.50000000000006,412.50000000000006
2025-07-25 07:00:00,111.63,1789.026227926219,412.50000000000006,412.50000000000006
2025-07-25 08:00:00,107.01,1789.5267528480013,412.50000000000006,412.50000000000006
2025-07-25 09:00:00,98.03,1789.5968263370507,412.50000000000006,412.50000000000006
2025-07-25 10:00:00,91.05,1788.9261229418626,412.50000000000006,412.50000000000006
2025-07-25 11:00:00,84.37,1788.3955665247734,412.50000000000006,412.50000000000006
2025-07-25 12:00:00,80.17,1788.3955665247734,412.50000000000006,412.50000000000006
2025-07-25 13:00:00,76.95,1788.375545527902,412.50000000000006,412.50000000000006
2025-07-25 14:00:00,71.09,1784.971976059783,412.50000000000006,412.50000000000006
2025-07-25 15:00:00,78.37,1781.448280610436,412.50000000000006,412.50000000000006
2025-07-25 16:00:00,82.41,1781.9888475259606,412.50000000000006,412.50000000000006
2025-07-25 17:00:00,85.09,1781.7485955635054,412.50000000000006,412.50000000000006
2025-07-25 18:00:00,96.79,1663.4245040541866,412.50000000000006,412.50000000000006
2025-07-25 19:00:00,107.22,1590.4479704583375,412.50000000000006,412.50000000000006
2025-07-25 20:00:00,113.13,1627.5068356670938,412.50000000000006,412.50000000000006
2025-07-25 21:00:00,113.08,1684.6868027314956,412.50000000000006,412.50000000000006
2025-07-25 22:00:00,111.13,1740.1249430680953,412.50000000000006,412.50000000000006
2025-07-25 23:00:00,103.15,1795.6631883890514,412.50000000000006,412.50000000000006
2025-07-26 00:00:00,100.13,1845.2351766423635,412.50000000000006,412.50000000000006
2025-07-26 01:00:00,96.32,1856.266745918444,412.50000000000006,412.50000000000006
2025-07-26 02:00:00,94.01,1857.127648783909,412.50000000000006,412.50000000000006
2025-07-26 03:00:00,93.85,1856.196672429394,412.50000000000006,412.50000000000006
2025-07-26 04:00:00,92.93,1856.8673758245825,412.50000000000006,412.50000000000006
2025-07-26 05:00:00,92.93,1857.3679007463645,412.50000000000006,412.50000000000006
2025-07-26 06:00:00,93.84,1857.8984571634537,412.50000000000006,412.50000000000006
2025-07-26 07:00:00,91.45,1857.5981422103844,412.50000000000006,412.50000000000006
2025-07-26 08:00:00,86.57,1856.3268089090573,412.50000000000006,412.50000000000006
2025-07-26 09:00:00,84.21,1855.8262839872752,412.50000000000006,412.50000000000006
2025-07-26 10:00:00,75.08,1855.3958325545425,412.50000000000006,412.50000000000006
2025-07-26 11:00:00,69.83,1854.8252341437108,412.50000000000006,412.50000000000006
2025-07-26 12:00:00,63.89,1852.823134456582,412.50000000000006,412.50000000000006
2025-07-26 13:00:00,54.59,1850.660866794483,412.50000000000006,412.50000000000006
2025-07-26 14:00:00,57.03,1848.558662122997,412.50000000000006,412.50000000000006
2025-07-26 15:00:00,68.0,1848.558662122997,412.50000000000006,412.50000000000006
2025-07-26 16:00:00,75.78,1848.4185151448985,412.50000000000006,412.50000000000006
2025-07-26 17:00:00,86.17,1848.818935082324,412.50000000000006,412.50000000000006
2025-07-26 18:00:00,98.26,1852.5228195035124,412.50000000000006,412.50000000000006
2025-07-26 19:00:00,106.8,1855.5259690342057,412.50000000000006,412.50000000000006
2025-07-26 20:00:00,106.67,1856.7973023355323,412.50000000000006,412.50000000000006
2025-07-26 21:00:00,106.79,1856.4969873824637,412.50000000000006,412.50000000000006
2025-07-26 22:00:00,106.73,1856.927438815196,412.50000000000006,412.50000000000006
2025-07-26 23:00:00,103.06,1857.267795762008,412.50000000000006,412.50000000000006
2025-07-27 00:00:00,101.55,1856.8473548277111,412.50000000000006,412.50000000000006
2025-07-27 01:00:00,98.79,1856.6671658558691,412.50000000000006,412.50000000000006
2025-07-27 02:00:00,94.96,1856.8673758245825,412.50000000000006,412.50000000000006
2025-07-27 03:00:00,94.46,1857.468005730721,412.50000000000006,412.50000000000006
2025-07-27 04:00:00,92.96,1857.247774765137,412.50000000000006,412.50000000000006
2025-07-27 05:00:00,90.37,1857.798352179097,412.50000000000006,412.50000000000006
2025-07-27 06:00:00,90.08,1857.468005730721,412.50000000000006,412.50000000000006
2025-07-27 07:00:00,84.01,1858.0686356368597,412.50000000000006,412.50000000000006
2025-07-27 08:00:00,79.81,1854.6950976640476,412.50000000000006,412.50000000000006
2025-07-27 09:00:00,76.76,1852.3226095348,412.50000000000006,412.50000000000006
2025-07-27 10:00:00,67.05,1852.7430504690967,412.50000000000006,412.50000000000006
2025-07-27 11:00:00,56.48,1851.641895641176,412.50000000000006,412.50000000000006
2025-07-27 12:00:00,40.66,1849.7899534305811,412.50000000000006,412.50000000000006
2025-07-27 13:00:00,19.75,1849.6397959540468,412.50000000000006,412.50000000000006
2025-07-27 14:00:00,15.47,1849.6397959540468,412.50000000000006,412.50000000000006
2025-07-27 15:00:00,23.93,1852.8431554534527,412.50000000000006,412.50000000000006
2025-07-27 16:00:00,51.98,1848.588693618304,412.50000000000006,412.50000000000006
2025-07-27 17:00:00,78.03,1851.041265735037,412.50000000000006,412.50000000000006
2025-07-27 18:00:00,88.51,1852.823134456582,412.50000000000006,412.50000000000006
2025-07-27 19:00:00,93.53,1856.5670608715127,412.50000000000006,412.50000000000006
2025-07-27 20:00:00,101.62,1855.8463049841464,412.50000000000006,412.50000000000006
2025-07-27 21:00:00,102.31,1855.796252491968,412.50000000000006,412.50000000000006
2025-07-27 22:00:00,100.19,1856.196672429394,412.50000000000006,412.50000000000006
2025-07-27 23:00:00,92.64,1856.146619937216,412.50000000000006,412.50000000000006
2025-07-28 00:00:00,90.41,1857.5280687213344,412.50000000000006,412.50000000000006
2025-07-28 01:00:00,83.76,1857.548089718206,412.50000000000006,412.50000000000006
2025-07-28 02:00:00,81.09,1859.0296434866812,412.50000000000006,412.50000000000006
2025-07-28 03:00:00,79.79,1859.8505043584044,412.50000000000006,412.50000000000006
2025-07-28 04:00:00,79.8,1861.5022366002856,412.50000000000006,412.50000000000006
2025-07-28 05:00:00,83.05,1860.931638189454,412.50000000000006,412.50000000000006
2025-07-28 06:00:00,97.84,1861.9326880330184,412.50000000000006,412.50000000000006
2025-07-28 07:00:00,106.3,1860.000661834939,412.50000000000006,412.50000000000006
2025-07-28 08:00:00,102.84,1860.1307983146023,412.50000000000006,412.50000000000006
2025-07-28 09:00:00,94.42,1860.1708403083449,412.50000000000006,412.50000000000006
2025-07-28 10:00:00,91.36,1859.0296434866812,412.50000000000006,412.50000000000006
2025-07-28 11:00:00,85.41,1859.0496644835528,412.50000000000006,412.50000000000006
2025-07-28 12:00:00,79.9,1859.1497694679088,412.50000000000006,412.50000000000006
2025-07-28 13:00:00,77.97,1857.5681107150767,412.50000000000006,412.50000000000006
2025-07-28 14:00:00,75.02,1858.0986671321664,412.50000000000006,412.50000000000006
2025-07-28 15:00:00,78.1,1856.6971973511763,412.50000000000006,412.50000000000006
2025-07-28 16:00:00,79.8,1857.5681107150767,412.50000000000006,412.50000000000006
2025-07-28 17:00:00,81.92,1858.5291185648991,412.50000000000006,412.50000000000006
2025-07-28 18:00:00,92.06,1859.4500844209783,412.50000000000006,412.50000000000006
2025-07-28 19:00:00,99.75,1860.100766819296,412.50000000000006,412.50000000000006
2025-07-28 20:00:00,106.09,1859.6002418975131,412.50000000000006,412.50000000000006
2025-07-28 21:00:00,103.84,1859.0296434866812,412.50000000000006,412.50000000000006
2025-07-28 22:00:00,98.72,1861.602341584642,412.50000000000006,412.50000000000006
2025-07-28 23:00:00,93.22,1861.6523940768204,412.50000000000006,412.50000000000006
2025-07-29 00:00:00,83.21,1862.002761522068,412.50000000000006,412.50000000000006
2025-07-29 01:00:00,80.03,1863.334157814009,412.50000000000006,412.50000000000006
2025-07-29 02:00:00,77.63,1864.054913701375,412.50000000000006,412.50000000000006
2025-07-29 03:00:00,76.58,1864.935837563712,412.50000000000006,412.50000000000006
2025-07-29 04:00:00,77.01,1866.337307344702,412.50000000000006,412.50000000000006
2025-07-29 05:00:00,80.16,1866.337307344702,412.50000000000006,412.50000000000006
2025-07-29 06:00:00,94.02,1865.6565934510784,412.50000000000006,412.50000000000006
2025-07-29 07:00:00,101.87,1865.6766144479493,412.50000000000006,412.50000000000006
2025-07-29 08:00:00,94.98,1864.074934698246,412.50000000000006,412.50000000000006
2025-07-29 09:00:00,80.98,1864.475354635672,412.50000000000006,412.50000000000006
2025-07-29 10:00:00,72.6,1866.8078007711767,412.50000000000006,412.50000000000006
2025-07-29 11:00:00,56.89,1864.4553336388008,412.50000000000006,412.50000000000006
2025-07-29 12:00:00,41.06,1860.87157519884,412.50000000000006,412.50000000000006
2025-07-29 13:00:00,36.66,1859.8505043584044,412.50000000000006,412.50000000000006
2025-07-29 14:00:00,24.35,1858.7994020226613,412.50000000000006,412.50000000000006
2025-07-29 15:00:00,60.07,1856.6971973511763,412.50000000000006,412.50000000000006
2025-07-29 16:00:00,74.06,1855.495937538899,412.50000000000006,412.50000000000006
2025-07-29 17:00:00,77.85,1854.4648562000275,412.50000000000006,412.50000000000006
2025-07-29 18:00:00,90.02,1856.7272288464835,412.50000000000006,412.50000000000006
2025-07-29 19:00:00,102.47,1857.127648783909,412.50000000000006,412.50000000000006
2025-07-29 20:00:00,104.69,1856.7672708402256,412.50000000000006,412.50000000000006
2025-07-29 21:00:00,105.84,1858.5291185648991,412.50000000000006,412.50000000000006
2025-07-29 22:00:00,104.7,1859.6703153865628,412.50000000000006,412.50000000000006
2025-07-29 23:00:00,94.48,1861.852604045533,412.50000000000006,412.50000000000006
2025-07-30 00:00:00,93.53,1863.6544937639487,412.50000000000006,412.50000000000006
2025-07-30 01:00:00,90.02,1864.605491115336,412.50000000000006,412.50000000000006
2025-07-30 02:00:00,86.03,1863.474304792108,412.50000000000006,412.50000000000006
2025-07-30 03:00:00,85.09,1865.4764044792369,412.50000000000006,412.50000000000006
2025-07-30 04:00:00,86.09,1866.557538310286,412.50000000000006,412.50000000000006
2025-07-30 05:00:00,91.76,1867.638672141336,412.50000000000006,412.50000000000006
2025-07-30 06:00:00,98.34,1868.2092705521677,412.50000000000006,412.50000000000006
2025-07-30 07:00:00,99.51,1868.3594280287025,412.50000000000006,412.50000000000006
2025-07-30 08:00:00,93.96,1868.1592180599891,412.50000000000006,412.50000000000006
2025-07-30 09:00:00,76.41,1865.6766144479493,412.50000000000006,412.50000000000006
2025-07-30 10:00:00,69.15,1862.903706381276,412.50000000000006,412.50000000000006
2025-07-30 11:00:00,70.05,1859.329958439751,412.50000000000006,412.50000000000006
2025-07-30 12:00:00,42.69,1856.5270188777704,412.50000000000006,412.50000000000006
2025-07-30 13:00:00,23.59,1690.5729758116547,412.50000000000006,412.50000000000006
2025-07-30 14:00:00,20.05,1854.795202648404,412.50000000000006,412.50000000000006
2025-07-30 15:00:00,51.18,1853.744100312661,412.50000000000006,412.50000000000006
2025-07-30 16:00:00,74.35,1853.0633864190368,412.50000000000006,412.50000000000006
2025-07-30 17:00:00,78.67,1855.5660110279484,412.50000000000006,412.50000000000006
2025-07-30 18:00:00,90.0,1856.547039874641,412.50000000000006,412.50000000000006
2025-07-30 19:00:00,99.13,1856.196672429394,412.50000000000006,412.50000000000006
2025-07-30 20:00:00,106.23,1855.265696074879,412.50000000000006,412.50000000000006
2025-07-30 21:00:00,108.9,1855.74619999979,412.50000000000006,412.50000000000006
2025-07-30 22:00:00,102.66,1857.5681107150767,412.50000000000006,412.50000000000006
2025-07-30 23:00:00,91.89,1858.4690555742852,412.50000000000006,412.50000000000006
2025-07-31 00:00:00,86.94,1858.649244546127,412.50000000000006,412.50000000000006
2025-07-31 01:00:00,82.65,1860.0306933302456,412.50000000000006,412.50000000000006
2025-07-31 02:00:00,81.77,1860.731428220741,412.50000000000006,412.50000000000006
2025-07-31 03:00:00,81.01,1861.5723100893351,412.50000000000006,412.50000000000006
2025-07-31 04:00:00,81.99,1861.3721001206225,412.50000000000006,412.50000000000006
2025-07-31 05:00:00,86.11,1861.352079123751,412.50000000000006,412.50000000000006
2025-07-31 06:00:00,91.47,1861.7024465689983,412.50000000000006,412.50000000000006
2025-07-31 07:00:00,96.71,1859.4000319288004,412.50000000000006,412.50000000000006
2025-07-31 08:00:00,94.71,1858.499087069592,412.50000000000006,412.50000000000006
2025-07-31 09:00:00,81.73,1858.398982085236,412.50000000000006,412.50000000000006
2025-07-31 10:00:00,72.32,1856.647144858998,412.50000000000006,412.50000000000006
2025-07-31 11:00:00,63.2,1853.223554394008,412.50000000000006,412.50000000000006
2025-07-31 12:00:00,50.66,1852.9232394409385,412.50000000000006,412.50000000000006
2025-07-31 13:00:00,34.64,1851.3415806881064,412.50000000000006,412.50000000000006
2025-07-31 14:00:00,37.76,1847.7878537434528,412.50000000000006,412.50000000000006
2025-07-31 15:00:00,51.27,1850.760971778839,412.50000000000006,412.50000000000006
2025-07-31 16:00:00,71.92,1851.5618116536905,412.50000000000006,412.50000000000006
2025-07-31 17:00:00,82.05,1849.5897434618687,412.50000000000006,412.50000000000006
2025-07-31 18:00:00,97.17,1849.5396909696904,412.50000000000006,412.50000000000006
2025-07-31 19:00:00,108.36,1848.7388510948388,412.50000000000006,412.50000000000006
2025-07-31 20:00:00,110.3,1848.7889035870169,412.50000000000006,412.50000000000006
2025-07-31 21:00:00,113.92,1851.8220846130173,412.50000000000006,412.50000000000006
2025-07-31 22:00:00,108.94,1854.3447302188,412.50000000000006,412.50000000000006
2025-07-31 23:00:00,100.02,1857.948509655632,412.50000000000006,412.50000000000006
2025-08-01 00:00:00,97.42,1858.9996119913744,379.1666666666666,379.1666666666666
2025-08-01 01:00:00,91.99,1860.0707353239884,379.1666666666666,379.1666666666666
2025-08-01 02:00:00,88.57,1861.432163111236,379.1666666666666,379.1666666666666
2025-08-01 03:00:00,86.95,1861.6523940768204,379.1666666666666,379.1666666666666
2025-08-01 04:00:00,87.99,1861.2319531425237,379.1666666666666,379.1666666666666
2025-08-01 05:00:00,92.93,1862.0728350111171,379.1666666666666,379.1666666666666
2025-08-01 06:00:00,102.16,1861.602341584642,379.1666666666666,379.1666666666666
2025-08-01 07:00:00,103.81,1861.3721001206225,379.1666666666666,379.1666666666666
2025-08-01 08:00:00,101.55,1794.431897081467,379.1666666666666,379.1666666666666
2025-08-01 09:00:00,96.79,1668.199511807989,379.1666666666666,379.1666666666666
2025-08-01 10:00:00,87.0,1565.962291284751,379.1666666666666,379.1666666666666
2025-08-01 11:00:00,81.13,1555.4112259335816,379.1666666666666,379.1666666666666
2025-08-01 12:00:00,73.7,1553.6493782089085,379.1666666666666,379.1666666666666
2025-08-01 13:00:00,64.5,1551.9475934748486,379.1666666666666,379.1666666666666
2025-08-01 14:00:00,66.08,1549.6451788346503,379.1666666666666,379.1666666666666
2025-08-01 15:00:00,71.82,1549.2747903925317,379.1666666666666,379.1666666666666
2025-08-01 16:00:00,74.95,1549.2247379003534,379.1666666666666,379.1666666666666
2025-08-01 17:00:00,80.31,1544.920223573026,379.1666666666666,379.1666666666666
2025-08-01 18:00:00,92.68,1547.7431841318778,379.1666666666666,379.1666666666666
2025-08-01 19:00:00,103.58,1551.0266276187697,379.1666666666666,379.1666666666666
2025-08-01 20:00:00,109.56,1554.8806695164926,379.1666666666666,379.1666666666666
2025-08-01 21:00:00,111.94,1557.453367614453,379.1666666666666,379.1666666666666
2025-08-01 22:00:00,107.73,1557.9138505424928,379.1666666666666,379.1666666666666
2025-08-01 23:00:00,101.3,1559.655677270295,379.1666666666666,379.1666666666666
2025-08-02 00:00:00,101.04,1559.855887239008,379.1666666666666,379.1666666666666
2025-08-02 01:00:00,96.23,1560.9170000731865,379.1666666666666,379.1666666666666
2025-08-02 02:00:00,94.53,1561.8579869261368,379.1666666666666,379.1666666666666
2025-08-02 03:00:00,91.98,1562.859036769701,379.1666666666666,379.1666666666666
2025-08-02 04:00:00,92.13,1565.121409416157,379.1666666666666,379.1666666666666
2025-08-02 05:00:00,92.93,1566.6229841815036,379.1666666666666,379.1666666666666
2025-08-02 06:00:00,92.09,1568.4448948967909,379.1666666666666,379.1666666666666
2025-08-02 07:00:00,92.11,1568.164600940593,379.1666666666666,379.1666666666666
2025-08-02 08:00:00,83.34,1569.0255038060584,379.1666666666666,379.1666666666666
2025-08-02 09:00:00,76.29,1568.7952623420383,379.1666666666666,379.1666666666666
2025-08-02 10:00:00,57.34,1568.6250838686326,379.1666666666666,379.1666666666666
2025-08-02 11:00:00,28.17,1567.543950037583,379.1666666666666,379.1666666666666
2025-08-02 12:00:00,4.33,1567.3237190719988,379.1666666666666,379.1666666666666
2025-08-02 13:00:00,-1.37,1567.4438450532264,379.1666666666666,379.1666666666666
2025-08-02 14:00:00,-2.38,1569.1256087904148,379.1666666666666,379.1666666666666
2025-08-02 15:00:00,1.87,1566.6229841815036,379.1666666666666,379.1666666666666
2025-08-02 16:00:00,40.18,1567.5639710344542,379.1666666666666,379.1666666666666
2025-08-02 17:00:00,70.27,1567.4938975454047,379.1666666666666,379.1666666666666
2025-08-02 18:00:00,85.06,1567.794212498474,379.1666666666666,379.1666666666666
2025-08-02 19:00:00,99.1,1567.824243993781,379.1666666666666,379.1666666666666
2025-08-02 20:00:00,105.79,1567.8442649906524,379.1666666666666,379.1666666666666
2025-08-02 21:00:00,105.18,1566.7931626549096,379.1666666666666,379.1666666666666
2025-08-02 22:00:00,101.42,1568.4448948967909,379.1666666666666,379.1666666666666
2025-08-02 23:00:00,96.35,1570.6472045526327,379.1666666666666,379.1666666666666
2025-08-03 00:00:00,80.33,1573.3300181333857,379.1666666666666,379.1666666666666
2025-08-03 01:00:00,74.11,1573.430123117742,379.1666666666666,379.1666666666666
2025-08-03 02:00:00,71.71,1574.9016663877817,379.1666666666666,379.1666666666666
2025-08-03 03:00:00,70.37,1574.9717398768312,379.1666666666666,379.1666666666666
2025-08-03 04:00:00,69.41,1574.5512989425342,379.1666666666666,379.1666666666666
2025-08-03 05:00:00,67.03,1573.850564052039,379.1666666666666,379.1666666666666
2025-08-03 06:00:00,63.79,1573.5502490989695,379.1666666666666,379.1666666666666
2025-08-03 07:00:00,48.06,1572.7694302209893,379.1666666666666,379.1666666666666
2025-08-03 08:00:00,19.45,1570.7473095369892,379.1666666666666,379.1666666666666
2025-08-03 09:00:00,-0.47,1569.6461547090682,379.1666666666666,379.1666666666666
2025-08-03 10:00:00,-7.14,1568.695157357682,379.1666666666666,379.1666666666666
2025-08-03 11:00:00,1.6,1566.9933726236225,379.1666666666666,379.1666666666666
2025-08-03 12:00:00,-0.57,1566.2626062378204,379.1666666666666,379.1666666666666
2025-08-03 13:00:00,-3.24,1566.0924277644144,379.1666666666666,379.1666666666666
2025-08-03 14:00:00,-3.58,1563.6598766445527,379.1666666666666,379.1666666666666
2025-08-03 15:00:00,-6.38,1561.2373360231268,379.1666666666666,379.1666666666666
2025-08-03 16:00:00,-8.61,1560.2563071764337,379.1666666666666,379.1666666666666
2025-08-03 17:00:00,4.0,1560.0560972077208,379.1666666666666,379.1666666666666
2025-08-03 18:00:00,70.0,1559.0550473641565,379.1666666666666,379.1666666666666
2025-08-03 19:00:00,82.06,1559.515530292196,379.1666666666666,379.1666666666666
2025-08-03 20:00:00,82.2,1561.7879134370874,379.1666666666666,379.1666666666666
2025-08-03 21:00:00,86.9,1562.859036769701,379.1666666666666,379.1666666666666
2025-08-03 22:00:00,88.77,1564.3205695413055,379.1666666666666,379.1666666666666
2025-08-03 23:00:00,78.16,1565.8922177957015,379.1666666666666,379.1666666666666
2025-08-04 00:00:00,77.18,1568.024453962494,379.1666666666666,379.1666666666666
2025-08-04 01:00:00,73.12,1569.3958922481772,379.1666666666666,379.1666666666666
2025-08-04 02:00:00,71.88,1570.4269735870485,379.1666666666666,379.1666666666666
2025-08-04 03:00:00,70.8,1572.028653336752,379.1666666666666,379.1666666666666
2025-08-04 04:00:00,72.42,1572.6693252366329,379.1666666666666,379.1666666666666
2025-08-04 05:00:00,78.37,1573.600301591148,379.1666666666666,379.1666666666666
2025-08-04 06:00:00,88.31,1573.149829161544,379.1666666666666,379.1666666666666
2025-08-04 07:00:00,101.01,1573.430123117742,379.1666666666666,379.1666666666666
2025-08-04 08:00:00,100.02,1573.0697451740589,379.1666666666666,379.1666666666666
2025-08-04 09:00:00,91.0,1571.06764548693,379.1666666666666,379.1666666666666
2025-08-04 10:00:00,81.73,1568.7952623420383,379.1666666666666,379.1666666666666
2025-08-04 11:00:00,72.55,1566.242585240949,379.1666666666666,379.1666666666666
2025-08-04 12:00:00,48.34,1563.8200446195233,379.1666666666666,379.1666666666666
2025-08-04 13:00:00,27.0,1559.935971226493,379.1666666666666,379.1666666666666
2025-08-04 14:00:00,10.83,1558.6846589220374,379.1666666666666,379.1666666666666
2025-08-04 15:00:00,20.44,1556.0318768365917,379.1666666666666,379.1666666666666
2025-08-04 16:00:00,36.97,1554.109861136948,379.1666666666666,379.1666666666666
2025-08-04 17:00:00,67.1,1551.34696356871,379.1666666666666,379.1666666666666
2025-08-04 18:00:00,82.93,1549.6451788346503,379.1666666666666,379.1666666666666
2025-08-04 19:00:00,95.06,1548.844338959799,379.1666666666666,379.1666666666666
2025-08-04 20:00:00,97.93,1549.3248428847098,379.1666666666666,379.1666666666666
2025-08-04 21:00:00,90.97,1552.848538334057,379.1666666666666,379.1666666666666
2025-08-04 22:00:00,80.95,1555.3111209492254,379.1666666666666,379.1666666666666
2025-08-04 23:00:00,73.32,1556.5824542505522,379.1666666666666,379.1666666666666
2025-08-05 00:00:00,69.55,1557.9538925362351,379.1666666666666,379.1666666666666
2025-08-05 01:00:00,69.01,1560.2563071764337,379.1666666666666,379.1666666666666
2025-08-05 02:00:00,62.05,1561.3374410074832,379.1666666666666,379.1666666666666
2025-08-05 03:00:00,66.57,1562.8189947759588,379.1666666666666,379.1666666666666
2025-08-05 04:00:00,63.0,1565.3416403817412,379.1666666666666,379.1666666666666
2025-08-05 05:00:00,67.49,1565.121409416157,379.1666666666666,379.1666666666666
2025-08-05 06:00:00,79.25,1566.0223542753652,379.1666666666666,379.1666666666666
2025-08-05 07:00:00,82.29,1566.1925327487709,379.1666666666666,379.1666666666666
2025-08-05 08:00:00,74.96,1565.9422702878796,379.1666666666666,379.1666666666666
2025-08-05 09:00:00,63.13,1562.2383858666913,379.1666666666666,379.1666666666666
2025-08-05 10:00:00,63.33,1562.558721816632,379.1666666666666,379.1666666666666
2025-08-05 11:00:00,20.04,1556.9828741879778,379.1666666666666,379.1666666666666
2025-08-05 12:00:00,-4.98,1552.9286223215418,379.1666666666666,379.1666666666666
2025-08-05 13:00:00,-10.2,1545.1004125448678,379.1666666666666,379.1666666666666
2025-08-05 14:00:00,-5.5,1542.697892920313,379.1666666666666,379.1666666666666
2025-08-05 15:00:00,-1.49,1543.3385648201945,379.1666666666666,379.1666666666666
2025-08-05 16:00:00,28.49,1541.0361501799962,379.1666666666666,379.1666666666666
2025-08-05 17:00:00,64.71,1542.1172840110455,379.1666666666666,379.1666666666666
2025-08-05 18:00:00,69.79,1542.7979979046695,379.1666666666666,379.1666666666666
2025-08-05 19:00:00,80.61,1544.9402445698977,379.1666666666666,379.1666666666666
2025-08-05 20:00:00,87.24,1548.8042969660564,379.1666666666666,379.1666666666666
2025-08-05 21:00:00,85.14,1553.5092312308093,379.1666666666666,379.1666666666666
2025-08-05 22:00:00,79.94,1557.853787551879,379.1666666666666,379.1666666666666
2025-08-05 23:00:00,72.31,1561.3874934996616,379.1666666666666,379.1666666666666
2025-08-06 00:00:00,74.88,1565.541850350454,379.1666666666666,379.1666666666666
2025-08-06 01:00:00,73.26,1567.543950037583,379.1666666666666,379.1666666666666
2025-08-06 02:00:00,73.59,1569.82634368091,379.1666666666666,379.1666666666666
2025-08-06 03:00:00,73.5,1571.6282333993258,379.1666666666666,379.1666666666666
2025-08-06 04:00:00,73.07,1573.2999866380787,379.1666666666666,379.1666666666666
2025-08-06 05:00:00,73.56,1575.031802867445,379.1666666666666,379.1666666666666
2025-08-06 06:00:00,89.53,1574.5713199394054,379.1666666666666,379.1666666666666
2025-08-06 07:00:00,97.62,1574.5512989425342,379.1666666666666,379.1666666666666
2025-08-06 08:00:00,82.08,1572.8995667006527,379.1666666666666,379.1666666666666
2025-08-06 09:00:00,84.03,1570.2968371073853,379.1666666666666,379.1666666666666
2025-08-06 10:00:00,81.41,1567.7241390094243,379.1666666666666,379.1666666666666
2025-08-06 11:00:00,77.05,1565.0613464255432,379.1666666666666,379.1666666666666
2025-08-06 12:00:00,70.54,1562.3184698541766,379.1666666666666,379.1666666666666
2025-08-06 13:00:00,62.31,1560.0861287030275,379.1666666666666,379.1666666666666
2025-08-06 14:00:00,62.39,1558.8348163985722,379.1666666666666,379.1666666666666
2025-08-06 15:00:00,63.09,1558.284238984612,379.1666666666666,379.1666666666666
2025-08-06 16:00:00,72.29,1556.412275777146,379.1666666666666,379.1666666666666
2025-08-06 17:00:00,73.54,1556.5524227552453,379.1666666666666,379.1666666666666
2025-08-06 18:00:00,94.61,1555.5814044069878,379.1666666666666,379.1666666666666
2025-08-06 19:00:00,111.32,1555.3311419460963,379.1666666666666,379.1666666666666
2025-08-06 20:00:00,113.3,1558.1140605112057,379.1666666666666,379.1666666666666
2025-08-06 21:00:00,115.49,1561.4175249949683,379.1666666666666,379.1666666666666
2025-08-06 22:00:00,114.95,1564.4406955225331,379.1666666666666,379.1666666666666
2025-08-06 23:00:00,103.3,1565.3616613786123,379.1666666666666,379.1666666666666
2025-08-07 00:00:00,101.16,1568.4649158936622,379.1666666666666,379.1666666666666
2025-08-07 01:00:00,97.27,1570.6271835557616,379.1666666666666,379.1666666666666
2025-08-07 02:00:00,95.92,1572.499146763227,379.1666666666666,379.1666666666666
2025-08-07 03:00:00,94.01,1573.149829161544,379.1666666666666,379.1666666666666
2025-08-07 04:00:00,93.07,1573.9306480395242,379.1666666666666,379.1666666666666
2025-08-07 05:00:00,101.11,1574.7014564190688,379.1666666666666,379.1666666666666
2025-08-07 06:00:00,103.67,1574.751508911247,379.1666666666666,379.1666666666666
2025-08-07 07:00:00,102.97,1574.7314879143755,379.1666666666666,379.1666666666666
2025-08-07 08:00:00,98.61,1573.450144114613,379.1666666666666,379.1666666666666
2025-08-07 09:00:00,75.51,1569.8463646777811,379.1666666666666,379.1666666666666
2025-08-07 10:00:00,69.98,1565.7220393222956,379.1666666666666,379.1666666666666
2025-08-07 11:00:00,69.71,1560.616685120117,379.1666666666666,379.1666666666666
2025-08-07 12:00:00,4.61,1553.148853287126,379.1666666666666,379.1666666666666
2025-08-07 13:00:00,-0.1,1550.8264176500566,379.1666666666666,379.1666666666666
2025-08-07 14:00:00,-0.96,1546.6220083070857,379.1666666666666,379.1666666666666
2025-08-07 15:00:00,14.01,1544.5398246324717,379.1666666666666,379.1666666666666
2025-08-07 16:00:00,53.2,1542.417598964115,379.1666666666666,379.1666666666666
2025-08-07 17:00:00,73.23,1541.8369900548478,379.1666666666666,379.1666666666666
2025-08-07 18:00:00,97.2,1540.2152893082732,379.1666666666666,379.1666666666666
2025-08-07 19:00:00,107.61,1540.615709245699,379.1666666666666,379.1666666666666
2025-08-07 20:00:00,114.07,1542.9381448827685,379.1666666666666,379.1666666666666
2025-08-07 21:00:00,106.6,1548.6741604863928,379.1666666666666,379.1666666666666
2025-08-07 22:00:00,104.64,1551.5772050327298,379.1666666666666,379.1666666666666
2025-08-07 23:00:00,98.32,1554.9107010117991,379.1666666666666,379.1666666666666
2025-08-08 00:00:00,90.81,1557.1530526613838,379.1666666666666,379.1666666666666
2025-08-08 01:00:00,88.71,1559.0150053704135,379.1666666666666,379.1666666666666
2025-08-08 02:00:00,84.36,1560.536601132632,379.1666666666666,379.1666666666666
2025-08-08 03:00:00,85.34,1563.8901181085726,379.1666666666666,379.1666666666666
2025-08-08 04:00:00,84.7,1566.2926377331275,379.1666666666666,379.1666666666666
2025-08-08 05:00:00,88.75,1567.5940025297612,379.1666666666666,379.1666666666666
2025-08-08 06:00:00,99.91,1567.9243489781377,379.1666666666666,379.1666666666666
2025-08-08 07:00:00,101.55,1567.2636560813849,379.1666666666666,379.1666666666666
2025-08-08 08:00:00,97.82,1564.160401566335,379.1666666666666,379.1666666666666
2025-08-08 09:00:00,83.14,1560.336391163919,379.1666666666666,379.1666666666666
2025-08-08 10:00:00,68.29,1553.9496931619776,379.1666666666666,379.1666666666666
2025-08-08 11:00:00,67.96,1546.8021972789277,379.1666666666666,379.1666666666666
2025-08-08 12:00:00,17.27,1541.4365701174218,379.1666666666666,379.1666666666666
2025-08-08 13:00:00,10.91,1539.8148693708474,379.1666666666666,379.1666666666666
2025-08-08 14:00:00,17.87,1536.9118248245104,379.1666666666666,379.1666666666666
2025-08-08 15:00:00,9.95,1533.207940403322,379.1666666666666,379.1666666666666
2025-08-08 16:00:00,29.49,1532.9276464471238,379.1666666666666,379.1666666666666
2025-08-08 17:00:00,73.5,1533.0077304346094,379.1666666666666,379.1666666666666
2025-08-08 18:00:00,98.97,1532.306995544114,379.1666666666666,379.1666666666666
2025-08-08 19:00:00,108.59,1532.787499469025,379.1666666666666,379.1666666666666
2025-08-08 20:00:00,110.38,1535.410250059164,379.1666666666666,379.1666666666666
2025-08-08 21:00:00,105.97,1540.6657617378771,379.1666666666666,379.1666666666666
2025-08-08 22:00:00,106.7,1546.241609366531,379.1666666666666,379.1666666666666
2025-08-08 23:00:00,101.53,1550.025577775205,379.1666666666666,379.1666666666666
2025-08-09 00:00:00,104.16,1553.1088112933835,379.1666666666666,379.1666666666666
2025-08-09 01:00:00,101.89,1556.2120658084332,379.1666666666666,379.1666666666666
2025-08-09 02:00:00,100.4,1557.6335565862948,379.1666666666666,379.1666666666666
2025-08-09 03:00:00,98.94,1559.815845245265,379.1666666666666,379.1666666666666
2025-08-09 04:00:00,96.77,1559.7557822546514,379.1666666666666,379.1666666666666
2025-08-09 05:00:00,96.99,1562.1382808823348,379.1666666666666,379.1666666666666
2025-08-09 06:00:00,99.05,1564.4607165194043,379.1666666666666,379.1666666666666
2025-08-09 07:00:00,92.11,1564.841115459959,379.1666666666666,379.1666666666666
2025-08-09 08:00:00,77.23,1562.8189947759588,379.1666666666666,379.1666666666666
2025-08-09 09:00:00,41.13,1559.0350263672851,379.1666666666666,379.1666666666666
2025-08-09 10:00:00,7.95,1552.8084963403142,379.1666666666666,379.1666666666666
2025-08-09 11:00:00,8.04,1544.5398246324717,379.1666666666666,379.1666666666666
2025-08-09 12:00:00,-5.32,1538.61360955857,379.1666666666666,379.1666666666666
2025-08-09 13:00:00,-12.69,1531.5061556692626,379.1666666666666,379.1666666666666
2025-08-09 14:00:00,-13.95,1526.9213473857371,379.1666666666666,379.1666666666666
2025-08-09 15:00:00,-5.0,1523.9482293503506,379.1666666666666,379.1666666666666
2025-08-09 16:00:00,34.86,1524.3786807830836,379.1666666666666,379.1666666666666
2025-08-09 17:00:00,65.06,1522.897127014608,379.1666666666666,379.1666666666666
2025-08-09 18:00:00,83.1,1519.8439249917365,379.1666666666666,379.1666666666666
2025-08-09 19:00:00,103.7,1520.5146283869249,379.1666666666666,379.1666666666666
2025-08-09 20:00:00,106.64,1525.599961592232,379.1666666666666,379.1666666666666
2025-08-09 21:00:00,106.04,1532.2869745472428,379.1666666666666,379.1666666666666
2025-08-09 22:00:00,103.69,1536.0909639527877,379.1666666666666,379.1666666666666
2025-08-09 23:00:00,98.05,1539.714764386491,379.1666666666666,379.1666666666666
2025-08-10 00:00:00,86.94,1541.496633108036,379.1666666666666,379.1666666666666
2025-08-10 01:00:00,83.11,1545.1004125448678,379.1666666666666,379.1666666666666
2025-08-10 02:00:00,82.03,1547.8432891162345,379.1666666666666,379.1666666666666
2025-08-10 03:00:00,80.09,1549.575105345601,379.1666666666666,379.1666666666666
2025-08-10 04:00:00,78.05,1550.4760502048089,379.1666666666666,379.1666666666666
2025-08-10 05:00:00,78.14,1553.1288322902546,379.1666666666666,379.1666666666666
2025-08-10 06:00:00,74.56,1554.2500081150467,379.1666666666666,379.1666666666666
2025-08-10 07:00:00,70.13,1553.879619672928,379.1666666666666,379.1666666666666
2025-08-10 08:00:00,48.95,1553.1288322902546,379.1666666666666,379.1666666666666
2025-08-10 09:00:00,1.49,1548.9444439441552,379.1666666666666,379.1666666666666
2025-08-10 10:00:00,-3.67,1544.840139585541,379.1666666666666,379.1666666666666
2025-08-10 11:00:00,-12.78,1541.1963181549663,379.1666666666666,379.1666666666666
2025-08-10 12:00:00,-11.03,1536.6615623636194,379.1666666666666,379.1666666666666
2025-08-10 13:00:00,-22.22,1533.7885493125896,379.1666666666666,379.1666666666666
2025-08-10 14:00:00,-22.62,1530.6852947975397,379.1666666666666,379.1666666666666
2025-08-10 15:00:00,-11.05,1529.0836150478365,379.1666666666666,379.1666666666666
2025-08-10 16:00:00,-1.18,1529.6842449539752,379.1666666666666,379.1666666666666
2025-08-10 17:00:00,56.83,1531.0256517443515,379.1666666666666,379.1666666666666
2025-08-10 18:00:00,80.36,1534.989809124867,379.1666666666666,379.1666666666666
2025-08-10 19:00:00,102.19,1536.110984949659,379.1666666666666,379.1666666666666
2025-08-10 20:00:00,108.2,1535.5303760403915,379.1666666666666,379.1666666666666
2025-08-10 21:00:00,108.01,1537.512454730649,379.1666666666666,379.1666666666666
2025-08-10 22:00:00,106.49,1541.09621317061,379.1666666666666,379.1666666666666
2025-08-10 23:00:00,101.19,1544.920223573026,379.1666666666666,379.1666666666666
2025-08-11 00:00:00,89.66,1546.6019873102146,379.1666666666666,379.1666666666666
2025-08-11 01:00:00,87.02,1548.023478088076,379.1666666666666,379.1666666666666
2025-08-11 02:00:00,84.49,1550.4760502048089,379.1666666666666,379.1666666666666
2025-08-11 03:00:00,83.08,1552.1778349388685,379.1666666666666,379.1666666666666
2025-08-11 04:00:00,86.56,1552.7784648450072,379.1666666666666,379.1666666666666
2025-08-11 05:00:00,98.08,1553.8495881776212,379.1666666666666,379.1666666666666
2025-08-11 06:00:00,107.49,1555.481299422631,379.1666666666666,379.1666666666666
2025-08-11 07:00:00,104.99,1555.7816143757009,379.1666666666666,379.1666666666666
2025-08-11 08:00:00,104.32,1554.5102810743738,379.1666666666666,379.1666666666666
2025-08-11 09:00:00,83.51,1552.107761449819,379.1666666666666,379.1666666666666
2025-08-11 10:00:00,55.07,1546.872270767977,379.1666666666666,379.1666666666666
2025-08-11 11:00:00,38.87,1540.815919214412,379.1666666666666,379.1666666666666
2025-08-11 12:00:00,3.94,1535.660512520055,379.1666666666666,379.1666666666666
2025-08-11 13:00:00,-0.02,1531.125756728708,379.1666666666666,379.1666666666666
2025-08-11 14:00:00,0.92,1527.3217673231632,379.1666666666666,379.1666666666666
2025-08-11 15:00:00,13.03,1525.2796256422916,379.1666666666666,379.1666666666666
2025-08-11 16:00:00,54.12,1523.0773159864498,379.1666666666666,379.1666666666666
2025-08-11 17:00:00,88.38,1523.4777359238756,379.1666666666666,379.1666666666666
2025-08-11 18:00:00,108.1,1522.5167280740536,379.1666666666666,379.1666666666666
2025-08-11 19:00:00,114.92,1522.1463396319348,379.1666666666666,379.1666666666666
2025-08-11 20:00:00,114.81,1524.5188277611826,379.1666666666666,379.1666666666666
2025-08-11 21:00:00,114.88,1532.8876044533813,379.1666666666666,379.1666666666666
2025-08-11 22:00:00,112.8,1537.5324757275205,379.1666666666666,379.1666666666666
2025-08-11 23:00:00,102.11,1538.9139245116394,379.1666666666666,379.1666666666666
2025-08-12 00:00:00,98.79,1541.3364651330655,379.1666666666666,379.1666666666666
2025-08-12 01:00:00,96.48,1544.4997826387291,379.1666666666666,379.1666666666666
2025-08-12 02:00:00,93.99,1549.2447588972243,379.1666666666666,379.1666666666666
2025-08-12 03:00:00,93.93,1551.4470685530664,379.1666666666666,379.1666666666666
2025-08-12 04:00:00,95.19,1550.025577775205,379.1666666666666,379.1666666666666
2025-08-12 05:00:00,106.02,1551.376995064017,379.1666666666666,379.1666666666666
2025-08-12 06:00:00,114.29,1552.5282023841162,379.1666666666666,379.1666666666666
2025-08-12 07:00:00,110.94,1552.9286223215418,379.1666666666666,379.1666666666666
2025-08-12 08:00:00,105.8,1551.376995064017,379.1666666666666,379.1666666666666
2025-08-12 09:00:00,86.56,1547.9033521068482,379.1666666666666,379.1666666666666
2025-08-12 10:00:00,70.29,1544.4397196481152,379.1666666666666,379.1666666666666
2025-08-12 11:00:00,39.08,1539.4645019255995,379.1666666666666,379.1666666666666
2025-08-12 12:00:00,15.3,1531.686344641104,379.1666666666666,379.1666666666666
2025-08-12 13:00:00,11.04,1527.752218755896,379.1666666666666,379.1666666666666
2025-08-12 14:00:00,11.36,1525.4197726203904,379.1666666666666,379.1666666666666
2025-08-12 15:00:00,27.09,1522.596812061539,379.1666666666666,379.1666666666666
2025-08-12 16:00:00,70.36,1519.7438200073802,379.1666666666666,379.1666666666666
2025-08-12 17:00:00,93.23,1515.3091692003895,379.1666666666666,379.1666666666666
2025-08-12 18:00:00,106.89,1513.60738446633,379.1666666666666,379.1666666666666
2025-08-12 19:00:00,134.45,1512.6864186102505,379.1666666666666,379.1666666666666
2025-08-12 20:00:00,149.77,1514.6885182973797,379.1666666666666,379.1666666666666
2025-08-12 21:00:00,138.44,1520.1442399448058,379.1666666666666,379.1666666666666
2025-08-12 22:00:00,110.79,1527.0014313732224,379.1666666666666,379.1666666666666
2025-08-12 23:00:00,99.89,1531.2859247036783,379.1666666666666,379.1666666666666
2025-08-13 00:00:00,98.77,1535.690544015362,379.1666666666666,379.1666666666666
2025-08-13 01:00:00,92.03,1539.3643969412435,379.1666666666666,379.1666666666666
2025-08-13 02:00:00,89.45,1541.496633108036,379.1666666666666,379.1666666666666
2025-08-13 03:00:00,86.71,1542.918123885897,379.1666666666666,379.1666666666666
2025-08-13 04:00:00,87.3,1545.0703810495609,379.1666666666666,379.1666666666666
2025-08-13 05:00:00,94.77,1545.3706960026302,379.1666666666666,379.1666666666666
2025-08-13 06:00:00,105.86,1546.7421342883133,379.1666666666666,379.1666666666666
2025-08-13 07:00:00,107.03,1546.84223927267,379.1666666666666,379.1666666666666
2025-08-13 08:00:00,103.29,1546.84223927267,379.1666666666666,379.1666666666666
2025-08-13 09:00:00,96.45,1543.4186488076796,379.1666666666666,379.1666666666666
2025-08-13 10:00:00,83.25,1537.0619823010452,379.1666666666666,379.1666666666666
2025-08-13 11:00:00,75.03,1529.7042659508463,379.1666666666666,379.1666666666666
2025-08-13 12:00:00,56.88,1523.778050876945,379.1666666666666,379.1666666666666
2025-08-13 13:00:00,52.01,1521.8460246788654,379.1666666666666,379.1666666666666
2025-08-13 14:00:00,56.81,1517.241195398469,379.1666666666666,379.1666666666666
2025-08-13 15:00:00,75.03,1513.0067545601914,379.1666666666666,379.1666666666666
2025-08-13 16:00:00,85.93,1509.2027651546462,379.1666666666666,379.1666666666666
2025-08-13 17:00:00,100.47,1509.382954126488,379.1666666666666,379.1666666666666
2025-08-13 18:00:00,110.04,1510.5041299512802,379.1666666666666,379.1666666666666
2025-08-13 19:00:00,147.37,1510.063668020112,379.1666666666666,379.1666666666666
2025-08-13 20:00:00,153.86,1515.969862097142,379.1666666666666,379.1666666666666
2025-08-13 21:00:00,145.82,1523.1173579801923,379.1666666666666,379.1666666666666
2025-08-13 22:00:00,117.25,1529.3538985055989,379.1666666666666,379.1666666666666
2025-08-13 23:00:00,106.07,1535.430271056035,379.1666666666666,379.1666666666666
2025-08-14 00:00:00,101.06,1537.4123497462926,379.1666666666666,379.1666666666666
2025-08-14 01:00:00,98.01,1540.0651318317389,379.1666666666666,379.1666666666666
2025-08-14 02:00:00,95.31,1543.1383548514814,379.1666666666666,379.1666666666666
2025-08-14 03:00:00,93.31,1541.2363601487089,379.1666666666666,379.1666666666666
2025-08-14 04:00:00,93.06,1539.6647118943129,379.1666666666666,379.1666666666666
2025-08-14 05:00:00,98.02,1538.1130846367878,379.1666666666666,379.1666666666666
2025-08-14 06:00:00,110.66,1540.1151843239168,379.1666666666666,379.1666666666666
2025-08-14 07:00:00,112.76,1540.7358352269266,379.1666666666666,379.1666666666666
2025-08-14 08:00:00,104.53,1539.6947433896196,379.1666666666666,379.1666666666666
2025-08-14 09:00:00,95.69,1537.3322657588076,379.1666666666666,379.1666666666666
2025-08-14 10:00:00,89.07,1534.9097251373817,379.1666666666666,379.1666666666666
2025-08-14 11:00:00,74.65,1530.8054207787677,379.1666666666666,379.1666666666666
2025-08-14 12:00:00,60.33,1526.1505390061925,379.1666666666666,379.1666666666666
2025-08-14 13:00:00,50.64,1519.8939774839148,379.1666666666666,379.1666666666666
2025-08-14 14:00:00,60.37,1515.5894631565875,379.1666666666666,379.1666666666666
2025-08-14 15:00:00,76.32,1510.3339514778745,379.1666666666666,379.1666666666666
2025-08-14 16:00:00,91.54,1505.6790697052993,379.1666666666666,379.1666666666666
2025-08-14 17:00:00,101.17,1502.675920174606,379.1666666666666,379.1666666666666
2025-08-14 18:00:00,116.62,1503.0963611089032,379.1666666666666,379.1666666666666
2025-08-14 19:00:00,134.22,1505.4288072444083,379.1666666666666,379.1666666666666
2025-08-14 20:00:00,140.0,1507.4809594237156,379.1666666666666,379.1666666666666
2025-08-14 21:00:00,138.2,1517.8718567999144,379.1666666666666,379.1666666666666
2025-08-14 22:00:00,120.5,1529.123657041579,379.1666666666666,379.1666666666666
2025-08-14 23:00:00,105.98,1532.6273314940547,379.1666666666666,379.1666666666666
2025-08-15 00:00:00,99.09,1535.0899141092232,379.1666666666666,379.1666666666666
2025-08-15 01:00:00,94.52,1537.6125597150058,379.1666666666666,379.1666666666666
2025-08-15 02:00:00,92.03,1539.3643969412435,379.1666666666666,379.1666666666666
2025-08-15 03:00:00,89.39,1541.296423139323,379.1666666666666,379.1666666666666
2025-08-15 04:00:00,90.94,1541.6167590892635,379.1666666666666,379.1666666666666
2025-08-15 05:00:00,96.99,1543.6989427638775,379.1666666666666,379.1666666666666
2025-08-15 06:00:00,102.79,1543.8691212372837,379.1666666666666,379.1666666666666
2025-08-15 07:00:00,101.99,1544.399677654373,379.1666666666666,379.1666666666666
2025-08-15 08:00:00,99.6,1541.8670215501545,379.1666666666666,379.1666666666666
2025-08-15 09:00:00,78.0,1534.4092002155994,379.1666666666666,379.1666666666666
2025-08-15 10:00:00,51.96,1523.497756920747,379.1666666666666,379.1666666666666
2025-08-15 11:00:00,10.23,1510.8845288918346,379.1666666666666,379.1666666666666
2025-08-15 12:00:00,2.08,1493.5163141059911,379.1666666666666,379.1666666666666
2025-08-15 13:00:00,0.13,1482.704975795495,379.1666666666666,379.1666666666666
2025-08-15 14:00:00,2.64,1472.7245088551576,379.1666666666666,379.1666666666666
2025-08-15 15:00:00,61.77,1469.5211493557513,379.1666666666666,379.1666666666666
2025-08-15 16:00:00,67.01,1468.4199945278306,379.1666666666666,379.1666666666666
2025-08-15 17:00:00,75.92,1476.1981518123264,379.1666666666666,379.1666666666666
2025-08-15 18:00:00,93.6,1476.4984667653955,379.1666666666666,379.1666666666666
2025-08-15 19:00:00,106.38,1471.0427451179694,379.1666666666666,379.1666666666666
2025-08-15 20:00:00,108.99,1471.2429550866823,379.1666666666666,379.1666666666666
2025-08-15 21:00:00,106.08,1473.4452647425242,379.1666666666666,379.1666666666666
2025-08-15 22:00:00,99.94,1477.1691701605837,379.1666666666666,379.1666666666666
2025-08-15 23:00:00,92.98,1478.9310178852572,379.1666666666666,379.1666666666666
2025-08-16 00:00:00,93.62,1481.1533485379705,379.1666666666666,379.1666666666666
2025-08-16 01:00:00,90.65,1482.9352172595152,379.1666666666666,379.1666666666666
2025-08-16 02:00:00,85.41,1484.5068655139112,379.1666666666666,379.1666666666666
2025-08-16 03:00:00,82.6,1485.838261805852,379.1666666666666,379.1666666666666
2025-08-16 04:00:00,82.82,1487.0595426150005,379.1666666666666,379.1666666666666
2025-08-16 05:00:00,83.19,1487.0395216181294,379.1666666666666,379.1666666666666
2025-08-16 06:00:00,83.96,1487.610120028961,379.1666666666666,379.1666666666666
2025-08-16 07:00:00,83.86,1488.4109599038125,379.1666666666666,379.1666666666666
2025-08-16 08:00:00,78.1,1487.5400465399116,379.1666666666666,379.1666666666666
2025-08-16 09:00:00,63.94,1485.3777788778125,379.1666666666666,379.1666666666666
2025-08-16 10:00:00,16.54,1481.5737894722674,379.1666666666666,379.1666666666666
2025-08-16 11:00:00,11.16,1476.8288132137718,379.1666666666666,379.1666666666666
2025-08-16 12:00:00,1.62,1477.1691701605837,379.1666666666666,379.1666666666666
2025-08-16 13:00:00,0.89,1475.7476793827225,379.1666666666666,379.1666666666666
2025-08-16 14:00:00,6.19,1472.4442148989597,379.1666666666666,379.1666666666666
2025-08-16 15:00:00,54.05,1469.4911178604443,379.1666666666666,379.1666666666666
2025-08-16 16:00:00,54.08,1465.2867085174737,379.1666666666666,379.1666666666666
2025-08-16 17:00:00,68.12,1465.1866035331172,379.1666666666666,379.1666666666666
2025-08-16 18:00:00,77.19,1467.288808204603,379.1666666666666,379.1666666666666
2025-08-16 19:00:00,97.43,1466.087548392325,379.1666666666666,379.1666666666666
2025-08-16 20:00:00,101.71,1466.5880733141073,379.1666666666666,379.1666666666666
2025-08-16 21:00:00,100.28,1469.6612963338505,379.1666666666666,379.1666666666666
2025-08-16 22:00:00,94.98,1471.0627661148403,379.1666666666666,379.1666666666666
2025-08-16 23:00:00,89.6,1474.3261886048606,379.1666666666666,379.1666666666666
2025-08-17 00:00:00,85.0,1475.5674904108805,379.1666666666666,379.1666666666666
2025-08-17 01:00:00,83.0,1479.171269847713,379.1666666666666,379.1666666666666
2025-08-17 02:00:00,80.54,1483.1754692219704,379.1666666666666,379.1666666666666
2025-08-17 03:00:00,79.84,1484.4067605295547,379.1666666666666,379.1666666666666
2025-08-17 04:00:00,80.49,1485.3777788778125,379.1666666666666,379.1666666666666
2025-08-17 05:00:00,83.99,1486.3788287213767,379.1666666666666,379.1666666666666
2025-08-17 06:00:00,84.27,1487.7102250133175,379.1666666666666,379.1666666666666
2025-08-17 07:00:00,77.59,1489.1116947943076,379.1666666666666,379.1666666666666
2025-08-17 08:00:00,73.85,1489.982608158209,379.1666666666666,379.1666666666666
2025-08-17 09:00:00,40.09,1488.4810333928622,379.1666666666666,379.1666666666666
2025-08-17 10:00:00,15.08,1486.8092801541095,379.1666666666666,379.1666666666666
2025-08-17 11:00:00,1.17,1484.576939002961,379.1666666666666,379.1666666666666
2025-08-17 12:00:00,0.78,1481.3335375098118,379.1666666666666,379.1666666666666
2025-08-17 13:00:00,-3.06,1478.600671436881,379.1666666666666,379.1666666666666
2025-08-17 14:00:00,-2.28,1474.62650355793,379.1666666666666,379.1666666666666
2025-08-17 15:00:00,0.0,1473.044844805098,379.1666666666666,379.1666666666666
2025-08-17 16:00:00,13.87,1472.3641309114744,379.1666666666666,379.1666666666666
2025-08-17 17:00:00,71.45,1472.4642358958308,379.1666666666666,379.1666666666666
2025-08-17 18:00:00,98.92,1474.266125614247,379.1666666666666,379.1666666666666
2025-08-17 19:00:00,106.86,1474.4262935892173,379.1666666666666,379.1666666666666
2025-08-17 20:00:00,110.43,1476.3282882919896,379.1666666666666,379.1666666666666
2025-08-17 21:00:00,105.91,1478.400461468168,379.1666666666666,379.1666666666666
2025-08-17 22:00:00,102.59,1480.432592650604,379.1666666666666,379.1666666666666
2025-08-17 23:00:00,98.89,1482.3546083502476,379.1666666666666,379.1666666666666
2025-08-18 00:00:00,96.23,1482.875154268901,379.1666666666666,379.1666666666666
2025-08-18 01:00:00,92.2,1486.3588077245054,379.1666666666666,379.1666666666666
2025-08-18 02:00:00,89.98,1488.8814533302875,379.1666666666666,379.1666666666666
2025-08-18 03:00:00,90.18,1490.5832380643474,379.1666666666666,379.1666666666666
2025-08-18 04:00:00,93.48,1494.767626410447,379.1666666666666,379.1666666666666
2025-08-18 05:00:00,101.99,1498.171195878566,379.1666666666666,379.1666666666666
2025-08-18 06:00:00,110.42,1498.4715108316354,379.1666666666666,379.1666666666666
2025-08-18 07:00:00,111.29,1496.7897470944472,379.1666666666666,379.1666666666666
2025-08-18 08:00:00,107.34,1497.1701460350016,379.1666666666666,379.1666666666666
2025-08-18 09:00:00,93.66,1495.4883822978134,379.1666666666666,379.1666666666666
2025-08-18 10:00:00,75.01,1490.5431960706048,379.1666666666666,379.1666666666666
2025-08-18 11:00:00,49.62,1485.1375269153568,379.1666666666666,379.1666666666666
2025-08-18 12:00:00,23.44,1480.4526136474751,379.1666666666666,379.1666666666666
2025-08-18 13:00:00,18.06,1476.4484142732174,379.1666666666666,379.1666666666666
2025-08-18 14:00:00,18.6,1473.9958421564843,379.1666666666666,379.1666666666666
2025-08-18 15:00:00,44.54,1473.5954222190585,379.1666666666666,379.1666666666666
2025-08-18 16:00:00,75.78,1472.5242988864447,379.1666666666666,379.1666666666666
2025-08-18 17:00:00,95.65,1470.942640133613,379.1666666666666,379.1666666666666
2025-08-18 18:00:00,110.12,1470.6223041836722,379.1666666666666,379.1666666666666
2025-08-18 19:00:00,130.25,1470.12177926189,379.1666666666666,379.1666666666666
2025-08-18 20:00:00,129.52,1471.7434800084643,379.1666666666666,379.1666666666666
2025-08-18 21:00:00,129.51,1476.4484142732174,379.1666666666666,379.1666666666666
2025-08-18 22:00:00,107.2,1479.6517737726235,379.1666666666666,379.1666666666666
2025-08-18 23:00:00,102.88,1482.5347973220892,379.1666666666666,379.1666666666666
2025-08-19 00:00:00,98.44,1484.6069704982676,379.1666666666666,379.1666666666666
2025-08-19 01:00:00,96.02,1487.3098050758915,379.1666666666666,379.1666666666666
2025-08-19 02:00:00,93.15,1490.7834480330605,379.1666666666666,379.1666666666666
2025-08-19 03:00:00,92.44,1492.985757688902,379.1666666666666,379.1666666666666
2025-08-19 04:00:00,94.76,1494.166996504308,379.1666666666666,379.1666666666666
2025-08-19 05:00:00,100.39,1494.34718547615,379.1666666666666,379.1666666666666
2025-08-19 06:00:00,115.45,1495.5484452884273,379.1666666666666,379.1666666666666
2025-08-19 07:00:00,116.0,1496.749705100705,379.1666666666666,379.1666666666666
2025-08-19 08:00:00,102.79,1498.671720800348,379.1666666666666,379.1666666666666
2025-08-19 09:00:00,92.27,1493.6864925793973,379.1666666666666,379.1666666666666
2025-08-19 10:00:00,76.41,1486.8092801541095,379.1666666666666,379.1666666666666
2025-08-19 11:00:00,69.98,1481.4336424941685,379.1666666666666,379.1666666666666
2025-08-19 12:00:00,59.92,1475.3973119374746,379.1666666666666,379.1666666666666
2025-08-19 13:00:00,55.07,1470.5922726883653,379.1666666666666,379.1666666666666
2025-08-19 14:00:00,61.77,1470.462136208702,379.1666666666666,379.1666666666666
2025-08-19 15:00:00,71.44,1470.342010227474,379.1666666666666,379.1666666666666
2025-08-19 16:00:00,76.46,1468.9605614433551,379.1666666666666,379.1666666666666
2025-08-19 17:00:00,92.66,1466.3578318500877,379.1666666666666,379.1666666666666
2025-08-19 18:00:00,103.07,1483.756078131238,379.1666666666666,379.1666666666666
2025-08-19 19:00:00,128.08,1495.388277313457,379.1666666666666,379.1666666666666
2025-08-19 20:00:00,126.36,1510.8645078949633,379.1666666666666,379.1666666666666
2025-08-19 21:00:00,113.08,1530.505105825698,379.1666666666666,379.1666666666666
2025-08-19 22:00:00,101.97,1538.333315602372,379.1666666666666,379.1666666666666
2025-08-19 23:00:00,98.54,1538.193168624273,379.1666666666666,379.1666666666666
2025-08-20 00:00:00,95.29,1542.0672315188676,379.1666666666666,379.1666666666666
2025-08-20 01:00:00,89.48,1542.697892920313,379.1666666666666,379.1666666666666
2025-08-20 02:00:00,83.89,1543.6989427638775,379.1666666666666,379.1666666666666
2025-08-20 03:00:00,84.15,1544.7400346011846,379.1666666666666,379.1666666666666
2025-08-20 04:00:00,87.0,1546.6019873102146,379.1666666666666,379.1666666666666
2025-08-20 05:00:00,95.3,1546.1715358774818,379.1666666666666,379.1666666666666
2025-08-20 06:00:00,101.07,1546.001357404076,379.1666666666666,379.1666666666666
2025-08-20 07:00:00,104.03,1546.001357404076,379.1666666666666,379.1666666666666
2025-08-20 08:00:00,99.72,1546.8021972789277,379.1666666666666,379.1666666666666
2025-08-20 09:00:00,96.03,1546.5419243196006,379.1666666666666,379.1666666666666
2025-08-20 10:00:00,96.01,1545.6710109556996,379.1666666666666,379.1666666666666
2025-08-20 11:00:00,95.31,1544.399677654373,379.1666666666666,379.1666666666666
2025-08-20 12:00:00,83.96,1543.568806284214,379.1666666666666,379.1666666666666
2025-08-20 13:00:00,80.96,1543.4987327951649,379.1666666666666,379.1666666666666
2025-08-20 14:00:00,91.37,1544.8000975917985,379.1666666666666,379.1666666666666
2025-08-20 15:00:00,95.31,1545.170486033917,379.1666666666666,379.1666666666666
2025-08-20 16:00:00,96.01,1540.615709245699,379.1666666666666,379.1666666666666
2025-08-20 17:00:00,99.35,1539.1641869725306,379.1666666666666,379.1666666666666
2025-08-20 18:00:00,106.42,1541.736885070491,379.1666666666666,379.1666666666666
2025-08-20 19:00:00,114.21,1542.0672315188676,379.1666666666666,379.1666666666666
2025-08-20 20:00:00,118.05,1547.9734255958977,379.1666666666666,379.1666666666666
2025-08-20 21:00:00,104.88,1550.506081700116,379.1666666666666,379.1666666666666
2025-08-20 22:00:00,99.79,1550.6762601735218,379.1666666666666,379.1666666666666
2025-08-20 23:00:00,96.09,1551.0466486156408,379.1666666666666,379.1666666666666
2025-08-21 00:00:00,97.09,1550.8464386469277,379.1666666666666,379.1666666666666
2025-08-21 01:00:00,94.56,1553.2089162777395,379.1666666666666,379.1666666666666
2025-08-21 02:00:00,92.37,1553.7494831932645,379.1666666666666,379.1666666666666
2025-08-21 03:00:00,95.67,1553.479199735502,379.1666666666666,379.1666666666666
2025-08-21 04:00:00,95.41,1553.9797246572844,379.1666666666666,379.1666666666666
2025-08-21 05:00:00,98.61,1552.6082863716013,379.1666666666666,379.1666666666666
2025-08-21 06:00:00,107.82,1552.8084963403142,379.1666666666666,379.1666666666666
2025-08-21 07:00:00,107.93,1552.7083913559577,379.1666666666666,379.1666666666666
2025-08-21 08:00:00,105.11,1552.027677462334,379.1666666666666,379.1666666666666
2025-08-21 09:00:00,99.44,1551.9776249701556,379.1666666666666,379.1666666666666
2025-08-21 10:00:00,92.4,1550.3459137251457,379.1666666666666,379.1666666666666
2025-08-21 11:00:00,92.19,1551.2768900796607,379.1666666666666,379.1666666666666
2025-08-21 12:00:00,88.1,1552.8785698293636,379.1666666666666,379.1666666666666
2025-08-21 13:00:00,90.09,1553.5492732245518,379.1666666666666,379.1666666666666
2025-08-21 14:00:00,92.11,1553.5492732245518,379.1666666666666,379.1666666666666
2025-08-21 15:00:00,94.57,1552.8084963403142,379.1666666666666,379.1666666666666
2025-08-21 16:00:00,96.06,1554.9807745008488,379.1666666666666,379.1666666666666
2025-08-21 17:00:00,97.1,1555.7515828803937,379.1666666666666,379.1666666666666
2025-08-21 18:00:00,101.4,1556.612485745859,379.1666666666666,379.1666666666666
2025-08-21 19:00:00,107.08,1556.532401758374,379.1666666666666,379.1666666666666
2025-08-21 20:00:00,108.91,1556.3822442818391,379.1666666666666,379.1666666666666
2025-08-21 21:00:00,103.95,1555.1809844695615,379.1666666666666,379.1666666666666
2025-08-21 22:00:00,98.39,1555.5814044069878,379.1666666666666,379.1666666666666
2025-08-21 23:00:00,93.16,1555.7315618835223,379.1666666666666,379.1666666666666
2025-08-22 00:00:00,88.35,1556.08192932877,379.1666666666666,379.1666666666666
2025-08-22 01:00:00,84.99,1555.9317718522352,379.1666666666666,379.1666666666666
2025-08-22 02:00:00,83.19,1557.012905683285,379.1666666666666,379.1666666666666
2025-08-22 03:00:00,81.42,1557.6335565862948,379.1666666666666,379.1666666666666
2025-08-22 04:00:00,81.43,1556.282139297483,379.1666666666666,379.1666666666666
2025-08-22 05:00:00,91.05,1556.9828741879778,379.1666666666666,379.1666666666666
2025-08-22 06:00:00,101.38,1556.532401758374,379.1666666666666,379.1666666666666
2025-08-22 07:00:00,102.03,1555.3311419460963,379.1666666666666,379.1666666666666
2025-08-22 08:00:00,99.97,1557.6335565862948,379.1666666666666,379.1666666666666
2025-08-22 09:00:00,87.09,1559.655677270295,379.1666666666666,379.1666666666666
2025-08-22 10:00:00,81.03,1559.0550473641565,379.1666666666666,379.1666666666666
2025-08-22 11:00:00,79.33,1559.3853938125326,379.1666666666666,379.1666666666666
2025-08-22 12:00:00,71.16,1557.9138505424928,379.1666666666666,379.1666666666666
2025-08-22 13:00:00,70.08,1556.332191789661,379.1666666666666,379.1666666666666
2025-08-22 14:00:00,70.23,1553.6794097042152,379.1666666666666,379.1666666666666
2025-08-22 15:00:00,75.95,1552.7284123528289,379.1666666666666,379.1666666666666
2025-08-22 16:00:00,81.45,1551.6472785217793,379.1666666666666,379.1666666666666
2025-08-22 17:00:00,81.49,1551.34696356871,379.1666666666666,379.1666666666666
2025-08-22 18:00:00,95.08,1554.3501130994034,379.1666666666666,379.1666666666666
2025-08-22 19:00:00,107.61,1555.9517928491064,379.1666666666666,379.1666666666666
2025-08-22 20:00:00,109.79,1556.6525277396015,379.1666666666666,379.1666666666666
2025-08-22 21:00:00,106.18,1557.9538925362351,379.1666666666666,379.1666666666666
2025-08-22 22:00:00,102.03,1560.1361811952058,379.1666666666666,379.1666666666666
2025-08-22 23:00:00,97.6,1560.636706116988,379.1666666666666,379.1666666666666
2025-08-23 00:00:00,99.02,1561.4175249949683,379.1666666666666,379.1666666666666
2025-08-23 01:00:00,93.93,1563.1893832180774,379.1666666666666,379.1666666666666
2025-08-23 02:00:00,88.75,1565.3416403817412,379.1666666666666,379.1666666666666
2025-08-23 03:00:00,82.99,1567.2636560813849,379.1666666666666,379.1666666666666
2025-08-23 04:00:00,81.84,1568.695157357682,379.1666666666666,379.1666666666666
2025-08-23 05:00:00,82.83,1568.9954723107512,379.1666666666666,379.1666666666666
2025-08-23 06:00:00,84.83,1568.925398821702,379.1666666666666,379.1666666666666
2025-08-23 07:00:00,85.1,1571.2478344587714,379.1666666666666,379.1666666666666
2025-08-23 08:00:00,79.8,1572.048674333623,379.1666666666666,379.1666666666666
2025-08-23 09:00:00,57.6,1571.2478344587714,379.1666666666666,379.1666666666666
2025-08-23 10:00:00,13.66,1569.4959972325337,379.1666666666666,379.1666666666666
2025-08-23 11:00:00,2.05,1568.0444749593653,379.1666666666666,379.1666666666666
2025-08-23 12:00:00,-0.07,1565.8621863003946,379.1666666666666,379.1666666666666
2025-08-23 13:00:00,-0.75,1563.3395406946122,379.1666666666666,379.1666666666666
2025-08-23 14:00:00,-1.1,1562.358511847919,379.1666666666666,379.1666666666666
2025-08-23 15:00:00,-1.89,1561.3374410074832,379.1666666666666,379.1666666666666
2025-08-23 16:00:00,10.24,1562.21836486982,379.1666666666666,379.1666666666666
2025-08-23 17:00:00,75.43,1562.1382808823348,379.1666666666666,379.1666666666666
2025-08-23 18:00:00,98.92,1563.4196246820973,379.1666666666666,379.1666666666666
2025-08-23 19:00:00,107.17,1562.7889632806518,379.1666666666666,379.1666666666666
2025-08-23 20:00:00,113.03,1561.5576719730675,379.1666666666666,379.1666666666666
2025-08-23 21:00:00,112.09,1563.319519697741,379.1666666666666,379.1666666666666
2025-08-23 22:00:00,106.34,1565.0413254286718,379.1666666666666,379.1666666666666
2025-08-23 23:00:00,101.07,1567.624034025068,379.1666666666666,379.1666666666666
2025-08-24 00:00:00,99.1,1568.895367326395,379.1666666666666,379.1666666666666
2025-08-24 01:00:00,95.56,1570.166700627722,379.1666666666666,379.1666666666666
2025-08-24 02:00:00,91.5,1571.598201904019,379.1666666666666,379.1666666666666
2025-08-24 03:00:00,89.32,1572.028653336752,379.1666666666666,379.1666666666666
2025-08-24 04:00:00,88.33,1574.5312779456629,379.1666666666666,379.1666666666666
2025-08-24 05:00:00,88.96,1575.1018763564946,379.1666666666666,379.1666666666666
2025-08-24 06:00:00,88.56,1576.102926200059,379.1666666666666,379.1666666666666
2025-08-24 07:00:00,85.07,1576.8036610905542,379.1666666666666,379.1666666666666
2025-08-24 08:00:00,72.19,1575.852663739168,379.1666666666666,379.1666666666666
2025-08-24 09:00:00,19.41,1574.6013514347123,379.1666666666666,379.1666666666666
2025-08-24 10:00:00,1.51,1570.947519505702,379.1666666666666,379.1666666666666
2025-08-24 11:00:00,-0.63,1566.5228791971472,379.1666666666666,379.1666666666666
2025-08-24 12:00:00,-4.18,1564.190433061642,379.1666666666666,379.1666666666666
2025-08-24 13:00:00,-6.89,1562.0381758979786,379.1666666666666,379.1666666666666
2025-08-24 14:00:00,-5.53,1560.2863386717406,379.1666666666666,379.1666666666666
2025-08-24 15:00:00,-0.2,1559.0150053704135,379.1666666666666,379.1666666666666
2025-08-24 16:00:00,2.99,1557.71364057378,379.1666666666666,379.1666666666666
2025-08-24 17:00:00,60.45,1555.681509391344,379.1666666666666,379.1666666666666
2025-08-24 18:00:00,99.78,1556.08192932877,379.1666666666666,379.1666666666666
2025-08-24 19:00:00,107.4,1555.711540886651,379.1666666666666,379.1666666666666
2025-08-24 20:00:00,112.63,1557.883819047186,379.1666666666666,379.1666666666666
2025-08-24 21:00:00,111.83,1561.4375459918397,379.1666666666666,379.1666666666666
2025-08-24 22:00:00,105.79,1564.2204645569489,379.1666666666666,379.1666666666666
2025-08-24 23:00:00,101.43,1566.2926377331275,379.1666666666666,379.1666666666666
2025-08-25 00:00:00,96.67,1566.5429001940186,379.1666666666666,379.1666666666666
2025-08-25 01:00:00,90.61,1568.925398821702,379.1666666666666,379.1666666666666
2025-08-25 02:00:00,88.97,1570.4269735870485,379.1666666666666,379.1666666666666
2025-08-25 03:00:00,85.24,1572.0686953304944,379.1666666666666,379.1666666666666
2025-08-25 04:00:00,88.0,1573.0697451740589,379.1666666666666,379.1666666666666
2025-08-25 05:00:00,97.54,1573.5302281020986,379.1666666666666,379.1666666666666
2025-08-25 06:00:00,110.01,1573.3500391302568,379.1666666666666,379.1666666666666
2025-08-25 07:00:00,108.3,1574.0307530238806,379.1666666666666,379.1666666666666
2025-08-25 08:00:00,103.42,1574.3711099706925,379.1666666666666,379.1666666666666
2025-08-25 09:00:00,85.61,1572.749409224118,379.1666666666666,379.1666666666666
2025-08-25 10:00:00,70.07,1567.9443699750086,379.1666666666666,379.1666666666666
2025-08-25 11:00:00,32.27,1563.8400656163944,379.1666666666666,379.1666666666666
2025-08-25 12:00:00,9.16,1559.485498796889,379.1666666666666,379.1666666666666
2025-08-25 13:00:00,4.53,1556.2521078021755,379.1666666666666,379.1666666666666
2025-08-25 14:00:00,5.78,1552.6082863716013,379.1666666666666,379.1666666666666
2025-08-25 15:00:00,31.24,1551.7273625092644,379.1666666666666,379.1666666666666
2025-08-25 16:00:00,80.0,1550.7263126657,379.1666666666666,379.1666666666666
2025-08-25 17:00:00,86.96,1549.144653912868,379.1666666666666,379.1666666666666
2025-08-25 18:00:00,107.05,1545.941294413462,379.1666666666666,379.1666666666666
2025-08-25 19:00:00,118.97,1546.7721657836205,379.1666666666666,379.1666666666666
2025-08-25 20:00:00,120.74,1547.4729006741154,379.1666666666666,379.1666666666666
2025-08-25 21:00:00,119.2,1552.247908427918,379.1666666666666,379.1666666666666
2025-08-25 22:00:00,110.49,1556.1820343131262,379.1666666666666,379.1666666666666
2025-08-25 23:00:00,105.11,1558.6846589220374,379.1666666666666,379.1666666666666
2025-08-26 00:00:00,102.11,1560.6567271138597,379.1666666666666,379.1666666666666
2025-08-26 01:00:00,98.55,1564.160401566335,379.1666666666666,379.1666666666666
2025-08-26 02:00:00,94.97,1566.2926377331275,379.1666666666666,379.1666666666666
2025-08-26 03:00:00,93.93,1567.34374006887,379.1666666666666,379.1666666666666
2025-08-26 04:00:00,94.47,1568.8453148342169,379.1666666666666,379.1666666666666
2025-08-26 05:00:00,104.08,1569.546049724712,379.1666666666666,379.1666666666666
2025-08-26 06:00:00,117.0,1569.5260287278406,379.1666666666666,379.1666666666666
2025-08-26 07:00:00,112.59,1569.796312185603,379.1666666666666,379.1666666666666
2025-08-26 08:00:00,104.94,1570.3468895995634,379.1666666666666,379.1666666666666
2025-08-26 09:00:00,89.96,1566.7631311596026,379.1666666666666,379.1666666666666
2025-08-26 10:00:00,75.54,1561.457566988711,379.1666666666666,379.1666666666666
2025-08-26 11:00:00,54.93,1555.1809844695615,379.1666666666666,379.1666666666666
2025-08-26 12:00:00,32.51,1549.6051368409078,379.1666666666666,379.1666666666666
2025-08-26 13:00:00,25.46,1542.3174939797586,379.1666666666666,379.1666666666666
2025-08-26 14:00:00,39.55,1540.4655517691642,379.1666666666666,379.1666666666666
2025-08-26 15:00:00,75.07,1538.4934835773424,379.1666666666666,379.1666666666666
2025-08-26 16:00:00,85.1,1537.462402238471,379.1666666666666,379.1666666666666
2025-08-26 17:00:00,104.75,1536.2311109308866,379.1666666666666,379.1666666666666
2025-08-26 18:00:00,118.05,1536.191068937144,379.1666666666666,379.1666666666666
2025-08-26 19:00:00,142.01,1536.8117198401542,379.1666666666666,379.1666666666666
2025-08-26 20:00:00,132.79,1540.815919214412,379.1666666666666,379.1666666666666
2025-08-26 21:00:00,121.6,1543.8691212372837,379.1666666666666,379.1666666666666
2025-08-26 22:00:00,108.0,1544.3195936668876,379.1666666666666,379.1666666666666
2025-08-26 23:00:00,99.95,1548.1436040693038,379.1666666666666,379.1666666666666
2025-08-27 00:00:00,98.72,1548.323793041145,379.1666666666666,379.1666666666666
2025-08-27 01:00:00,93.37,1549.3448638815812,379.1666666666666,379.1666666666666
2025-08-27 02:00:00,89.09,1550.1256827595614,379.1666666666666,379.1666666666666
2025-08-27 03:00:00,87.06,1550.4259977126308,379.1666666666666,379.1666666666666
2025-08-27 04:00:00,90.43,1550.9065016375416,379.1666666666666,379.1666666666666
2025-08-27 05:00:00,100.7,1551.376995064017,379.1666666666666,379.1666666666666
2025-08-27 06:00:00,110.3,1551.6072365280368,379.1666666666666,379.1666666666666
2025-08-27 07:00:00,114.31,1551.827467493621,379.1666666666666,379.1666666666666
2025-08-27 08:00:00,111.25,1550.1457037564326,379.1666666666666,379.1666666666666
2025-08-27 09:00:00,97.72,1549.545073850294,379.1666666666666,379.1666666666666
2025-08-27 10:00:00,84.21,1549.404926872195,379.1666666666666,379.1666666666666
2025-08-27 11:00:00,77.58,1546.6019873102146,379.1666666666666,379.1666666666666
2025-08-27 12:00:00,58.44,1540.615709245699,379.1666666666666,379.1666666666666
2025-08-27 13:00:00,59.92,1535.2100400904508,379.1666666666666,379.1666666666666
2025-08-27 14:00:00,60.65,1535.460302551342,379.1666666666666,379.1666666666666
2025-08-27 15:00:00,79.6,1535.2100400904508,379.1666666666666,379.1666666666666
2025-08-27 16:00:00,93.92,1535.5604075356985,379.1666666666666,379.1666666666666
2025-08-27 17:00:00,107.9,1535.3601975669856,379.1666666666666,379.1666666666666
2025-08-27 18:00:00,128.06,1537.292223765065,379.1666666666666,379.1666666666666
2025-08-27 19:00:00,131.96,1536.0909639527877,379.1666666666666,379.1666666666666
2025-08-27 20:00:00,121.91,1537.4123497462926,379.1666666666666,379.1666666666666
2025-08-27 21:00:00,121.91,1540.815919214412,379.1666666666666,379.1666666666666
2025-08-27 22:00:00,114.31,1543.6989427638775,379.1666666666666,379.1666666666666
2025-08-27 23:00:00,105.67,1546.3717458461947,379.1666666666666,379.1666666666666
2025-08-28 00:00:00,103.23,1545.4007274979372,379.1666666666666,379.1666666666666
2025-08-28 01:00:00,98.46,1545.971325908769,379.1666666666666,379.1666666666666
2025-08-28 02:00:00,93.34,1545.3406645073233,379.1666666666666,379.1666666666666
2025-08-28 03:00:00,93.03,1550.2257877439176,379.1666666666666,379.1666666666666
2025-08-28 04:00:00,94.84,1552.0076564654626,379.1666666666666,379.1666666666666
2025-08-28 05:00:00,103.64,1552.027677462334,379.1666666666666,379.1666666666666
2025-08-28 06:00:00,115.3,1551.8074464967497,379.1666666666666,379.1666666666666
2025-08-28 07:00:00,119.93,1549.174685408175,379.1666666666666,379.1666666666666
2025-08-28 08:00:00,119.97,1551.4771000483734,379.1666666666666,379.1666666666666
2025-08-28 09:00:00,117.56,1552.2278874310466,379.1666666666666,379.1666666666666
2025-08-28 10:00:00,116.08,1553.629357212037,379.1666666666666,379.1666666666666
2025-08-28 11:00:00,110.93,1552.6283073684724,379.1666666666666,379.1666666666666
2025-08-28 12:00:00,108.29,1552.047698459205,379.1666666666666,379.1666666666666
2025-08-28 13:00:00,105.81,1547.5429741631651,379.1666666666666,379.1666666666666
2025-08-28 14:00:00,104.83,1550.2257877439176,379.1666666666666,379.1666666666666
2025-08-28 15:00:00,106.04,1548.2737405489672,379.1666666666666,379.1666666666666
2025-08-28 16:00:00,108.78,1549.304821887839,379.1666666666666,379.1666666666666
2025-08-28 17:00:00,111.86,1550.7062916688287,379.1666666666666,379.1666666666666
2025-08-28 18:00:00,136.93,1553.8495881776212,379.1666666666666,379.1666666666666
2025-08-28 19:00:00,144.01,1550.446018709502,379.1666666666666,379.1666666666666
2025-08-28 20:00:00,139.63,1550.8464386469277,379.1666666666666,379.1666666666666
2025-08-28 21:00:00,124.02,1552.4080764028884,379.1666666666666,379.1666666666666
2025-08-28 22:00:00,106.9,1552.9086013246706,379.1666666666666,379.1666666666666
2025-08-28 23:00:00,96.87,1554.6103860587302,379.1666666666666,379.1666666666666
2025-08-29 00:00:00,90.02,1555.681509391344,379.1666666666666,379.1666666666666
2025-08-29 01:00:00,86.08,1558.4844489533243,379.1666666666666,379.1666666666666
2025-08-29 02:00:00,84.06,1563.6198346508102,379.1666666666666,379.1666666666666
2025-08-29 03:00:00,83.71,1564.9412204443154,379.1666666666666,379.1666666666666
2025-08-29 04:00:00,85.85,1564.921199447444,379.1666666666666,379.1666666666666
2025-08-29 05:00:00,95.45,1566.6930576705531,379.1666666666666,379.1666666666666
2025-08-29 06:00:00,109.0,1567.2236140876423,379.1666666666666,379.1666666666666
2025-08-29 07:00:00,110.91,1568.164600940593,379.1666666666666,379.1666666666666
2025-08-29 08:00:00,110.96,1567.624034025068,379.1666666666666,379.1666666666666
2025-08-29 09:00:00,97.56,1565.7420603191667,379.1666666666666,379.1666666666666
2025-08-29 10:00:00,81.63,1562.9391207571864,379.1666666666666,379.1666666666666
2025-08-29 11:00:00,71.1,1560.8369160857012,379.1666666666666,379.1666666666666
2025-08-29 12:00:00,54.52,1560.1562021920772,379.1666666666666,379.1666666666666
2025-08-29 13:00:00,46.85,1558.8848688907503,379.1666666666666,379.1666666666666
2025-08-29 14:00:00,51.54,1556.7826642192651,379.1666666666666,379.1666666666666
2025-08-29 15:00:00,69.21,1555.9117508553638,379.1666666666666,379.1666666666666
2025-08-29 16:00:00,80.53,1554.750533036829,379.1666666666666,379.1666666666666
2025-08-29 17:00:00,101.85,1553.8495881776212,379.1666666666666,379.1666666666666
2025-08-29 18:00:00,116.01,1555.4112259335816,379.1666666666666,379.1666666666666
2025-08-29 19:00:00,117.88,1556.8527377083146,379.1666666666666,379.1666666666666
2025-08-29 20:00:00,114.19,1561.037126054414,379.1666666666666,379.1666666666666
2025-08-29 21:00:00,109.31,1562.638805804117,379.1666666666666,379.1666666666666
2025-08-29 22:00:00,98.32,1564.9612414411863,379.1666666666666,379.1666666666666
2025-08-29 23:00:00,88.01,1565.9222492910085,379.1666666666666,379.1666666666666
2025-08-30 00:00:00,88.57,1565.541850350454,379.1666666666666,379.1666666666666
2025-08-30 01:00:00,85.39,1565.2215144005131,379.1666666666666,379.1666666666666
2025-08-30 02:00:00,85.02,1565.9422702878796,379.1666666666666,379.1666666666666
2025-08-30 03:00:00,83.31,1565.291587889563,379.1666666666666,379.1666666666666
2025-08-30 04:00:00,83.61,1565.762081316038,379.1666666666666,379.1666666666666
2025-08-30 05:00:00,86.74,1566.643005178375,379.1666666666666,379.1666666666666
2025-08-30 06:00:00,87.37,1567.8943174828305,379.1666666666666,379.1666666666666
2025-08-30 07:00:00,88.61,1568.1245589468504,379.1666666666666,379.1666666666666
2025-08-30 08:00:00,88.42,1569.796312185603,379.1666666666666,379.1666666666666
2025-08-30 09:00:00,81.0,1567.8943174828305,379.1666666666666,379.1666666666666
2025-08-30 10:00:00,75.06,1565.0613464255432,379.1666666666666,379.1666666666666
2025-08-30 11:00:00,61.93,1563.8600866132658,379.1666666666666,379.1666666666666
2025-08-30 12:00:00,31.95,1564.7410104756025,379.1666666666666,379.1666666666666
2025-08-30 13:00:00,5.66,1563.5898031555034,379.1666666666666,379.1666666666666
2025-08-30 14:00:00,7.68,1561.7178399480376,379.1666666666666,379.1666666666666
2025-08-30 15:00:00,17.5,1561.4875984840178,379.1666666666666,379.1666666666666
2025-08-30 16:00:00,61.46,1559.9559922233643,379.1666666666666,379.1666666666666
2025-08-30 17:00:00,83.1,1559.855887239008,379.1666666666666,379.1666666666666
2025-08-30 18:00:00,102.01,1559.0150053704135,379.1666666666666,379.1666666666666
2025-08-30 19:00:00,108.0,1558.9349213829285,379.1666666666666,379.1666666666666
2025-08-30 20:00:00,108.0,1560.1562021920772,379.1666666666666,379.1666666666666
2025-08-30 21:00:00,104.98,1559.4354463047107,379.1666666666666,379.1666666666666
2025-08-30 22:00:00,103.02,1562.7389107884735,379.1666666666666,379.1666666666666
2025-08-30 23:00:00,87.3,1565.1614514098994,379.1666666666666,379.1666666666666
2025-08-31 00:00:00,82.4,1566.943320131444,379.1666666666666,379.1666666666666
2025-08-31 01:00:00,79.42,1568.2947374202563,379.1666666666666,379.1666666666666
2025-08-31 02:00:00,79.1,1569.145629787286,379.1666666666666,379.1666666666666
2025-08-31 03:00:00,75.09,1570.1466796308505,379.1666666666666,379.1666666666666
2025-08-31 04:00:00,73.01,1571.397991935306,379.1666666666666,379.1666666666666
2025-08-31 05:00:00,71.41,1571.8684853617815,379.1666666666666,379.1666666666666
2025-08-31 06:00:00,71.34,1572.949619192831,379.1666666666666,379.1666666666666
2025-08-31 07:00:00,65.1,1573.0997766693656,379.1666666666666,379.1666666666666
2025-08-31 08:00:00,44.97,1571.9285483523952,379.1666666666666,379.1666666666666
2025-08-31 09:00:00,12.32,1569.6461547090682,379.1666666666666,379.1666666666666
2025-08-31 10:00:00,-0.09,1566.242585240949,379.1666666666666,379.1666666666666
2025-08-31 11:00:00,-4.35,1563.3595616914836,379.1666666666666,379.1666666666666
2025-08-31 12:00:00,-5.08,1559.455467301582,379.1666666666666,379.1666666666666
2025-08-31 13:00:00,-7.05,1557.3132206363543,379.1666666666666,379.1666666666666
2025-08-31 14:00:00,-7.11,1554.8806695164926,379.1666666666666,379.1666666666666
2025-08-31 15:00:00,-3.85,1552.247908427918,379.1666666666666,379.1666666666666
2025-08-31 16:00:00,27.75,1551.5772050327298,379.1666666666666,379.1666666666666
2025-08-31 17:00:00,88.68,1548.1436040693038,379.1666666666666,379.1666666666666
2025-08-31 18:00:00,106.99,1545.520853479165,379.1666666666666,379.1666666666666
2025-08-31 19:00:00,109.37,1545.5008324822936,379.1666666666666,379.1666666666666
2025-08-31 20:00:00,108.2,1550.0455987720763,379.1666666666666,379.1666666666666
2025-08-31 21:00:00,107.85,1552.0076564654626,379.1666666666666,379.1666666666666
2025-08-31 22:00:00,102.39,1554.3501130994034,379.1666666666666,379.1666666666666
2025-08-31 23:00:00,91.07,1557.6135355894237,379.1666666666666,379.1666666666666
2025-09-01 00:00:00,83.22,1558.634606429859,366.6666666666667,366.6666666666667
2025-09-01 01:00:00,81.71,1560.1562021920772,366.6666666666667,366.6666666666667
2025-09-01 02:00:00,80.78,1557.453367614453,366.6666666666667,366.6666666666667
2025-09-01 03:00:00,80.71,1557.2831891410474,366.6666666666667,366.6666666666667
2025-09-01 04:00:00,82.68,1558.4844489533243,366.6666666666667,366.6666666666667
2025-09-01 05:00:00,92.59,1558.414375464275,366.6666666666667,366.6666666666667
2025-09-01 06:00:00,108.92,1560.5165801357605,366.6666666666667,366.6666666666667
2025-09-01 07:00:00,112.06,1562.718889791602,366.6666666666667,366.6666666666667
2025-09-01 08:00:00,107.95,1561.287388515305,366.6666666666667,366.6666666666667
2025-09-01 09:00:00,98.2,1561.6377559605526,366.6666666666667,366.6666666666667
2025-09-01 10:00:00,88.21,1564.841115459959,366.6666666666667,366.6666666666667
2025-09-01 11:00:00,89.51,1561.0571470512853,366.6666666666667,366.6666666666667
2025-09-01 12:00:00,89.01,1560.7167901044731,366.6666666666667,366.6666666666667
2025-09-01 13:00:00,89.0,1559.315320323483,366.6666666666667,366.6666666666667
2025-09-01 14:00:00,84.5,1557.1530526613838,366.6666666666667,366.6666666666667
2025-09-01 15:00:00,83.9,1555.4112259335816,366.6666666666667,366.6666666666667
2025-09-01 16:00:00,83.98,1554.8105960274431,366.6666666666667,366.6666666666667
2025-09-01 17:00:00,104.2,1554.6504280524728,366.6666666666667,366.6666666666667
2025-09-01 18:00:00,121.17,1555.4112259335816,366.6666666666667,366.6666666666667
2025-09-01 19:00:00,121.53,1556.9528426926709,366.6666666666667,366.6666666666667
2025-09-01 20:00:00,119.99,1560.8168950888298,366.6666666666667,366.6666666666667
2025-09-01 21:00:00,119.99,1562.9891732493645,366.6666666666667,366.6666666666667
2025-09-01 22:00:00,106.2,1565.762081316038,366.6666666666667,366.6666666666667
2025-09-01 23:00:00,96.17,1566.3627112221768,366.6666666666667,366.6666666666667
2025-09-02 00:00:00,93.02,1566.7631311596026,366.6666666666667,366.6666666666667
2025-09-02 01:00:00,89.31,1567.2636560813849,366.6666666666667,366.6666666666667
2025-09-02 02:00:00,87.16,1567.8442649906524,366.6666666666667,366.6666666666667
2025-09-02 03:00:00,85.97,1569.3958922481772,366.6666666666667,366.6666666666667
2025-09-02 04:00:00,89.03,1569.095577295108,366.6666666666667,366.6666666666667
2025-09-02 05:00:00,96.15,1569.3258187591275,366.6666666666667,366.6666666666667
2025-09-02 06:00:00,115.05,1568.3247689155633,366.6666666666667,366.6666666666667
2025-09-02 07:00:00,109.24,1568.5249788842762,366.6666666666667,366.6666666666667
2025-09-02 08:00:00,120.97,1566.4227742127907,366.6666666666667,366.6666666666667
2025-09-02 09:00:00,108.3,1570.0665956433654,366.6666666666667,366.6666666666667
2025-09-02 10:00:00,97.05,1571.1277084775436,366.6666666666667,366.6666666666667
2025-09-02 11:00:00,91.99,1565.8621863003946,366.6666666666667,366.6666666666667
2025-09-02 12:00:00,83.8,1565.8621863003946,366.6666666666667,366.6666666666667
2025-09-02 13:00:00,79.39,1565.8421653035234,366.6666666666667,366.6666666666667
2025-09-02 14:00:00,81.25,1564.8210944630875,366.6666666666667,366.6666666666667
2025-09-02 15:00:00,84.91,1565.1414304130285,366.6666666666667,366.6666666666667
2025-09-02 16:00:00,95.91,1564.0903280772857,366.6666666666667,366.6666666666667
2025-09-02 17:00:00,105.71,1562.83901577283,366.6666666666667,366.6666666666667
2025-09-02 18:00:00,121.01,1562.588753311939,366.6666666666667,366.6666666666667
2025-09-02 19:00:00,121.02,1562.0882283901567,366.6666666666667,366.6666666666667
2025-09-02 20:00:00,120.79,1563.119309729028,366.6666666666667,366.6666666666667
2025-09-02 21:00:00,113.06,1563.9201496038795,366.6666666666667,366.6666666666667
2025-09-02 22:00:00,106.26,1565.8621863003946,366.6666666666667,366.6666666666667
2025-09-02 23:00:00,94.99,1567.143530100157,366.6666666666667,366.6666666666667
2025-09-03 00:00:00,93.08,1568.565020878019,366.6666666666667,366.6666666666667
2025-09-03 01:00:00,88.0,1569.0255038060584,366.6666666666667,366.6666666666667
2025-09-03 02:00:00,84.61,1569.9664906590087,366.6666666666667,366.6666666666667
2025-09-03 03:00:00,83.05,1569.626133712197,366.6666666666667,366.6666666666667
2025-09-03 04:00:00,82.61,1569.4659657372267,366.6666666666667,366.6666666666667
2025-09-03 05:00:00,89.06,1569.1956822794643,366.6666666666667,366.6666666666667
2025-09-03 06:00:00,102.29,1568.2246639312066,366.6666666666667,366.6666666666667
2025-09-03 07:00:00,102.39,1568.865335831088,366.6666666666667,366.6666666666667
2025-09-03 08:00:00,97.28,1568.0644959562364,366.6666666666667,366.6666666666667
2025-09-03 09:00:00,90.08,1567.5239290407117,366.6666666666667,366.6666666666667
2025-09-03 10:00:00,90.22,1565.8421653035234,366.6666666666667,366.6666666666667
2025-09-03 11:00:00,87.91,1564.4206745256618,366.6666666666667,366.6666666666667
2025-09-03 12:00:00,81.86,1560.8369160857012,366.6666666666667,366.6666666666667
2025-09-03 13:00:00,81.16,1557.853787551879,366.6666666666667,366.6666666666667
2025-09-03 14:00:00,80.65,1556.1820343131262,366.6666666666667,366.6666666666667
2025-09-03 15:00:00,80.93,1554.049798146334,366.6666666666667,366.6666666666667
2025-09-03 16:00:00,81.91,1552.107761449819,366.6666666666667,366.6666666666667
2025-09-03 17:00:00,97.68,1549.4750003612444,366.6666666666667,366.6666666666667
2025-09-03 18:00:00,97.2,1548.2036670599175,366.6666666666667,366.6666666666667
2025-09-03 19:00:00,106.07,1548.0434990849474,366.6666666666667,366.6666666666667
2025-09-03 20:00:00,103.87,1550.3459137251457,366.6666666666667,366.6666666666667
2025-09-03 21:00:00,97.24,1554.8306170243145,366.6666666666667,366.6666666666667
2025-09-03 22:00:00,98.9,1558.0840290158988,366.6666666666667,366.6666666666667
2025-09-03 23:00:00,88.34,1560.336391163919,366.6666666666667,366.6666666666667
2025-09-04 00:00:00,92.74,1561.4175249949683,366.6666666666667,366.6666666666667
2025-09-04 01:00:00,93.01,1561.287388515305,366.6666666666667,366.6666666666667
2025-09-04 02:00:00,91.05,1562.2884383588696,366.6666666666667,366.6666666666667
2025-09-04 03:00:00,87.96,1562.2584068635624,366.6666666666667,366.6666666666667
2025-09-04 04:00:00,87.99,1562.3184698541766,366.6666666666667,366.6666666666667
2025-09-04 05:00:00,96.99,1561.9180499167503,366.6666666666667,366.6666666666667
2025-09-04 06:00:00,103.0,1560.0861287030275,366.6666666666667,366.6666666666667
2025-09-04 07:00:00,115.08,1560.2162651826911,366.6666666666667,366.6666666666667
2025-09-04 08:00:00,107.92,1560.7368111013443,366.6666666666667,366.6666666666667
2025-09-04 09:00:00,96.04,1558.634606429859,366.6666666666667,366.6666666666667
2025-09-04 10:00:00,95.05,1555.85168786475,366.6666666666667,366.6666666666667
2025-09-04 11:00:00,93.51,1553.3090212620964,366.6666666666667,366.6666666666667
2025-09-04 12:00:00,87.93,1553.1288322902546,366.6666666666667,366.6666666666667
2025-09-04 13:00:00,87.61,1550.6462286782148,366.6666666666667,366.6666666666667
2025-09-04 14:00:00,88.3,1547.5029321694226,366.6666666666667,366.6666666666667
2025-09-04 15:00:00,90.09,1546.6019873102146,366.6666666666667,366.6666666666667
2025-09-04 16:00:00,96.35,1589.7472355678426,366.6666666666667,366.6666666666667
2025-09-04 17:00:00,113.36,1551.7073415123932,366.6666666666667,366.6666666666667
2025-09-04 18:00:00,128.06,1558.8348163985722,366.6666666666667,366.6666666666667
2025-09-04 19:00:00,156.91,1559.3553623172256,366.6666666666667,366.6666666666667
2025-09-04 20:00:00,152.92,1562.8189947759588,366.6666666666667,366.6666666666667
2025-09-04 21:00:00,129.01,1562.7889632806518,366.6666666666667,366.6666666666667
2025-09-04 22:00:00,111.92,1562.3384908510477,366.6666666666667,366.6666666666667
2025-09-04 23:00:00,101.45,1564.1403805694638,366.6666666666667,366.6666666666667
2025-09-05 00:00:00,98.02,1564.0202545882362,366.6666666666667,366.6666666666667
2025-09-05 01:00:00,94.97,1565.2415353973845,366.6666666666667,366.6666666666667
2025-09-05 02:00:00,94.69,1563.990223092929,366.6666666666667,366.6666666666667
2025-09-05 03:00:00,94.69,1563.539750663325,366.6666666666667,366.6666666666667
2025-09-05 04:00:00,92.66,1564.0202545882362,366.6666666666667,366.6666666666667
2025-09-05 05:00:00,98.57,1564.7610314724736,366.6666666666667,366.6666666666667
2025-09-05 06:00:00,113.14,1564.841115459959,366.6666666666667,366.6666666666667
2025-09-05 07:00:00,120.28,1564.5408005068896,366.6666666666667,366.6666666666667
2025-09-05 08:00:00,116.92,1565.6619763316817,366.6666666666667,366.6666666666667
2025-09-05 09:00:00,105.46,1564.8210944630875,366.6666666666667,366.6666666666667
2025-09-05 10:00:00,96.7,1565.4617663629688,366.6666666666667,366.6666666666667
2025-09-05 11:00:00,94.7,1565.3416403817412,366.6666666666667,366.6666666666667
2025-09-05 12:00:00,85.21,1567.0434251158008,366.6666666666667,366.6666666666667
2025-09-05 13:00:00,84.16,1565.3416403817412,366.6666666666667,366.6666666666667
2025-09-05 14:00:00,83.05,1565.2415353973845,366.6666666666667,366.6666666666667
2025-09-05 15:00:00,84.58,1565.1614514098994,366.6666666666667,366.6666666666667
2025-09-05 16:00:00,90.97,1563.2394357102555,366.6666666666667,366.6666666666667
2025-09-05 17:00:00,103.14,1564.1203595725924,366.6666666666667,366.6666666666667
2025-09-05 18:00:00,121.57,1563.519729666454,366.6666666666667,366.6666666666667
2025-09-05 19:00:00,142.29,1565.7921128113453,366.6666666666667,366.6666666666667
2025-09-05 20:00:00,135.35,1567.6440550219393,366.6666666666667,366.6666666666667
2025-09-05 21:00:00,116.31,1569.4459447403551,366.6666666666667,366.6666666666667
2025-09-05 22:00:00,106.01,1571.698306888375,366.6666666666667,366.6666666666667
2025-09-05 23:00:00,100.39,1574.271004986336,366.6666666666667,366.6666666666667
2025-09-06 00:00:00,101.83,1574.6013514347123,366.6666666666667,366.6666666666667
2025-09-06 01:00:00,99.49,1576.333167664079,366.6666666666667,366.6666666666667
2025-09-06 02:00:00,98.97,1577.734637445069,366.6666666666667,366.6666666666667
2025-09-06 03:00:00,97.96,1578.2551833637226,366.6666666666667,366.6666666666667
2025-09-06 04:00:00,97.89,1578.555498316792,366.6666666666667,366.6666666666667
2025-09-06 05:00:00,99.64,1578.305235855901,366.6666666666667,366.6666666666667
2025-09-06 06:00:00,103.96,1578.7056557933263,366.6666666666667,366.6666666666667
2025-09-06 07:00:00,103.36,1578.6556033011484,366.6666666666667,366.6666666666667
2025-09-06 08:00:00,101.0,1578.7056557933263,366.6666666666667,366.6666666666667
2025-09-06 09:00:00,83.8,1575.5523487860987,366.6666666666667,366.6666666666667
2025-09-06 10:00:00,44.98,1572.1988318101576,366.6666666666667,366.6666666666667
2025-09-06 11:00:00,2.21,1567.7441600062955,366.6666666666667,366.6666666666667
2025-09-06 12:00:00,0.05,1566.0924277644144,366.6666666666667,366.6666666666667
2025-09-06 13:00:00,-0.09,1544.399677654373,366.6666666666667,366.6666666666667
2025-09-06 14:00:00,-1.26,1509.9835840326268,366.6666666666667,366.6666666666667
2025-09-06 15:00:00,7.68,1507.86135836427,366.6666666666667,366.6666666666667
2025-09-06 16:00:00,52.41,1522.5467595693606,366.6666666666667,366.6666666666667
2025-09-06 17:00:00,93.58,1553.0287273058984,366.6666666666667,366.6666666666667
2025-09-06 18:00:00,107.37,1557.9338715393642,366.6666666666667,366.6666666666667
2025-09-06 19:00:00,118.93,1557.5534725988098,366.6666666666667,366.6666666666667
2025-09-06 20:00:00,117.99,1559.0550473641565,366.6666666666667,366.6666666666667
2025-09-06 21:00:00,104.59,1562.358511847919,366.6666666666667,366.6666666666667
2025-09-06 22:00:00,100.99,1563.8200446195233,366.6666666666667,366.6666666666667
2025-09-06 23:00:00,92.5,1567.624034025068,366.6666666666667,366.6666666666667
2025-09-07 00:00:00,89.03,1569.82634368091,366.6666666666667,366.6666666666667
2025-09-07 01:00:00,87.21,1571.347939443128,366.6666666666667,366.6666666666667
2025-09-07 02:00:00,82.41,1572.7694302209893,366.6666666666667,366.6666666666667
2025-09-07 03:00:00,82.41,1573.8705850489102,366.6666666666667,366.6666666666667
2025-09-07 04:00:00,82.12,1574.4311729613064,366.6666666666667,366.6666666666667
2025-09-07 05:00:00,81.94,1575.7525587548114,366.6666666666667,366.6666666666667
2025-09-07 06:00:00,81.07,1576.7035561061975,366.6666666666667,366.6666666666667
2025-09-07 07:00:00,80.09,1577.8547634262968,366.6666666666667,366.6666666666667
2025-09-07 08:00:00,55.0,1577.6345324607128,366.6666666666667,366.6666666666667
2025-09-07 09:00:00,0.03,1575.452243801742,366.6666666666667,366.6666666666667
2025-09-07 10:00:00,-3.69,1571.8985168570882,366.6666666666667,366.6666666666667
2025-09-07 11:00:00,-22.87,1567.5940025297612,366.6666666666667,366.6666666666667
2025-09-07 12:00:00,-38.66,1563.7199396351666,366.6666666666667,366.6666666666667
2025-09-07 13:00:00,-46.35,1560.9170000731865,366.6666666666667,366.6666666666667
2025-09-07 14:00:00,-42.76,1557.48339910976,366.6666666666667,366.6666666666667
2025-09-07 15:00:00,-18.43,1553.9496931619776,366.6666666666667,366.6666666666667
2025-09-07 16:00:00,-7.36,1550.4059767157594,366.6666666666667,366.6666666666667
2025-09-07 17:00:00,55.07,1548.2737405489672,366.6666666666667,366.6666666666667
2025-09-07 18:00:00,95.36,1547.2426592100956,366.6666666666667,366.6666666666667
2025-09-07 19:00:00,109.89,1550.8063966531852,366.6666666666667,366.6666666666667
2025-09-07 20:00:00,108.85,1553.008706309027,366.6666666666667,366.6666666666667
2025-09-07 21:00:00,106.0,1555.351162942968,366.6666666666667,366.6666666666667
2025-09-07 22:00:00,98.57,1559.2152153391266,366.6666666666667,366.6666666666667
2025-09-07 23:00:00,91.34,1562.4185748385328,366.6666666666667,366.6666666666667
2025-09-08 00:00:00,83.91,1565.3616613786123,366.6666666666667,366.6666666666667
2025-09-08 01:00:00,83.6,1568.2947374202563,366.6666666666667,366.6666666666667
2025-09-08 02:00:00,83.21,1569.4959972325337,366.6666666666667,366.6666666666667
2025-09-08 03:00:00,83.21,1570.8974670135235,366.6666666666667,366.6666666666667
2025-09-08 04:00:00,82.54,1570.1967321230286,366.6666666666667,366.6666666666667
2025-09-08 05:00:00,91.27,1571.3279184462567,366.6666666666667,366.6666666666667
2025-09-08 06:00:00,110.96,1570.5671205651477,366.6666666666667,366.6666666666667
2025-09-08 07:00:00,116.48,1570.7272885401178,366.6666666666667,366.6666666666667
2025-09-08 08:00:00,114.06,1568.895367326395,366.6666666666667,366.6666666666667
2025-09-08 09:00:00,103.71,1567.4938975454047,366.6666666666667,366.6666666666667
2025-09-08 10:00:00,98.79,1564.921199447444,366.6666666666667,366.6666666666667
2025-09-08 11:00:00,98.52,1558.134081508077,366.6666666666667,366.6666666666667
2025-09-08 12:00:00,92.75,1553.709441199522,366.6666666666667,366.6666666666667
2025-09-08 13:00:00,93.76,1553.7494831932645,366.6666666666667,366.6666666666667
2025-09-08 14:00:00,98.06,1554.7805645321362,366.6666666666667,366.6666666666667
2025-09-08 15:00:00,91.03,1555.3811944382749,366.6666666666667,366.6666666666667
2025-09-08 16:00:00,105.06,1555.3811944382749,366.6666666666667,366.6666666666667
2025-09-08 17:00:00,114.03,1557.9839240315423,366.6666666666667,366.6666666666667
2025-09-08 18:00:00,148.02,1557.48339910976,366.6666666666667,366.6666666666667
2025-09-08 19:00:00,140.02,1556.9328216957997,366.6666666666667,366.6666666666667
2025-09-08 20:00:00,128.98,1557.2131156519977,366.6666666666667,366.6666666666667
2025-09-08 21:00:00,119.94,1556.8327167114433,366.6666666666667,366.6666666666667
2025-09-08 22:00:00,111.49,1559.4154253078395,366.6666666666667,366.6666666666667
2025-09-08 23:00:00,107.05,1560.1862336873842,366.6666666666667,366.6666666666667
2025-09-09 00:00:00,107.19,1562.0581968948495,366.6666666666667,366.6666666666667
2025-09-09 01:00:00,103.58,1562.2383858666913,366.6666666666667,366.6666666666667
2025-09-09 02:00:00,102.08,1562.558721816632,366.6666666666667,366.6666666666667
2025-09-09 03:00:00,101.94,1563.3395406946122,366.6666666666667,366.6666666666667
2025-09-09 04:00:00,103.59,1562.8890682650083,366.6666666666667,366.6666666666667
2025-09-09 05:00:00,113.43,1561.8379659292657,366.6666666666667,366.6666666666667
2025-09-09 06:00:00,125.06,1561.7879134370874,366.6666666666667,366.6666666666667
2025-09-09 07:00:00,139.25,1562.618784807246,366.6666666666667,366.6666666666667
2025-09-09 08:00:00,139.75,1564.1203595725924,366.6666666666667,366.6666666666667
2025-09-09 09:00:00,127.01,1562.8189947759588,366.6666666666667,366.6666666666667
2025-09-09 10:00:00,115.2,1564.040275585107,366.6666666666667,366.6666666666667
2025-09-09 11:00:00,110.9,1564.3205695413055,366.6666666666667,366.6666666666667
2025-09-09 12:00:00,105.05,1563.0892782337212,366.6666666666667,366.6666666666667
2025-09-09 13:00:00,102.05,1562.5186798228897,366.6666666666667,366.6666666666667
2025-09-09 14:00:00,101.04,1560.9570420669288,366.6666666666667,366.6666666666667
2025-09-09 15:00:00,103.06,1559.1551523485127,366.6666666666667,366.6666666666667
2025-09-09 16:00:00,111.0,1558.8848688907503,366.6666666666667,366.6666666666667
2025-09-09 17:00:00,128.91,1557.3532626300969,366.6666666666667,366.6666666666667
2025-09-09 18:00:00,148.53,1558.414375464275,366.6666666666667,366.6666666666667
2025-09-09 19:00:00,146.65,1560.116160198335,366.6666666666667,366.6666666666667
2025-09-09 20:00:00,138.99,1561.4375459918397,366.6666666666667,366.6666666666667
2025-09-09 21:00:00,128.98,1564.6208844943746,366.6666666666667,366.6666666666667
2025-09-09 22:00:00,114.56,1565.4617663629688,366.6666666666667,366.6666666666667
2025-09-09 23:00:00,105.08,1567.6941075141176,366.6666666666667,366.6666666666667
2025-09-10 00:00:00,105.59,1568.3247689155633,366.6666666666667,366.6666666666667
2025-09-10 01:00:00,102.49,1569.1256087904148,366.6666666666667,366.6666666666667
2025-09-10 02:00:00,101.97,1569.5260287278406,366.6666666666667,366.6666666666667
2025-09-10 03:00:00,101.41,1570.3468895995634,366.6666666666667,366.6666666666667
2025-09-10 04:00:00,101.76,1570.4469945839198,366.6666666666667,366.6666666666667
2025-09-10 05:00:00,107.68,1570.7973620291675,366.6666666666667,366.6666666666667
2025-09-10 06:00:00,120.0,1569.345839755999,366.6666666666667,366.6666666666667
2025-09-10 07:00:00,121.4,1569.9464696621376,366.6666666666667,366.6666666666667
2025-09-10 08:00:00,140.85,1570.0265536496229,366.6666666666667,366.6666666666667
2025-09-10 09:00:00,125.1,1568.9654408154445,366.6666666666667,366.6666666666667
2025-09-10 10:00:00,105.88,1566.863236143959,366.6666666666667,366.6666666666667
2025-09-10 11:00:00,105.1,1563.2394357102555,366.6666666666667,366.6666666666667
2025-09-10 12:00:00,104.04,1561.5376509761963,366.6666666666667,366.6666666666667
2025-09-10 13:00:00,103.64,1560.0560972077208,366.6666666666667,366.6666666666667
2025-09-10 14:00:00,102.71,1561.3874934996616,366.6666666666667,366.6666666666667
2025-09-10 15:00:00,102.08,1562.0581968948495,366.6666666666667,366.6666666666667
2025-09-10 16:00:00,105.61,1561.0871785465922,366.6666666666667,366.6666666666667
2025-09-10 17:00:00,120.0,1560.6867586091664,366.6666666666667,366.6666666666667
2025-09-10 18:00:00,131.38,1559.9860237186713,366.6666666666667,366.6666666666667
2025-09-10 19:00:00,131.52,1560.2362861795625,366.6666666666667,366.6666666666667
2025-09-10 20:00:00,128.64,1561.0571470512853,366.6666666666667,366.6666666666667
2025-09-10 21:00:00,118.46,1561.938070913622,366.6666666666667,366.6666666666667
2025-09-10 22:00:00,105.61,1563.3895931867903,366.6666666666667,366.6666666666667
2025-09-10 23:00:00,98.35,1565.2415353973845,366.6666666666667,366.6666666666667
2025-09-11 00:00:00,96.02,1565.8621863003946,366.6666666666667,366.6666666666667
2025-09-11 01:00:00,97.48,1567.8943174828305,366.6666666666667,366.6666666666667
2025-09-11 02:00:00,96.98,1568.5950523733256,366.6666666666667,366.6666666666667
2025-09-11 03:00:00,95.13,1569.4659657372267,366.6666666666667,366.6666666666667
2025-09-11 04:00:00,95.1,1568.945419818573,366.6666666666667,366.6666666666667
2025-09-11 05:00:00,93.0,1567.543950037583,366.6666666666667,366.6666666666667
2025-09-11 06:00:00,106.0,1566.4628162065333,366.6666666666667,366.6666666666667
2025-09-11 07:00:00,122.82,1565.1914829052064,366.6666666666667,366.6666666666667
2025-09-11 08:00:00,112.53,1566.162501253464,366.6666666666667,366.6666666666667
2025-09-11 09:00:00,102.91,1565.9422702878796,366.6666666666667,366.6666666666667
2025-09-11 10:00:00,102.7,1566.6229841815036,366.6666666666667,366.6666666666667
2025-09-11 11:00:00,99.65,1567.3637610657413,366.6666666666667,366.6666666666667
2025-09-11 12:00:00,88.0,1568.6451048655038,366.6666666666667,366.6666666666667
2025-09-11 13:00:00,87.1,1562.588753311939,366.6666666666667,366.6666666666667
2025-09-11 14:00:00,88.0,1563.119309729028,366.6666666666667,366.6666666666667
2025-09-11 15:00:00,90.6,1562.4586168322753,366.6666666666667,366.6666666666667
2025-09-11 16:00:00,92.3,1564.6609264881172,366.6666666666667,366.6666666666667
2025-09-11 17:00:00,102.6,1561.6177349636814,366.6666666666667,366.6666666666667
2025-09-11 18:00:00,109.0,1561.3374410074832,366.6666666666667,366.6666666666667
2025-09-11 19:00:00,136.85,1562.2584068635624,366.6666666666667,366.6666666666667
2025-09-11 20:00:00,125.0,1565.8621863003946,366.6666666666667,366.6666666666667
2025-09-11 21:00:00,106.09,1568.024453962494,366.6666666666667,366.6666666666667
2025-09-11 22:00:00,104.99,1569.3258187591275,366.6666666666667,366.6666666666667
2025-09-11 23:00:00,94.0,1571.0476244900583,366.6666666666667,366.6666666666667
2025-09-12 00:00:00,92.65,1571.347939443128,366.6666666666667,366.6666666666667
2025-09-12 01:00:00,87.8,1572.1487793179797,366.6666666666667,366.6666666666667
2025-09-12 02:00:00,87.8,1573.370060127128,366.6666666666667,366.6666666666667
2025-09-12 03:00:00,87.8,1573.400091622435,366.6666666666667,366.6666666666667
2025-09-12 04:00:00,87.8,1574.5713199394054,366.6666666666667,366.6666666666667
2025-09-12 05:00:00,92.0,1574.5312779456629,366.6666666666667,366.6666666666667
2025-09-12 06:00:00,105.59,1571.428023430613,366.6666666666667,366.6666666666667
2025-09-12 07:00:00,113.05,1570.6472045526327,366.6666666666667,366.6666666666667
2025-09-12 08:00:00,105.8,1571.0976769822369,366.6666666666667,366.6666666666667
2025-09-12 09:00:00,102.6,1570.9274985088307,366.6666666666667,366.6666666666667
2025-09-12 10:00:00,102.6,1571.347939443128,366.6666666666667,366.6666666666667
2025-09-12 11:00:00,99.55,1571.197781966593,366.6666666666667,366.6666666666667
2025-09-12 12:00:00,89.0,1572.4490942710488,366.6666666666667,366.6666666666667
2025-09-12 13:00:00,90.0,1570.8273935244745,366.6666666666667,366.6666666666667
2025-09-12 14:00:00,87.8,1570.5971520604546,366.6666666666667,366.6666666666667
2025-09-12 15:00:00,90.84,1571.428023430613,366.6666666666667,366.6666666666667
2025-09-12 16:00:00,95.03,1570.3969420917415,366.6666666666667,366.6666666666667
2025-09-12 17:00:00,102.06,1571.06764548693,366.6666666666667,366.6666666666667
2025-09-12 18:00:00,107.32,1572.048674333623,366.6666666666667,366.6666666666667
2025-09-12 19:00:00,122.67,1573.9506690363953,366.6666666666667,366.6666666666667
2025-09-12 20:00:00,122.99,1574.9717398768312,366.6666666666667,366.6666666666667
2025-09-12 21:00:00,112.91,1576.9538185670888,366.6666666666667,366.6666666666667
2025-09-12 22:00:00,102.99,1578.4553933324355,366.6666666666667,366.6666666666667
2025-09-12 23:00:00,93.15,1579.4764641728711,366.6666666666667,366.6666666666667
2025-09-13 00:00:00,87.8,1580.4775140164356,366.6666666666667,366.6666666666667
2025-09-13 01:00:00,87.8,1580.5776190007923,366.6666666666667,366.6666666666667
2025-09-13 02:00:00,87.8,1581.4385218662576,366.6666666666667,366.6666666666667
2025-09-13 03:00:00,90.48,1580.9580179413465,366.6666666666667,366.6666666666667
2025-09-13 04:00:00,87.8,1581.8589628005548,366.6666666666667,366.6666666666667
2025-09-13 05:00:00,87.8,1581.2583328944158,366.6666666666667,366.6666666666667
2025-09-13 06:00:00,95.0,1582.309435230159,366.6666666666667,366.6666666666667
2025-09-13 07:00:00,94.02,1580.437472022693,366.6666666666667,366.6666666666667
2025-09-13 08:00:00,87.8,1581.2783538912872,366.6666666666667,366.6666666666667
2025-09-13 09:00:00,88.6,1579.506495668178,366.6666666666667,366.6666666666667
2025-09-13 10:00:00,87.1,1575.6324327735838,366.6666666666667,366.6666666666667
2025-09-13 11:00:00,74.71,1574.050774020752,366.6666666666667,366.6666666666667
2025-09-13 12:00:00,71.02,1569.9664906590087,366.6666666666667,366.6666666666667
2025-09-13 13:00:00,70.49,1567.8442649906524,366.6666666666667,366.6666666666667
2025-09-13 14:00:00,75.3,1567.143530100157,366.6666666666667,366.6666666666667
2025-09-13 15:00:00,80.2,1567.824243993781,366.6666666666667,366.6666666666667
2025-09-13 16:00:00,87.8,1567.764181003167,366.6666666666667,366.6666666666667
2025-09-13 17:00:00,93.14,1568.0644959562364,366.6666666666667,366.6666666666667
2025-09-13 18:00:00,107.19,1567.34374006887,366.6666666666667,366.6666666666667
2025-09-13 19:00:00,122.96,1564.4406955225331,366.6666666666667,366.6666666666667
2025-09-13 20:00:00,119.69,1565.8421653035234,366.6666666666667,366.6666666666667
2025-09-13 21:00:00,104.0,1567.96439097188,366.6666666666667,366.6666666666667
2025-09-13 22:00:00,102.39,1569.1256087904148,366.6666666666667,366.6666666666667
2025-09-13 23:00:00,100.03,1569.9464696621376,366.6666666666667,366.6666666666667
2025-09-14 00:00:00,88.6,1569.796312185603,366.6666666666667,366.6666666666667
2025-09-14 01:00:00,88.6,1569.7462596934247,366.6666666666667,366.6666666666667
2025-09-14 02:00:00,87.8,1570.2267636183356,366.6666666666667,366.6666666666667
2025-09-14 03:00:00,87.8,1569.8663856746523,366.6666666666667,366.6666666666667
2025-09-14 04:00:00,87.2,1569.3658607528705,366.6666666666667,366.6666666666667
2025-09-14 05:00:00,87.8,1568.9954723107512,366.6666666666667,366.6666666666667
2025-09-14 06:00:00,92.59,1568.7952623420383,366.6666666666667,366.6666666666667
2025-09-14 07:00:00,98.01,1570.0966271386724,366.6666666666667,366.6666666666667
2025-09-14 08:00:00,96.38,1569.9664906590087,366.6666666666667,366.6666666666667
2025-09-14 09:00:00,75.4,1568.9654408154445,366.6666666666667,366.6666666666667
2025-09-14 10:00:00,42.29,1567.8943174828305,366.6666666666667,366.6666666666667
2025-09-14 11:00:00,30.68,1568.0644959562364,366.6666666666667,366.6666666666667
2025-09-14 12:00:00,10.48,1566.5629211908897,366.6666666666667,366.6666666666667
2025-09-14 13:00:00,-0.96,1564.340590538177,366.6666666666667,366.6666666666667
2025-09-14 14:00:00,-1.99,1563.0892782337212,366.6666666666667,366.6666666666667
2025-09-14 15:00:00,0.0,1562.1382808823348,366.6666666666667,366.6666666666667
2025-09-14 16:00:00,58.86,1560.4364961482752,366.6666666666667,366.6666666666667
2025-09-14 17:00:00,87.0,1560.4565171451466,366.6666666666667,366.6666666666667
2025-09-14 18:00:00,113.18,1560.1862336873842,366.6666666666667,366.6666666666667
2025-09-14 19:00:00,124.06,1560.8369160857012,366.6666666666667,366.6666666666667
2025-09-14 20:00:00,118.82,1562.0581968948495,366.6666666666667,366.6666666666667
2025-09-14 21:00:00,99.76,1561.9180499167503,366.6666666666667,366.6666666666667
2025-09-14 22:00:00,87.8,1563.119309729028,366.6666666666667,366.6666666666667
2025-09-14 23:00:00,88.6,1564.4907480147112,366.6666666666667,366.6666666666667
2025-09-15 00:00:00,93.3,1562.9591417540576,366.6666666666667,366.6666666666667
2025-09-15 01:00:00,89.74,1563.6899081398597,366.6666666666667,366.6666666666667
2025-09-15 02:00:00,87.0,1563.119309729028,366.6666666666667,366.6666666666667
2025-09-15 03:00:00,88.6,1561.3874934996616,366.6666666666667,366.6666666666667
2025-09-15 04:00:00,87.8,1560.4565171451466,366.6666666666667,366.6666666666667
2025-09-15 05:00:00,94.8,1559.935971226493,366.6666666666667,366.6666666666667
2025-09-15 06:00:00,102.27,1559.2152153391266,366.6666666666667,366.6666666666667
2025-09-15 07:00:00,101.83,1559.6156352765524,366.6666666666667,366.6666666666667
2025-09-15 08:00:00,99.78,1558.8147954017008,366.6666666666667,366.6666666666667
2025-09-15 09:00:00,94.8,1554.5303020712452,366.6666666666667,366.6666666666667
2025-09-15 10:00:00,98.06,1553.0787797980763,366.6666666666667,366.6666666666667
2025-09-15 11:00:00,95.9,1550.7263126657,366.6666666666667,366.6666666666667
2025-09-15 12:00:00,94.8,1545.801147435363,366.6666666666667,366.6666666666667
2025-09-15 13:00:00,93.3,1543.96922622164,366.6666666666667,366.6666666666667
2025-09-15 14:00:00,94.8,1542.9381448827685,366.6666666666667,366.6666666666667
2025-09-15 15:00:00,91.9,1543.1683863467883,366.6666666666667,366.6666666666667
2025-09-15 16:00:00,98.97,1546.471850830551,366.6666666666667,366.6666666666667
2025-09-15 17:00:00,100.8,1544.7700660964915,366.6666666666667,366.6666666666667
2025-09-15 18:00:00,102.73,1546.3717458461947,366.6666666666667,366.6666666666667
2025-09-15 19:00:00,104.99,1550.245808740789,366.6666666666667,366.6666666666667
2025-09-15 20:00:00,105.04,1555.9117508553638,366.6666666666667,366.6666666666667
2025-09-15 21:00:00,97.6,1557.1530526613838,366.6666666666667,366.6666666666667
2025-09-15 22:00:00,98.89,1559.485498796889,366.6666666666667,366.6666666666667
2025-09-15 23:00:00,94.8,1560.0861287030275,366.6666666666667,366.6666666666667
2025-09-16 00:00:00,88.16,1561.7879134370874,366.6666666666667,366.6666666666667
2025-09-16 01:00:00,85.2,1561.6177349636814,366.6666666666667,366.6666666666667
2025-09-16 02:00:00,85.2,1564.040275585107,366.6666666666667,366.6666666666667
2025-09-16 03:00:00,85.2,1564.9612414411863,366.6666666666667,366.6666666666667
2025-09-16 04:00:00,85.2,1565.521829353583,366.6666666666667,366.6666666666667
2025-09-16 05:00:00,92.49,1566.4227742127907,366.6666666666667,366.6666666666667
2025-09-16 06:00:00,102.88,1566.3426902253057,366.6666666666667,366.6666666666667
2025-09-16 07:00:00,105.15,1568.3447899124346,366.6666666666667,366.6666666666667
2025-09-16 08:00:00,101.33,1570.497047076098,366.6666666666667,366.6666666666667
2025-09-16 09:00:00,99.92,1570.1466796308505,366.6666666666667,366.6666666666667
2025-09-16 10:00:00,95.06,1567.6640760188106,366.6666666666667,366.6666666666667
2025-09-16 11:00:00,85.2,1567.824243993781,366.6666666666667,366.6666666666667
2025-09-16 12:00:00,84.71,1566.6229841815036,366.6666666666667,366.6666666666667
2025-09-16 13:00:00,83.22,1565.5919028426322,366.6666666666667,366.6666666666667
2025-09-16 14:00:00,83.16,1565.121409416157,366.6666666666667,366.6666666666667
2025-09-16 15:00:00,91.9,1566.162501253464,366.6666666666667,366.6666666666667
2025-09-16 16:00:00,99.58,1563.4896981711468,366.6666666666667,366.6666666666667
2025-09-16 17:00:00,103.51,1564.560821503761,366.6666666666667,366.6666666666667
2025-09-16 18:00:00,107.39,1565.9422702878796,366.6666666666667,366.6666666666667
2025-09-16 19:00:00,107.4,1566.1925327487709,366.6666666666667,366.6666666666667
2025-09-16 20:00:00,107.39,1568.6451048655038,366.6666666666667,366.6666666666667
2025-09-16 21:00:00,102.45,1569.6661757059396,366.6666666666667,366.6666666666667
2025-09-16 22:00:00,96.3,1570.5270785714051,366.6666666666667,366.6666666666667
2025-09-16 23:00:00,98.15,1571.397991935306,366.6666666666667,366.6666666666667
2025-09-17 00:00:00,94.1,1572.7694302209893,366.6666666666667,366.6666666666667
2025-09-17 01:00:00,94.0,1573.9506690363953,366.6666666666667,366.6666666666667
2025-09-17 02:00:00,92.1,1574.9016663877817,366.6666666666667,366.6666666666667
2025-09-17 03:00:00,85.2,1574.7014564190688,366.6666666666667,366.6666666666667
2025-09-17 04:00:00,85.2,1575.57236978297,366.6666666666667,366.6666666666667
2025-09-17 05:00:00,85.2,1576.35318866095,366.6666666666667,366.6666666666667
2025-09-17 06:00:00,102.35,1575.5523487860987,366.6666666666667,366.6666666666667
2025-09-17 07:00:00,115.93,1575.1018763564946,366.6666666666667,366.6666666666667
2025-09-17 08:00:00,111.99,1576.1729996891086,366.6666666666667,366.6666666666667
2025-09-17 09:00:00,97.21,1578.355288348079,366.6666666666667,366.6666666666667
2025-09-17 10:00:00,94.69,1572.028653336752,366.6666666666667,366.6666666666667
2025-09-17 11:00:00,95.6,1571.9285483523952,366.6666666666667,366.6666666666667
2025-09-17 12:00:00,89.0,1570.6271835557616,366.6666666666667,366.6666666666667
2025-09-17 13:00:00,83.84,1570.0966271386724,366.6666666666667,366.6666666666667
2025-09-17 14:00:00,83.93,1570.0465746464945,366.6666666666667,366.6666666666667
2025-09-17 15:00:00,85.2,1565.4917978582755,366.6666666666667,366.6666666666667
2025-09-17 16:00:00,89.6,1565.541850350454,366.6666666666667,366.6666666666667
2025-09-17 17:00:00,100.5,1567.2436350845137,366.6666666666667,366.6666666666667
2025-09-17 18:00:00,117.56,1567.063446112672,366.6666666666667,366.6666666666667
2025-09-17 19:00:00,140.06,1568.1946324358998,366.6666666666667,366.6666666666667
2025-09-17 20:00:00,125.22,1569.3958922481772,366.6666666666667,366.6666666666667
2025-09-17 21:00:00,104.92,1570.7473095369892,366.6666666666667,366.6666666666667
2025-09-17 22:00:00,99.59,1571.6482543961972,366.6666666666667,366.6666666666667
2025-09-17 23:00:00,87.7,1572.949619192831,366.6666666666667,366.6666666666667
2025-09-18 00:00:00,85.2,1574.301036481643,366.6666666666667,366.6666666666667
2025-09-18 01:00:00,85.2,1576.2530836765936,366.6666666666667,366.6666666666667
2025-09-18 02:00:00,85.2,1577.5344274763563,366.6666666666667,366.6666666666667
2025-09-18 03:00:00,88.2,1578.1750993762375,366.6666666666667,366.6666666666667
2025-09-18 04:00:00,85.2,1579.1361072260593,366.6666666666667,366.6666666666667
2025-09-18 05:00:00,86.0,1578.2351623668512,366.6666666666667,366.6666666666667
2025-09-18 06:00:00,103.37,1578.1750993762375,366.6666666666667,366.6666666666667
2025-09-18 07:00:00,115.02,1579.4764641728711,366.6666666666667,366.6666666666667
2025-09-18 08:00:00,106.04,1578.4553933324355,366.6666666666667,366.6666666666667
2025-09-18 09:00:00,92.71,1575.4722647986134,366.6666666666667,366.6666666666667
2025-09-18 10:00:00,86.0,1572.3990417788705,366.6666666666667,366.6666666666667
2025-09-18 11:00:00,85.0,1567.3237190719988,366.6666666666667,366.6666666666667
2025-09-18 12:00:00,78.0,1562.3184698541766,366.6666666666667,366.6666666666667
2025-09-18 13:00:00,2.42,1557.9839240315423,366.6666666666667,366.6666666666667
2025-09-18 14:00:00,1.47,1556.612485745859,366.6666666666667,366.6666666666667
2025-09-18 15:00:00,78.08,1558.4544174580176,366.6666666666667,366.6666666666667
2025-09-18 16:00:00,82.06,1438.5887091896095,366.6666666666667,366.6666666666667
2025-09-18 17:00:00,101.98,1200.2087099416055,366.6666666666667,366.6666666666667
2025-09-18 18:00:00,115.07,1197.9363267967142,366.6666666666667,366.6666666666667
2025-09-18 19:00:00,142.0,1201.239791280477,366.6666666666667,366.6666666666667
2025-09-18 20:00:00,118.83,1206.6154289404178,366.6666666666667,366.6666666666667
2025-09-18 21:00:00,107.72,1211.570625666062,366.6666666666667,366.6666666666667
2025-09-18 22:00:00,101.2,1215.4947410528348,366.6666666666667,366.6666666666667
2025-09-18 23:00:00,88.0,1217.4267672509145,366.6666666666667,366.6666666666667
2025-09-19 00:00:00,94.49,1218.8282370319043,366.6666666666667,366.6666666666667
2025-09-19 01:00:00,93.01,1219.3788144458647,366.6666666666667,366.6666666666667
2025-09-19 02:00:00,92.77,1219.6991503958056,366.6666666666667,366.6666666666667
2025-09-19 03:00:00,92.38,1221.5811241017066,366.6666666666667,366.6666666666667
2025-09-19 04:00:00,91.21,1222.532121453093,366.6666666666667,366.6666666666667
2025-09-19 05:00:00,95.13,1223.18280385141,366.6666666666667,366.6666666666667
2025-09-19 06:00:00,117.49,1222.862467901469,366.6666666666667,366.6666666666667
2025-09-19 07:00:00,135.0,1222.0315965313107,366.6666666666667,366.6666666666667
2025-09-19 08:00:00,118.22,1222.9325413905187,366.6666666666667,366.6666666666667
2025-09-19 09:00:00,96.21,1219.759213386419,366.6666666666667,366.6666666666667
2025-09-19 10:00:00,91.37,1213.9531242937455,366.6666666666667,366.6666666666667
2025-09-19 11:00:00,89.7,1208.787707100953,366.6666666666667,366.6666666666667
2025-09-19 12:00:00,68.0,1203.3419959519622,366.6666666666667,366.6666666666667
2025-09-19 13:00:00,64.93,1197.8061903170508,366.6666666666667,366.6666666666667
2025-09-19 14:00:00,67.01,1193.771959447486,366.6666666666667,366.6666666666667
2025-09-19 15:00:00,85.2,1190.0981065216044,366.6666666666667,366.6666666666667
2025-09-19 16:00:00,86.1,1204.783507726695,366.6666666666667,366.6666666666667
2025-09-19 17:00:00,113.81,1245.0857744286,366.6666666666667,366.6666666666667
2025-09-19 18:00:00,158.59,1295.9591274785455,366.6666666666667,366.6666666666667
2025-09-19 19:00:00,189.26,1414.2832189878643,366.6666666666667,366.6666666666667
2025-09-19 20:00:00,149.59,1523.2474944598555,366.6666666666667,366.6666666666667
2025-09-19 21:00:00,117.47,1544.0192787138185,366.6666666666667,366.6666666666667
2025-09-19 22:00:00,104.71,1547.4228481819373,366.6666666666667,366.6666666666667
2025-09-19 23:00:00,97.4,1549.6051368409078,366.6666666666667,366.6666666666667
2025-09-20 00:00:00,92.39,1560.6867586091664,366.6666666666667,366.6666666666667
2025-09-20 01:00:00,91.99,1563.0192047446717,366.6666666666667,366.6666666666667
2025-09-20 02:00:00,91.6,1565.2215144005131,366.6666666666667,366.6666666666667
2025-09-20 03:00:00,91.0,1567.3237190719988,366.6666666666667,366.6666666666667
2025-09-20 04:00:00,89.9,1567.824243993781,366.6666666666667,366.6666666666667
2025-09-20 05:00:00,86.74,1568.4248738999197,366.6666666666667,366.6666666666667
2025-09-20 06:00:00,90.99,1568.2947374202563,366.6666666666667,366.6666666666667
2025-09-20 07:00:00,90.3,1569.2457347716424,366.6666666666667,366.6666666666667
2025-09-20 08:00:00,89.91,1568.925398821702,366.6666666666667,366.6666666666667
2025-09-20 09:00:00,89.9,1566.0924277644144,366.6666666666667,366.6666666666667
2025-09-20 10:00:00,87.31,1561.187283530949,366.6666666666667,366.6666666666667
2025-09-20 11:00:00,63.07,1556.812695714572,366.6666666666667,366.6666666666667
2025-09-20 12:00:00,5.36,1552.4080764028884,366.6666666666667,366.6666666666667
2025-09-20 13:00:00,-0.4,1547.1725857210463,366.6666666666667,366.6666666666667
2025-09-20 14:00:00,1.5,1540.896003201897,366.6666666666667,366.6666666666667
2025-09-20 15:00:00,66.67,1538.0330006493027,366.6666666666667,366.6666666666667
2025-09-20 16:00:00,84.07,1534.2590427390649,366.6666666666667,366.6666666666667
2025-09-20 17:00:00,92.0,1533.207940403322,366.6666666666667,366.6666666666667
2025-09-20 18:00:00,114.0,1536.0108799653026,366.6666666666667,366.6666666666667
2025-09-20 19:00:00,114.79,1539.6947433896196,366.6666666666667,366.6666666666667
2025-09-20 20:00:00,109.03,1544.5998876230856,366.6666666666667,366.6666666666667
2025-09-20 21:00:00,92.0,1547.8432891162345,366.6666666666667,366.6666666666667
2025-09-20 22:00:00,91.01,1549.6251578377792,366.6666666666667,366.6666666666667
2025-09-20 23:00:00,89.91,1551.8074464967497,366.6666666666667,366.6666666666667
2025-09-21 00:00:00,91.94,1551.827467493621,366.6666666666667,366.6666666666667
2025-09-21 01:00:00,91.84,1553.228937274611,366.6666666666667,366.6666666666667
2025-09-21 02:00:00,93.09,1554.029777149463,366.6666666666667,366.6666666666667
2025-09-21 03:00:00,91.6,1554.9307220086707,366.6666666666667,366.6666666666667
2025-09-21 04:00:00,91.41,1556.3822442818391,366.6666666666667,366.6666666666667
2025-09-21 05:00:00,91.4,1555.481299422631,366.6666666666667,366.6666666666667
2025-09-21 06:00:00,90.21,1556.752632723958,366.6666666666667,366.6666666666667
2025-09-21 07:00:00,90.2,1556.5824542505522,366.6666666666667,366.6666666666667
2025-09-21 08:00:00,91.15,1554.950743005542,366.6666666666667,366.6666666666667
2025-09-21 09:00:00,91.4,1553.6794097042152,366.6666666666667,366.6666666666667
2025-09-21 10:00:00,85.87,1551.126732603126,366.6666666666667,366.6666666666667
2025-09-21 11:00:00,75.4,1550.3258927282743,366.6666666666667,366.6666666666667
2025-09-21 12:00:00,-0.36,1551.146753599997,366.6666666666667,366.6666666666667
2025-09-21 13:00:00,-2.0,1550.7062916688287,366.6666666666667,366.6666666666667
2025-09-21 14:00:00,-0.64,1550.506081700116,366.6666666666667,366.6666666666667
2025-09-21 15:00:00,68.99,1550.0055567783338,366.6666666666667,366.6666666666667
2025-09-21 16:00:00,86.71,1551.7273625092644,366.6666666666667,366.6666666666667
2025-09-21 17:00:00,93.09,1553.3090212620964,366.6666666666667,366.6666666666667
2025-09-21 18:00:00,108.2,1554.0097561525915,366.6666666666667,366.6666666666667
2025-09-21 19:00:00,121.57,1555.981824344413,366.6666666666667,366.6666666666667
2025-09-21 20:00:00,110.01,1559.6356562734238,366.6666666666667,366.6666666666667
2025-09-21 21:00:00,95.0,1560.5165801357605,366.6666666666667,366.6666666666667
2025-09-21 22:00:00,93.67,1561.317420010612,366.6666666666667,366.6666666666667
2025-09-21 23:00:00,91.4,1560.8569370825724,366.6666666666667,366.6666666666667
2025-09-22 00:00:00,79.96,1560.8569370825724,366.6666666666667,366.6666666666667
2025-09-22 01:00:00,80.1,1560.4865486404533,366.6666666666667,366.6666666666667
2025-09-22 02:00:00,80.1,1560.416475151404,366.6666666666667,366.6666666666667
2025-09-22 03:00:00,79.99,1564.9412204443154,366.6666666666667,366.6666666666667
2025-09-22 04:00:00,79.99,1571.6682753930684,366.6666666666667,366.6666666666667
2025-09-22 05:00:00,86.32,1573.4701651114844,366.6666666666667,366.6666666666667
2025-09-22 06:00:00,109.93,1572.7293882272468,366.6666666666667,366.6666666666667
2025-09-22 07:00:00,125.06,1572.9696401897022,366.6666666666667,366.6666666666667
2025-09-22 08:00:00,121.0,1572.328968289821,366.6666666666667,366.6666666666667
2025-09-22 09:00:00,112.84,1571.197781966593,366.6666666666667,366.6666666666667
2025-09-22 10:00:00,100.56,1572.749409224118,366.6666666666667,366.6666666666667
2025-09-22 11:00:00,93.71,1570.7973620291675,366.6666666666667,366.6666666666667
2025-09-22 12:00:00,94.54,1570.667225549504,366.6666666666667,366.6666666666667
2025-09-22 13:00:00,94.41,1570.0966271386724,366.6666666666667,366.6666666666667
2025-09-22 14:00:00,93.2,1570.0966271386724,366.6666666666667,366.6666666666667
2025-09-22 15:00:00,83.72,1570.4469945839198,366.6666666666667,366.6666666666667
2025-09-22 16:00:00,93.18,1570.6972570448108,366.6666666666667,366.6666666666667
2025-09-22 17:00:00,113.91,1571.397991935306,366.6666666666667,366.6666666666667
2025-09-22 18:00:00,133.91,1572.3489892866924,366.6666666666667,366.6666666666667
2025-09-22 19:00:00,155.41,1572.3690102835635,366.6666666666667,366.6666666666667
2025-09-22 20:00:00,134.0,1572.028653336752,366.6666666666667,366.6666666666667
2025-09-22 21:00:00,106.9,1572.5491992554053,366.6666666666667,366.6666666666667
2025-09-22 22:00:00,98.79,1573.5702700958411,366.6666666666667,366.6666666666667
2025-09-22 23:00:00,89.96,1574.4311729613064,366.6666666666667,366.6666666666667
2025-09-23 00:00:00,90.2,1574.2009314972863,366.6666666666667,366.6666666666667
2025-09-23 01:00:00,90.0,1576.1729996891086,366.6666666666667,366.6666666666667
2025-09-23 02:00:00,89.0,1576.7035561061975,366.6666666666667,366.6666666666667
2025-09-23 03:00:00,89.53,1577.1340075389303,366.6666666666667,366.6666666666667
2025-09-23 04:00:00,90.75,1578.0549733950097,366.6666666666667,366.6666666666667
2025-09-23 05:00:00,95.39,1576.7335876015045,366.6666666666667,366.6666666666667
2025-09-23 06:00:00,118.09,1577.1039760436236,366.6666666666667,366.6666666666667
2025-09-23 07:00:00,127.0,1576.903766074911,366.6666666666667,366.6666666666667
2025-09-23 08:00:00,131.0,1578.435372335564,366.6666666666667,366.6666666666667
2025-09-23 09:00:00,118.1,1576.2731046734648,366.6666666666667,366.6666666666667
2025-09-23 10:00:00,98.1,1576.35318866095,366.6666666666667,366.6666666666667
2025-09-23 11:00:00,92.0,1575.3321178205144,366.6666666666667,366.6666666666667
2025-09-23 12:00:00,90.46,1576.5033461374846,366.6666666666667,366.6666666666667
2025-09-23 13:00:00,90.07,1575.2320128361578,366.6666666666667,366.6666666666667
2025-09-23 14:00:00,91.25,1575.402191309564,366.6666666666667,366.6666666666667
2025-09-23 15:00:00,93.0,1575.6724747673263,366.6666666666667,366.6666666666667
2025-09-23 16:00:00,98.99,1576.5333776327918,366.6666666666667,366.6666666666667
2025-09-23 17:00:00,115.01,1577.1340075389303,366.6666666666667,366.6666666666667
2025-09-23 18:00:00,138.73,1576.7035561061975,366.6666666666667,366.6666666666667
2025-09-23 19:00:00,149.07,1578.575519313663,366.6666666666667,366.6666666666667
2025-09-23 20:00:00,126.79,1578.6756242980196,366.6666666666667,366.6666666666667
2025-09-23 21:00:00,104.0,1579.456443176,366.6666666666667,366.6666666666667
2025-09-23 22:00:00,92.78,1579.9769890946534,366.6666666666667,366.6666666666667
2025-09-23 23:00:00,85.58,1580.5776190007923,366.6666666666667,366.6666666666667
2025-09-24 00:00:00,87.05,1580.5375770070498,366.6666666666667,366.6666666666667
2025-09-24 01:00:00,85.53,1581.2082804022375,366.6666666666667,366.6666666666667
2025-09-24 02:00:00,85.21,1579.6366321478415,366.6666666666667,366.6666666666667
2025-09-24 03:00:00,85.09,1580.3373670383369,366.6666666666667,366.6666666666667
2025-09-24 04:00:00,85.0,1579.5765691572278,366.6666666666667,366.6666666666667
2025-09-24 05:00:00,88.58,1579.656653144713,366.6666666666667,366.6666666666667
2025-09-24 06:00:00,110.1,1578.6556033011484,366.6666666666667,366.6666666666667
2025-09-24 07:00:00,130.0,1576.6334826171485,366.6666666666667,366.6666666666667
2025-09-24 08:00:00,122.11,1576.7035561061975,366.6666666666667,366.6666666666667
2025-09-24 09:00:00,106.98,1576.7035561061975,366.6666666666667,366.6666666666667
2025-09-24 10:00:00,99.04,1578.074994391881,366.6666666666667,366.6666666666667
2025-09-24 11:00:00,94.88,1576.0328527110096,366.6666666666667,366.6666666666667
2025-09-24 12:00:00,93.49,1579.5365271634853,366.6666666666667,366.6666666666667
2025-09-24 13:00:00,93.5,1577.404290996693,366.6666666666667,366.6666666666667
2025-09-24 14:00:00,98.77,1577.3542385045146,366.6666666666667,366.6666666666667
2025-09-24 15:00:00,95.77,1577.8747844231682,366.6666666666667,366.6666666666667
2025-09-24 16:00:00,101.09,1577.2341125232867,366.6666666666667,366.6666666666667
2025-09-24 17:00:00,106.91,1578.555498316792,366.6666666666667,366.6666666666667
2025-09-24 18:00:00,111.0,1578.875834266733,366.6666666666667,366.6666666666667
2025-09-24 19:00:00,116.85,1579.4063906838217,366.6666666666667,366.6666666666667
2025-09-24 20:00:00,106.53,1580.2072305586732,366.6666666666667,366.6666666666667
2025-09-24 21:00:00,99.01,1580.2372620539802,366.6666666666667,366.6666666666667
2025-09-24 22:00:00,93.49,1580.437472022693,366.6666666666667,366.6666666666667
2025-09-24 23:00:00,86.3,1581.0381019288318,366.6666666666667,366.6666666666667
2025-09-25 00:00:00,86.01,1580.9580179413465,366.6666666666667,366.6666666666667
2025-09-25 01:00:00,85.1,1581.0581229257032,366.6666666666667,366.6666666666667
2025-09-25 02:00:00,84.6,1580.7377869757624,366.6666666666667,366.6666666666667
2025-09-25 03:00:00,83.94,1580.1071255743168,366.6666666666667,366.6666666666667
2025-09-25 04:00:00,83.24,1579.6366321478415,366.6666666666667,366.6666666666667
2025-09-25 05:00:00,84.96,1578.7557082855049,366.6666666666667,366.6666666666667
2025-09-25 06:00:00,108.1,1578.5054458246136,366.6666666666667,366.6666666666667
2025-09-25 07:00:00,111.96,1578.305235855901,366.6666666666667,366.6666666666667
2025-09-25 08:00:00,114.42,1577.734637445069,366.6666666666667,366.6666666666667
2025-09-25 09:00:00,114.79,1577.6045009654058,366.6666666666667,366.6666666666667
2025-09-25 10:00:00,111.35,1577.454343488871,366.6666666666667,366.6666666666667
2025-09-25 11:00:00,108.0,1577.2040810279798,366.6666666666667,366.6666666666667
2025-09-25 12:00:00,101.71,1576.5033461374846,366.6666666666667,366.6666666666667
2025-09-25 13:00:00,98.9,1575.1319078518015,366.6666666666667,366.6666666666667
2025-09-25 14:00:00,98.72,1574.6514039268905,366.6666666666667,366.6666666666667
2025-09-25 15:00:00,100.53,1574.9016663877817,366.6666666666667,366.6666666666667
2025-09-25 16:00:00,106.93,1574.9517188799598,366.6666666666667,366.6666666666667
2025-09-25 17:00:00,110.1,1575.171949845544,366.6666666666667,366.6666666666667
2025-09-25 18:00:00,114.74,1576.0328527110096,366.6666666666667,366.6666666666667
2025-09-25 19:00:00,122.77,1576.6735246108908,366.6666666666667,366.6666666666667
2025-09-25 20:00:00,116.99,1577.174049532673,366.6666666666667,366.6666666666667
2025-09-25 21:00:00,106.7,1577.9548684106533,366.6666666666667,366.6666666666667
2025-09-25 22:00:00,102.11,1578.5054458246136,366.6666666666667,366.6666666666667
2025-09-25 23:00:00,99.05,1578.7056557933263,366.6666666666667,366.6666666666667
2025-09-26 00:00:00,102.99,1579.5765691572278,366.6666666666667,366.6666666666667
2025-09-26 01:00:00,100.88,1580.5075455117426,366.6666666666667,366.6666666666667
2025-09-26 02:00:00,100.52,1582.1792987504953,366.6666666666667,366.6666666666667
2025-09-26 03:00:00,100.26,1582.3394667254656,366.6666666666667,366.6666666666667
2025-09-26 04:00:00,100.0,1581.8589628005548,366.6666666666667,366.6666666666667
2025-09-26 05:00:00,101.18,1580.607650496099,366.6666666666667,366.6666666666667
2025-09-26 06:00:00,114.3,1580.357388035208,366.6666666666667,366.6666666666667
2025-09-26 07:00:00,129.57,1579.3363171947724,366.6666666666667,366.6666666666667
2025-09-26 08:00:00,136.22,1579.706705636891,366.6666666666667,366.6666666666667
2025-09-26 09:00:00,111.08,1578.575519313663,366.6666666666667,366.6666666666667
2025-09-26 10:00:00,110.41,1578.83579227299,366.6666666666667,366.6666666666667
2025-09-26 11:00:00,109.01,1579.2762542041582,366.6666666666667,366.6666666666667
2025-09-26 12:00:00,106.0,1578.355288348079,366.6666666666667,366.6666666666667
2025-09-26 13:00:00,105.82,1578.7056557933263,366.6666666666667,366.6666666666667
2025-09-26 14:00:00,105.38,1578.5354773199208,366.6666666666667,366.6666666666667
2025-09-26 15:00:00,103.0,1578.2551833637226,366.6666666666667,366.6666666666667
2025-09-26 16:00:00,105.0,1577.174049532673,366.6666666666667,366.6666666666667
2025-09-26 17:00:00,109.09,1577.9748894075244,366.6666666666667,366.6666666666667
2025-09-26 18:00:00,124.81,1579.0760442354456,366.6666666666667,366.6666666666667
2025-09-26 19:00:00,139.11,1579.3363171947724,366.6666666666667,366.6666666666667
2025-09-26 20:00:00,121.02,1578.6055508089703,366.6666666666667,366.6666666666667
2025-09-26 21:00:00,108.02,1579.1561282229306,366.6666666666667,366.6666666666667
2025-09-26 22:00:00,104.35,1580.1071255743168,366.6666666666667,366.6666666666667
2025-09-26 23:00:00,100.91,1580.4775140164356,366.6666666666667,366.6666666666667
2025-09-27 00:00:00,99.33,1580.2372620539802,366.6666666666667,366.6666666666667
2025-09-27 01:00:00,97.29,1579.906915605604,366.6666666666667,366.6666666666667
2025-09-27 02:00:00,97.0,1579.876884110297,366.6666666666667,366.6666666666667
2025-09-27 03:00:00,96.92,1580.7578079726336,366.6666666666667,366.6666666666667
2025-09-27 04:00:00,95.0,1580.978038938218,366.6666666666667,366.6666666666667
2025-09-27 05:00:00,94.92,1581.0080704335248,366.6666666666667,366.6666666666667
2025-09-27 06:00:00,97.02,1580.437472022693,366.6666666666667,366.6666666666667
2025-09-27 07:00:00,106.06,1579.1561282229306,366.6666666666667,366.6666666666667
2025-09-27 08:00:00,105.43,1580.2372620539802,366.6666666666667,366.6666666666667
2025-09-27 09:00:00,98.04,1579.1361072260593,366.6666666666667,366.6666666666667
2025-09-27 10:00:00,90.32,1580.3373670383369,366.6666666666667,366.6666666666667
2025-09-27 11:00:00,82.0,1579.6066006525348,366.6666666666667,366.6666666666667
2025-09-27 12:00:00,75.6,1580.357388035208,366.6666666666667,366.6666666666667
2025-09-27 13:00:00,66.95,1580.557598003921,366.6666666666667,366.6666666666667
2025-09-27 14:00:00,69.84,1579.2562332072869,366.6666666666667,366.6666666666667
2025-09-27 15:00:00,77.0,1579.8568631134258,366.6666666666667,366.6666666666667
2025-09-27 16:00:00,92.0,1579.736737132198,366.6666666666667,366.6666666666667
2025-09-27 17:00:00,108.0,1579.376359188515,366.6666666666667,366.6666666666667
2025-09-27 18:00:00,121.4,1578.9358972573464,366.6666666666667,366.6666666666667
2025-09-27 19:00:00,125.95,1578.555498316792,366.6666666666667,366.6666666666667
2025-09-27 20:00:00,121.39,1578.4053408402572,366.6666666666667,366.6666666666667
2025-09-27 21:00:00,110.1,1579.1761492198018,366.6666666666667,366.6666666666667
2025-09-27 22:00:00,108.0,1579.3563381916435,366.6666666666667,366.6666666666667
2025-09-27 23:00:00,103.66,1580.837891960119,366.6666666666667,366.6666666666667
2025-09-28 00:00:00,99.82,1581.1582279100596,366.6666666666667,366.6666666666667
2025-09-28 01:00:00,97.06,1581.4084903709506,366.6666666666667,366.6666666666667
2025-09-28 02:00:00,95.62,1582.9400966316043,366.6666666666667,366.6666666666667
2025-09-28 03:00:00,97.09,1582.009120277089,366.6666666666667,366.6666666666667
2025-09-28 04:00:00,98.71,1582.439571709822,366.6666666666667,366.6666666666667
2025-09-28 05:00:00,99.41,1580.978038938218,366.6666666666667,366.6666666666667
2025-09-28 06:00:00,101.65,1580.637681991406,366.6666666666667,366.6666666666667
2025-09-28 07:00:00,104.16,1580.0370520852675,366.6666666666667,366.6666666666667
2025-09-28 08:00:00,102.0,1579.2562332072869,366.6666666666667,366.6666666666667
2025-09-28 09:00:00,89.03,1577.8747844231682,366.6666666666667,366.6666666666667
2025-09-28 10:00:00,80.8,1576.7035561061975,366.6666666666667,366.6666666666667
2025-09-28 11:00:00,29.77,1573.3300181333857,366.6666666666667,366.6666666666667
2025-09-28 12:00:00,6.91,1573.2499341459002,366.6666666666667,366.6666666666667
2025-09-28 13:00:00,1.83,1572.9696401897022,366.6666666666667,366.6666666666667
2025-09-28 14:00:00,4.0,1572.749409224118,366.6666666666667,366.6666666666667
2025-09-28 15:00:00,46.5,1570.6271835557616,366.6666666666667,366.6666666666667
2025-09-28 16:00:00,84.04,1570.3268686026922,366.6666666666667,366.6666666666667
2025-09-28 17:00:00,106.9,1570.5270785714051,366.6666666666667,366.6666666666667
2025-09-28 18:00:00,120.0,1569.4959972325337,366.6666666666667,366.6666666666667
2025-09-28 19:00:00,125.0,1571.0476244900583,366.6666666666667,366.6666666666667
2025-09-28 20:00:00,120.51,1574.471214955049,366.6666666666667,366.6666666666667
2025-09-28 21:00:00,113.64,1576.333167664079,366.6666666666667,366.6666666666667
2025-09-28 22:00:00,105.0,1578.475414329307,366.6666666666667,366.6666666666667
2025-09-28 23:00:00,98.86,1579.4764641728711,366.6666666666667,366.6666666666667
2025-09-29 00:00:00,93.88,1579.8368421165544,366.6666666666667,366.6666666666667
2025-09-29 01:00:00,92.01,1580.2572830508514,366.6666666666667,366.6666666666667
2025-09-29 02:00:00,91.64,1580.3774090320792,366.6666666666667,366.6666666666667
2025-09-29 03:00:00,90.07,1581.1081754178813,366.6666666666667,366.6666666666667
2025-09-29 04:00:00,94.58,1581.4084903709506,366.6666666666667,366.6666666666667
2025-09-29 05:00:00,101.5,1581.4385218662576,366.6666666666667,366.6666666666667
2025-09-29 06:00:00,123.3,1580.5075455117426,366.6666666666667,366.6666666666667
2025-09-29 07:00:00,140.0,1580.057073082139,366.6666666666667,366.6666666666667
2025-09-29 08:00:00,145.0,1581.3584378787723,366.6666666666667,366.6666666666667
2025-09-29 09:00:00,122.14,1581.8089103083764,366.6666666666667,366.6666666666667
2025-09-29 10:00:00,99.18,1579.4063906838217,366.6666666666667,366.6666666666667
2025-09-29 11:00:00,87.04,1576.2530836765936,366.6666666666667,366.6666666666667
2025-09-29 12:00:00,80.29,1573.2999866380787,366.6666666666667,366.6666666666667
2025-09-29 13:00:00,83.05,1572.529178258534,366.6666666666667,366.6666666666667
2025-09-29 14:00:00,88.8,1571.798411872732,366.6666666666667,366.6666666666667
2025-09-29 15:00:00,91.6,1571.798411872732,366.6666666666667,366.6666666666667
2025-09-29 16:00:00,107.01,1570.947519505702,366.6666666666667,366.6666666666667
2025-09-29 17:00:00,125.3,1569.7262386965533,366.6666666666667,366.6666666666667
2025-09-29 18:00:00,142.72,1569.9965221543157,366.6666666666667,366.6666666666667
2025-09-29 19:00:00,150.0,1571.0476244900583,366.6666666666667,366.6666666666667
2025-09-29 20:00:00,139.52,1573.1298081646726,366.6666666666667,366.6666666666667
2025-09-29 21:00:00,123.41,1574.6714249237618,366.6666666666667,366.6666666666667
2025-09-29 22:00:00,113.6,1576.2330626797225,366.6666666666667,366.6666666666667
2025-09-29 23:00:00,104.0,1576.6535036140194,366.6666666666667,366.6666666666667
2025-09-30 00:00:00,100.92,1577.2341125232867,366.6666666666667,366.6666666666667
2025-09-30 01:00:00,100.0,1577.5744694700988,366.6666666666667,366.6666666666667
2025-09-30 02:00:00,98.0,1578.9559182542175,366.6666666666667,366.6666666666667
2025-09-30 03:00:00,97.07,1580.2773040477227,366.6666666666667,366.6666666666667
2025-09-30 04:00:00,98.6,1580.6777239851483,366.6666666666667,366.6666666666667
2025-09-30 05:00:00,106.06,1580.7077554804555,366.6666666666667,366.6666666666667
2025-09-30 06:00:00,126.49,1578.9058657620394,366.6666666666667,366.6666666666667
2025-09-30 07:00:00,153.0,1578.8057607776832,366.6666666666667,366.6666666666667
2025-09-30 08:00:00,161.0,1579.4063906838217,366.6666666666667,366.6666666666667
2025-09-30 09:00:00,125.19,1579.506495668178,366.6666666666667,366.6666666666667
2025-09-30 10:00:00,114.81,1577.6045009654058,366.6666666666667,366.6666666666667
2025-09-30 11:00:00,102.11,1577.1039760436236,366.6666666666667,366.6666666666667
2025-09-30 12:00:00,93.0,1575.432222804871,366.6666666666667,366.6666666666667
2025-09-30 13:00:00,90.63,1574.4311729613064,366.6666666666667,366.6666666666667
2025-09-30 14:00:00,93.0,1573.430123117742,366.6666666666667,366.6666666666667
2025-09-30 15:00:00,100.17,1573.0997766693656,366.6666666666667,366.6666666666667
2025-09-30 16:00:00,112.0,1572.7293882272468,366.6666666666667,366.6666666666667
2025-09-30 17:00:00,129.99,1574.6714249237618,366.6666666666667,366.6666666666667
2025-09-30 18:00:00,135.29,1575.201981340851,366.6666666666667,366.6666666666667
2025-09-30 19:00:00,150.0,1575.1319078518015,366.6666666666667,366.6666666666667
2025-09-30 20:00:00,139.0,1576.3732096578217,366.6666666666667,366.6666666666667
2025-09-30 21:00:00,119.58,1576.4032411531284,366.6666666666667,366.6666666666667
2025-09-30 22:00:00,109.03,1577.934847413782,366.6666666666667,366.6666666666667
2025-09-30 23:00:00,101.36,1579.1361072260593,366.6666666666667,366.6666666666667
2025-10-01 00:00:00,101.0,1579.5765691572278,404.1666666666666,404.1666666666666
2025-10-01 01:00:00,98.46,1581.70880532402,404.1666666666666,404.1666666666666
2025-10-01 02:00:00,98.0,1582.1092252614458,404.1666666666666,404.1666666666666
2025-10-01 03:00:00,97.56,1584.1613774407529,404.1666666666666,404.1666666666666
2025-10-01 04:00:00,98.57,1583.6408315220997,404.1666666666666,404.1666666666666
2025-10-01 05:00:00,106.0,1583.9811884689111,404.1666666666666,404.1666666666666
2025-10-01 06:00:00,125.53,1583.34051656903,404.1666666666666,404.1666666666666
2025-10-01 07:00:00,140.6,1583.0802436097033,404.1666666666666,404.1666666666666
2025-10-01 08:00:00,144.0,1583.1403066003172,404.1666666666666,404.1666666666666
2025-10-01 09:00:00,120.31,1583.4105900580796,404.1666666666666,404.1666666666666
2025-10-01 10:00:00,104.53,1581.3083853865942,404.1666666666666,404.1666666666666
2025-10-01 11:00:00,101.0,1580.437472022693,404.1666666666666,404.1666666666666
2025-10-01 12:00:00,94.8,1579.0560232385742,404.1666666666666,404.1666666666666
2025-10-01 13:00:00,91.82,1577.254133520158,404.1666666666666,404.1666666666666
2025-10-01 14:00:00,95.0,1576.97383956396,404.1666666666666,404.1666666666666
2025-10-01 15:00:00,98.0,1576.473314642178,404.1666666666666,404.1666666666666
2025-10-01 16:00:00,105.93,1576.9538185670888,404.1666666666666,404.1666666666666
2025-10-01 17:00:00,122.1,1576.4532936453063,404.1666666666666,404.1666666666666
2025-10-01 18:00:00,125.1,1577.4343224919996,404.1666666666666,404.1666666666666
2025-10-01 19:00:00,136.67,1578.335267351208,404.1666666666666,404.1666666666666
2025-10-01 20:00:00,126.03,1580.8579129569905,404.1666666666666,404.1666666666666
2025-10-01 21:00:00,120.99,1583.2103800893667,404.1666666666666,404.1666666666666
2025-10-01 22:00:00,107.75,1584.7620073468916,404.1666666666666,404.1666666666666
2025-10-01 23:00:00,100.66,1584.58181837505,404.1666666666666,404.1666666666666
2025-10-02 00:00:00,93.03,1585.5628472217431,404.1666666666666,404.1666666666666
2025-10-02 01:00:00,89.2,1586.183498124753,404.1666666666666,404.1666666666666
2025-10-02 02:00:00,88.13,1586.7841280308917,404.1666666666666,404.1666666666666
2025-10-02 03:00:00,88.34,1587.2145794636244,404.1666666666666,404.1666666666666
2025-10-02 04:00:00,89.82,1587.7651568775848,404.1666666666666,404.1666666666666
2025-10-02 05:00:00,96.52,1587.4448209276443,404.1666666666666,404.1666666666666
2025-10-02 06:00:00,123.31,1585.843141177941,404.1666666666666,404.1666666666666
2025-10-02 07:00:00,144.0,1585.8631621748125,404.1666666666666,404.1666666666666
2025-10-02 08:00:00,136.0,1587.8852828588126,404.1666666666666,404.1666666666666
2025-10-02 09:00:00,106.5,1586.0433511466542,404.1666666666666,404.1666666666666
2025-10-02 10:00:00,88.1,1582.309435230159,404.1666666666666,404.1666666666666
2025-10-02 11:00:00,83.23,1582.7599076597626,404.1666666666666,404.1666666666666
2025-10-02 12:00:00,77.45,1580.837891960119,404.1666666666666,404.1666666666666
2025-10-02 13:00:00,73.43,1574.0307530238806,404.1666666666666,404.1666666666666
2025-10-02 14:00:00,74.99,1575.6024012782768,404.1666666666666,404.1666666666666
2025-10-02 15:00:00,82.33,1577.3542385045146,404.1666666666666,404.1666666666666
2025-10-02 16:00:00,96.58,1576.773629595247,404.1666666666666,404.1666666666666
2025-10-02 17:00:00,113.0,1576.5333776327918,404.1666666666666,404.1666666666666
2025-10-02 18:00:00,134.12,1575.9527687235243,404.1666666666666,404.1666666666666
2025-10-02 19:00:00,140.0,1577.7746794388115,404.1666666666666,404.1666666666666
2025-10-02 20:00:00,121.3,1579.456443176,404.1666666666666,404.1666666666666
2025-10-02 21:00:00,103.59,1580.777828969505,404.1666666666666,404.1666666666666
2025-10-02 22:00:00,101.3,1582.579718687921,404.1666666666666,404.1666666666666
2025-10-02 23:00:00,96.92,1584.4616923938222,404.1666666666666,404.1666666666666
2025-10-03 00:00:00,99.3,1584.3816084063371,404.1666666666666,404.1666666666666
2025-10-03 01:00:00,93.77,1584.8420913343768,404.1666666666666,404.1666666666666
2025-10-03 02:00:00,88.0,1587.06442198709,404.1666666666666,404.1666666666666
2025-10-03 03:00:00,87.3,1587.2446109589314,404.1666666666666,404.1666666666666
2025-10-03 04:00:00,86.9,1588.4859127649513,404.1666666666666,404.1666666666666
2025-10-03 05:00:00,95.5,1588.4158392759018,404.1666666666666,404.1666666666666
2025-10-03 06:00:00,110.1,1587.985387843169,404.1666666666666,404.1666666666666
2025-10-03 07:00:00,117.38,1588.3157342915456,404.1666666666666,404.1666666666666
2025-10-03 08:00:00,114.0,1589.2166791507534,404.1666666666666,404.1666666666666
2025-10-03 09:00:00,106.68,1588.015419338476,404.1666666666666,404.1666666666666
2025-10-03 10:00:00,100.0,1587.2446109589314,404.1666666666666,404.1666666666666
2025-10-03 11:00:00,89.14,1586.243561115367,404.1666666666666,404.1666666666666
2025-10-03 12:00:00,82.9,1584.3615874094658,404.1666666666666,404.1666666666666
2025-10-03 13:00:00,80.95,1583.0802436097033,404.1666666666666,404.1666666666666
2025-10-03 14:00:00,82.06,1582.609750183228,404.1666666666666,404.1666666666666
2025-10-03 15:00:00,85.93,1582.5396766941783,404.1666666666666,404.1666666666666
2025-10-03 16:00:00,93.41,1581.8089103083764,404.1666666666666,404.1666666666666
2025-10-03 17:00:00,110.63,1580.1371570696238,404.1666666666666,404.1666666666666
2025-10-03 18:00:00,111.6,1579.9569680977822,404.1666666666666,404.1666666666666
2025-10-03 19:00:00,111.6,1579.4364221791286,404.1666666666666,404.1666666666666
2025-10-03 20:00:00,108.48,1581.0381019288318,404.1666666666666,404.1666666666666
2025-10-03 21:00:00,104.78,1581.2082804022375,404.1666666666666,404.1666666666666
2025-10-03 22:00:00,101.03,1582.9601176284757,404.1666666666666,404.1666666666666
2025-10-03 23:00:00,100.08,1583.710905011149,404.1666666666666,404.1666666666666
2025-10-04 00:00:00,97.05,1583.9811884689111,404.1666666666666,404.1666666666666
2025-10-04 01:00:00,95.06,1584.5617973781789,404.1666666666666,404.1666666666666
2025-10-04 02:00:00,94.05,1583.96116747204,404.1666666666666,404.1666666666666
2025-10-04 03:00:00,91.96,1583.760957503327,404.1666666666666,404.1666666666666
2025-10-04 04:00:00,92.39,1583.2604325815448,404.1666666666666,404.1666666666666
2025-10-04 05:00:00,95.74,1582.309435230159,404.1666666666666,404.1666666666666
2025-10-04 06:00:00,102.08,1580.0070205899603,404.1666666666666,404.1666666666666
2025-10-04 07:00:00,104.0,1580.357388035208,404.1666666666666,404.1666666666666
2025-10-04 08:00:00,100.27,1579.876884110297,404.1666666666666,404.1666666666666
2025-10-04 09:00:00,99.2,1579.1361072260593,404.1666666666666,404.1666666666666
2025-10-04 10:00:00,88.65,1578.6756242980196,404.1666666666666,404.1666666666666
2025-10-04 11:00:00,80.8,1580.0370520852675,404.1666666666666,404.1666666666666
2025-10-04 12:00:00,67.0,1577.2741545170293,404.1666666666666,404.1666666666666
2025-10-04 13:00:00,60.09,1568.494947388969,404.1666666666666,404.1666666666666
2025-10-04 14:00:00,63.72,1564.0903280772857,404.1666666666666,404.1666666666666
2025-10-04 15:00:00,83.11,1571.4480444274843,404.1666666666666,404.1666666666666
2025-10-04 16:00:00,93.27,1610.2086943703,404.1666666666666,404.1666666666666
2025-10-04 17:00:00,102.01,1634.6142895564017,404.1666666666666,404.1666666666666
2025-10-04 18:00:00,102.06,1674.3759893427816,404.1666666666666,404.1666666666666
2025-10-04 19:00:00,102.81,1736.671321107798,404.1666666666666,404.1666666666666
2025-10-04 20:00:00,97.09,1776.0626324520592,404.1666666666666,404.1666666666666
2025-10-04 21:00:00,96.46,1834.1035023819263,404.1666666666666,404.1666666666666
2025-10-04 22:00:00,99.6,1874.9863779930988,404.1666666666666,404.1666666666666
2025-10-04 23:00:00,88.75,1895.8382462345464,404.1666666666666,404.1666666666666
2025-10-05 00:00:00,83.05,1897.0094745515169,404.1666666666666,404.1666666666666
2025-10-05 01:00:00,83.81,1900.8434954523689,404.1666666666666,404.1666666666666
2025-10-05 02:00:00,83.09,1903.8166134877551,404.1666666666666,404.1666666666666
2025-10-05 03:00:00,80.8,1904.1169284408245,404.1666666666666,404.1666666666666
2025-10-05 04:00:00,81.86,1904.5173483782503,404.1666666666666,404.1666666666666
2025-10-05 05:00:00,82.25,1903.11587859726,404.1666666666666,404.1666666666666
2025-10-05 06:00:00,84.24,1902.5753116817352,404.1666666666666,404.1666666666666
2025-10-05 07:00:00,91.79,1902.3751017130223,404.1666666666666,404.1666666666666
2025-10-05 08:00:00,90.31,1902.695437662963,404.1666666666666,404.1666666666666
2025-10-05 09:00:00,77.1,1903.4462250456363,404.1666666666666,404.1666666666666
2025-10-05 10:00:00,62.16,1902.1448602490027,404.1666666666666,404.1666666666666
2025-10-05 11:00:00,43.69,1902.1448602490027,404.1666666666666,404.1666666666666
2025-10-05 12:00:00,19.99,1901.4140938632008,404.1666666666666,404.1666666666666
2025-10-05 13:00:00,5.0,1902.8455951394976,404.1666666666666,404.1666666666666
2025-10-05 14:00:00,7.0,1902.5953326786064,404.1666666666666,404.1666666666666
2025-10-05 15:00:00,35.74,1902.214933738052,404.1666666666666,404.1666666666666
2025-10-05 16:00:00,71.63,1901.09375791326,404.1666666666666,404.1666666666666
2025-10-05 17:00:00,86.78,1900.9936529289037,404.1666666666666,404.1666666666666
2025-10-05 18:00:00,101.61,1900.47310701025,404.1666666666666,404.1666666666666
2025-10-05 19:00:00,103.3,1901.744440311577,404.1666666666666,404.1666666666666
2025-10-05 20:00:00,100.9,1902.645385170785,404.1666666666666,404.1666666666666
2025-10-05 21:00:00,100.92,1901.994702772468,404.1666666666666,404.1666666666666
2025-10-05 22:00:00,95.56,1904.1970124283096,404.1666666666666,404.1666666666666
2025-10-05 23:00:00,90.69,1903.846644983062,404.1666666666666,404.1666666666666
2025-10-06 00:00:00,80.0,1903.846644983062,404.1666666666666,404.1666666666666
2025-10-06 01:00:00,81.9,1903.996802459597,404.1666666666666,404.1666666666666
2025-10-06 02:00:00,78.1,1904.8777263219336,404.1666666666666,404.1666666666666
2025-10-06 03:00:00,81.08,1905.0479047953395,404.1666666666666,404.1666666666666
2025-10-06 04:00:00,83.76,1904.2770964157949,404.1666666666666,404.1666666666666
2025-10-06 05:00:00,87.2,1902.2449652333592,404.1666666666666,404.1666666666666
2025-10-06 06:00:00,106.0,1901.313988878844,404.1666666666666,404.1666666666666
2025-10-06 07:00:00,114.4,1901.374051869458,404.1666666666666,404.1666666666666
2025-10-06 08:00:00,115.1,1900.393023022765,404.1666666666666,404.1666666666666
2025-10-06 09:00:00,106.59,1900.0426555775173,404.1666666666666,404.1666666666666
2025-10-06 10:00:00,97.0,1900.5732119946065,404.1666666666666,404.1666666666666
2025-10-06 11:00:00,88.0,1900.7133589727052,404.1666666666666,404.1666666666666
2025-10-06 12:00:00,79.2,1899.972582088468,404.1666666666666,404.1666666666666
2025-10-06 13:00:00,79.0,1898.9114692542892,404.1666666666666,404.1666666666666
2025-10-06 14:00:00,84.0,1899.371952182329,404.1666666666666,404.1666666666666
2025-10-06 15:00:00,89.3,1898.9715322449035,404.1666666666666,404.1666666666666
2025-10-06 16:00:00,101.36,1898.9415007495963,404.1666666666666,404.1666666666666
2025-10-06 17:00:00,120.03,1898.140660874745,404.1666666666666,404.1666666666666
2025-10-06 18:00:00,129.41,1899.6122041447843,404.1666666666666,404.1666666666666
2025-10-06 19:00:00,136.01,1899.712309129141,404.1666666666666,404.1666666666666
2025-10-06 20:00:00,127.49,1900.393023022765,404.1666666666666,404.1666666666666
2025-10-06 21:00:00,116.19,1899.6722671353984,404.1666666666666,404.1666666666666
2025-10-06 22:00:00,108.7,1902.1949127411808,404.1666666666666,404.1666666666666
2025-10-06 23:00:00,102.06,1902.675416666092,404.1666666666666,404.1666666666666
2025-10-07 00:00:00,94.83,1928.102082692629,404.1666666666666,404.1666666666666
2025-10-07 01:00:00,90.0,1944.519300127086,404.1666666666666,404.1666666666666
2025-10-07 02:00:00,89.44,1944.1389011865317,404.1666666666666,404.1666666666666
2025-10-07 03:00:00,90.01,1944.9597620582545,404.1666666666666,404.1666666666666
2025-10-07 04:00:00,90.0,1945.6905284440568,404.1666666666666,404.1666666666666
2025-10-07 05:00:00,98.48,1944.9397410613835,404.1666666666666,404.1666666666666
2025-10-07 06:00:00,119.99,1944.2590271677595,404.1666666666666,404.1666666666666
2025-10-07 07:00:00,131.1,1943.0877988507889,404.1666666666666,404.1666666666666
2025-10-07 08:00:00,134.0,1945.3201400019373,404.1666666666666,404.1666666666666
2025-10-07 09:00:00,125.62,1946.6615467923136,404.1666666666666,404.1666666666666
2025-10-07 10:00:00,118.33,1941.1858041480168,404.1666666666666,404.1666666666666
2025-10-07 11:00:00,114.71,1942.1368014994025,404.1666666666666,404.1666666666666
2025-10-07 12:00:00,105.91,1939.1336519687093,404.1666666666666,404.1666666666666
2025-10-07 13:00:00,100.0,1937.0814997894024,404.1666666666666,404.1666666666666
2025-10-07 14:00:00,100.0,1935.4097465506493,404.1666666666666,404.1666666666666
2025-10-07 15:00:00,105.98,1933.307541879164,404.1666666666666,404.1666666666666
2025-10-07 16:00:00,114.7,1932.526723001184,404.1666666666666,404.1666666666666
2025-10-07 17:00:00,121.39,1933.6078568322332,404.1666666666666,404.1666666666666
2025-10-07 18:00:00,127.02,1934.0483187634015,404.1666666666666,404.1666666666666
2025-10-07 19:00:00,140.81,1936.0303974536596,404.1666666666666,404.1666666666666
2025-10-07 20:00:00,134.0,1937.9824446486105,404.1666666666666,404.1666666666666
2025-10-07 21:00:00,118.45,1939.3338619374224,404.1666666666666,404.1666666666666
2025-10-07 22:00:00,109.4,1940.7353317184125,404.1666666666666,404.1666666666666
2025-10-07 23:00:00,103.3,1942.016675518175,404.1666666666666,404.1666666666666
2025-10-08 00:00:00,100.1,1943.8586072303333,404.1666666666666,404.1666666666666
2025-10-08 01:00:00,95.4,1946.2911583501952,404.1666666666666,404.1666666666666
2025-10-08 02:00:00,94.0,1946.7916832719773,404.1666666666666,404.1666666666666
2025-10-08 03:00:00,94.0,1946.6215047985716,404.1666666666666,404.1666666666666
2025-10-08 04:00:00,94.86,1946.040895889304,404.1666666666666,404.1666666666666
2025-10-08 05:00:00,99.84,1946.821714767284,404.1666666666666,404.1666666666666
2025-10-08 06:00:00,125.01,1945.059867042611,404.1666666666666,404.1666666666666
2025-10-08 07:00:00,143.92,1945.5904234597,404.1666666666666,404.1666666666666
2025-10-08 08:00:00,150.0,1946.8617567610268,404.1666666666666,404.1666666666666
2025-10-08 09:00:00,134.0,1947.4423656702943,404.1666666666666,404.1666666666666
2025-10-08 10:00:00,120.34,1945.940790904948,404.1666666666666,404.1666666666666
2025-10-08 11:00:00,106.0,1943.9386912178188,404.1666666666666,404.1666666666666
2025-10-08 12:00:00,93.55,1941.0356466714816,404.1666666666666,404.1666666666666
2025-10-08 13:00:00,92.0,1939.0135259874817,404.1666666666666,404.1666666666666
2025-10-08 14:00:00,94.24,1938.0124761439167,404.1666666666666,404.1666666666666
2025-10-08 15:00:00,100.23,1936.7811848363328,404.1666666666666,404.1666666666666
2025-10-08 16:00:00,116.5,1935.1494735913227,404.1666666666666,404.1666666666666
2025-10-08 17:00:00,127.58,1935.7300825005905,404.1666666666666,404.1666666666666
2025-10-08 18:00:00,133.1,1935.449788544392,404.1666666666666,404.1666666666666
2025-10-08 19:00:00,147.75,1936.7111113472836,404.1666666666666,404.1666666666666
2025-10-08 20:00:00,141.04,1937.932392156432,404.1666666666666,404.1666666666666
2025-10-08 21:00:00,126.02,1939.9144708466897,404.1666666666666,404.1666666666666
2025-10-08 22:00:00,114.5,1941.456087605779,404.1666666666666,404.1666666666666
2025-10-08 23:00:00,104.94,1942.0366965150463,404.1666666666666,404.1666666666666
2025-10-09 00:00:00,104.0,1941.7163605651056,404.1666666666666,404.1666666666666
2025-10-09 01:00:00,99.0,1941.986644022868,404.1666666666666,404.1666666666666
2025-10-09 02:00:00,98.1,1941.9566125275608,404.1666666666666,404.1666666666666
2025-10-09 03:00:00,95.33,1940.635226734056,404.1666666666666,404.1666666666666
2025-10-09 04:00:00,95.84,1940.435016765343,404.1666666666666,404.1666666666666
2025-10-09 05:00:00,106.25,1939.484019413957,404.1666666666666,404.1666666666666
2025-10-09 06:00:00,124.0,1939.654197887363,404.1666666666666,404.1666666666666
2025-10-09 07:00:00,154.56,1937.531972219006,404.1666666666666,404.1666666666666
2025-10-09 08:00:00,155.59,1936.380764898907,404.1666666666666,404.1666666666666
2025-10-09 09:00:00,125.0,1935.9302924693031,404.1666666666666,404.1666666666666
2025-10-09 10:00:00,117.98,1939.784334367026,404.1666666666666,404.1666666666666
2025-10-09 11:00:00,103.01,1937.5519932158772,404.1666666666666,404.1666666666666
2025-10-09 12:00:00,93.21,1939.3839144296005,404.1666666666666,404.1666666666666
2025-10-09 13:00:00,94.71,1937.3818147424715,404.1666666666666,404.1666666666666
2025-10-09 14:00:00,97.0,1936.1505234348872,404.1666666666666,404.1666666666666
2025-10-09 15:00:00,105.66,1935.9803449614813,404.1666666666666,404.1666666666666
2025-10-09 16:00:00,120.0,1935.6099565193624,404.1666666666666,404.1666666666666
2025-10-09 17:00:00,125.0,1935.329662563164,404.1666666666666,404.1666666666666
2025-10-09 18:00:00,131.55,1936.2806599145504,404.1666666666666,404.1666666666666
2025-10-09 19:00:00,134.0,1936.4808698832635,404.1666666666666,404.1666666666666
2025-10-09 20:00:00,123.48,1935.8301874849465,404.1666666666666,404.1666666666666
2025-10-09 21:00:00,117.85,1936.410796394214,404.1666666666666,404.1666666666666
2025-10-09 22:00:00,115.31,1937.712161190848,404.1666666666666,404.1666666666666
2025-10-09 23:00:00,110.28,1940.3849642731648,404.1666666666666,404.1666666666666
2025-10-10 00:00:00,104.21,1940.755352715284,404.1666666666666,404.1666666666666
2025-10-10 01:00:00,102.23,1943.7184602522343,404.1666666666666,404.1666666666666
2025-10-10 02:00:00,102.0,1945.260077011324,404.1666666666666,404.1666666666666
2025-10-10 03:00:00,97.0,1946.5614418079576,404.1666666666666,404.1666666666666
2025-10-10 04:00:00,96.61,1947.4423656702943,404.1666666666666,404.1666666666666
2025-10-10 05:00:00,99.78,1946.821714767284,404.1666666666666,404.1666666666666
2025-10-10 06:00:00,114.93,1946.2611268548883,404.1666666666666,404.1666666666666
2025-10-10 07:00:00,122.3,1946.5914733032644,404.1666666666666,404.1666666666666
2025-10-10 08:00:00,126.42,1946.120979876789,404.1666666666666,404.1666666666666
2025-10-10 09:00:00,118.06,1946.040895889304,404.1666666666666,404.1666666666666
2025-10-10 10:00:00,114.1,1945.3401609988089,404.1666666666666,404.1666666666666
2025-10-10 11:00:00,103.16,1943.618355267878,404.1666666666666,404.1666666666666
2025-10-10 12:00:00,94.28,1940.2548277935016,404.1666666666666,404.1666666666666
2025-10-10 13:00:00,87.0,1936.9813948050455,404.1666666666666,404.1666666666666
2025-10-10 14:00:00,84.1,1935.2095365819368,404.1666666666666,404.1666666666666
2025-10-10 15:00:00,95.46,1934.8491586382531,404.1666666666666,404.1666666666666
2025-10-10 16:00:00,103.07,1934.4787701961343,404.1666666666666,404.1666666666666
2025-10-10 17:00:00,115.49,1933.7780353056396,404.1666666666666,404.1666666666666
2025-10-10 18:00:00,126.16,1934.3085917227288,404.1666666666666,404.1666666666666
2025-10-10 19:00:00,129.76,1934.5088016914412,404.1666666666666,404.1666666666666
2025-10-10 20:00:00,118.1,1936.1104814411449,404.1666666666666,404.1666666666666
2025-10-10 21:00:00,113.74,1938.0324971407883,404.1666666666666,404.1666666666666
2025-10-10 22:00:00,111.86,1940.0546178247885,404.1666666666666,404.1666666666666
2025-10-10 23:00:00,106.06,1941.0356466714816,404.1666666666666,404.1666666666666
2025-10-11 00:00:00,98.44,1941.6362765776205,404.1666666666666,404.1666666666666
2025-10-11 01:00:00,96.89,1942.4170954556007,404.1666666666666,404.1666666666666
2025-10-11 02:00:00,96.5,1943.3180403148087,404.1666666666666,404.1666666666666
2025-10-11 03:00:00,96.51,1943.5883237725711,404.1666666666666,404.1666666666666
2025-10-11 04:00:00,95.01,1946.2911583501952,404.1666666666666,404.1666666666666
2025-10-11 05:00:00,96.04,1946.4613368236007,404.1666666666666,404.1666666666666
2025-10-11 06:00:00,94.91,1945.9207699080764,404.1666666666666,404.1666666666666
2025-10-11 07:00:00,99.17,1945.4602869800367,404.1666666666666,404.1666666666666
2025-10-11 08:00:00,106.95,1945.82066492372,404.1666666666666,404.1666666666666
2025-10-11 09:00:00,99.58,1946.4613368236007,404.1666666666666,404.1666666666666
2025-10-11 10:00:00,86.0,1944.519300127086,404.1666666666666,404.1666666666666
2025-10-11 11:00:00,73.48,1943.3580823085515,404.1666666666666,404.1666666666666
2025-10-11 12:00:00,54.1,1941.916570533819,404.1666666666666,404.1666666666666
2025-10-11 13:00:00,44.31,1940.2848592888083,404.1666666666666,404.1666666666666
2025-10-11 14:00:00,45.17,1938.5830745547487,404.1666666666666,404.1666666666666
2025-10-11 15:00:00,72.57,1935.9803449614813,404.1666666666666,404.1666666666666
2025-10-11 16:00:00,93.53,1936.6510483566692,404.1666666666666,404.1666666666666
2025-10-11 17:00:00,114.0,1936.1505234348872,404.1666666666666,404.1666666666666
2025-10-11 18:00:00,124.22,1936.911321315996,404.1666666666666,404.1666666666666
2025-10-11 19:00:00,127.54,1939.3138409405508,404.1666666666666,404.1666666666666
2025-10-11 20:00:00,119.97,1939.183704460888,404.1666666666666,404.1666666666666
2025-10-11 21:00:00,112.89,1940.5551427465707,404.1666666666666,404.1666666666666
2025-10-11 22:00:00,111.0,1942.2569274806303,404.1666666666666,404.1666666666666
2025-10-11 23:00:00,97.51,1942.687378913363,404.1666666666666,404.1666666666666
2025-10-12 00:00:00,99.18,1945.490318475344,404.1666666666666,404.1666666666666
2025-10-12 01:00:00,95.0,1947.642575639007,404.1666666666666,404.1666666666666
2025-10-12 02:00:00,90.04,1948.2632265420173,404.1666666666666,404.1666666666666
2025-10-12 03:00:00,89.0,1949.0640664168689,404.1666666666666,404.1666666666666
2025-10-12 04:00:00,86.7,1949.86490629172,404.1666666666666,404.1666666666666
2025-10-12 05:00:00,88.0,1949.965011276077,404.1666666666666,404.1666666666666
2025-10-12 06:00:00,90.63,1950.2453052322749,404.1666666666666,404.1666666666666
2025-10-12 07:00:00,93.0,1949.8248642979777,404.1666666666666,404.1666666666666
2025-10-12 08:00:00,91.2,1951.446565044552,404.1666666666666,404.1666666666666
2025-10-12 09:00:00,81.49,1950.996092614948,404.1666666666666,404.1666666666666
2025-10-12 10:00:00,80.54,1948.7637514637995,404.1666666666666,404.1666666666666
2025-10-12 11:00:00,65.96,1944.2189851740168,404.1666666666666,404.1666666666666
2025-10-12 12:00:00,55.47,1941.8865390385115,404.1666666666666,404.1666666666666
2025-10-12 13:00:00,37.9,1941.2358566401947,404.1666666666666,404.1666666666666
2025-10-12 14:00:00,47.96,1939.5540929030064,404.1666666666666,404.1666666666666
2025-10-12 15:00:00,72.5,1939.4139459249077,404.1666666666666,404.1666666666666
2025-10-12 16:00:00,95.0,1938.553043059442,404.1666666666666,404.1666666666666
2025-10-12 17:00:00,114.0,1938.05251813766,404.1666666666666,404.1666666666666
2025-10-12 18:00:00,132.51,1938.83333701564,404.1666666666666,404.1666666666666
2025-10-12 19:00:00,139.37,1940.5851742418777,404.1666666666666,404.1666666666666
2025-10-12 20:00:00,125.0,1941.1858041480168,404.1666666666666,404.1666666666666
2025-10-12 21:00:00,120.0,1943.6383762647488,404.1666666666666,404.1666666666666
2025-10-12 22:00:00,116.0,1945.0898985379176,404.1666666666666,404.1666666666666
2025-10-12 23:00:00,107.2,1945.940790904948,404.1666666666666,404.1666666666666
2025-10-13 00:00:00,102.6,1946.040895889304,404.1666666666666,404.1666666666666
2025-10-13 01:00:00,97.94,1946.7416307797992,404.1666666666666,404.1666666666666
2025-10-13 02:00:00,96.0,1946.120979876789,404.1666666666666,404.1666666666666
2025-10-13 03:00:00,95.76,1945.1599720269671,404.1666666666666,404.1666666666666
2025-10-13 04:00:00,96.73,1944.859657073898,404.1666666666666,404.1666666666666
2025-10-13 05:00:00,107.3,1944.018775205304,404.1666666666666,404.1666666666666
2025-10-13 06:00:00,131.29,1943.8586072303333,404.1666666666666,404.1666666666666
2025-10-13 07:00:00,147.02,1943.9186702209477,404.1666666666666,404.1666666666666
2025-10-13 08:00:00,155.0,1944.239006170888,404.1666666666666,404.1666666666666
2025-10-13 09:00:00,144.14,1945.760601933106,404.1666666666666,404.1666666666666
2025-10-13 10:00:00,132.0,1943.5182502835216,404.1666666666666,404.1666666666666
2025-10-13 11:00:00,116.4,1943.057767355482,404.1666666666666,404.1666666666666
2025-10-13 12:00:00,107.21,1942.156822496274,404.1666666666666,404.1666666666666
2025-10-13 13:00:00,105.86,1939.9845443357392,404.1666666666666,404.1666666666666
2025-10-13 14:00:00,108.41,1939.6842293826696,404.1666666666666,404.1666666666666
2025-10-13 15:00:00,115.01,1940.7153107215413,404.1666666666666,404.1666666666666
2025-10-13 16:00:00,129.02,1940.0546178247885,404.1666666666666,404.1666666666666
2025-10-13 17:00:00,142.97,1940.3549327778576,404.1666666666666,404.1666666666666
2025-10-13 18:00:00,144.07,1940.4550377622145,404.1666666666666,404.1666666666666
2025-10-13 19:00:00,150.04,1940.7353317184125,404.1666666666666,404.1666666666666
2025-10-13 20:00:00,141.43,1942.917620377383,404.1666666666666,404.1666666666666
2025-10-13 21:00:00,130.3,1943.4381662960368,404.1666666666666,404.1666666666666
2025-10-13 22:00:00,117.45,1942.7874838977195,404.1666666666666,404.1666666666666
2025-10-13 23:00:00,107.19,1943.1578723398384,404.1666666666666,404.1666666666666
2025-10-14 00:00:00,104.95,1942.5872739290064,404.1666666666666,404.1666666666666
2025-10-14 01:00:00,101.17,1942.9576623711253,404.1666666666666,404.1666666666666
2025-10-14 02:00:00,99.09,1942.7574524024128,404.1666666666666,404.1666666666666
2025-10-14 03:00:00,98.93,1943.0377463586108,404.1666666666666,404.1666666666666
2025-10-14 04:00:00,100.0,1943.4181452991647,404.1666666666666,404.1666666666666
2025-10-14 05:00:00,108.47,1942.3570324649868,404.1666666666666,404.1666666666666
2025-10-14 06:00:00,125.06,1943.4381662960368,404.1666666666666,404.1666666666666
2025-10-14 07:00:00,149.65,1942.216885486888,404.1666666666666,404.1666666666666
2025-10-14 08:00:00,155.48,1942.3370114681156,404.1666666666666,404.1666666666666
2025-10-14 09:00:00,139.0,1944.11888018966,404.1666666666666,404.1666666666666
2025-10-14 10:00:00,119.4,1945.840685920591,404.1666666666666,404.1666666666666
2025-10-14 11:00:00,107.92,1943.95871221469,404.1666666666666,404.1666666666666
2025-10-14 12:00:00,98.08,1943.33806131168,404.1666666666666,404.1666666666666
2025-10-14 13:00:00,98.03,1943.2579773241948,404.1666666666666,404.1666666666666
2025-10-14 14:00:00,97.59,1943.558292277264,404.1666666666666,404.1666666666666
2025-10-14 15:00:00,111.06,1942.0567175119172,404.1666666666666,404.1666666666666
2025-10-14 16:00:00,121.64,1940.515100752828,404.1666666666666,404.1666666666666
2025-10-14 17:00:00,143.0,1940.3549327778576,404.1666666666666,404.1666666666666
2025-10-14 18:00:00,148.08,1941.7163605651056,404.1666666666666,404.1666666666666
2025-10-14 19:00:00,159.99,1943.137851342967,404.1666666666666,404.1666666666666
2025-10-14 20:00:00,149.03,1945.440265983165,404.1666666666666,404.1666666666666
2025-10-14 21:00:00,142.98,1945.9207699080764,404.1666666666666,404.1666666666666
2025-10-14 22:00:00,122.22,1948.3933630216804,404.1666666666666,404.1666666666666
2025-10-14 23:00:00,115.47,1950.065116260433,404.1666666666666,404.1666666666666
2025-10-15 00:00:00,114.02,1950.445515200988,404.1666666666666,404.1666666666666
2025-10-15 01:00:00,108.32,1951.4265440476809,404.1666666666666,404.1666666666666
2025-10-15 02:00:00,106.45,1953.698927192572,404.1666666666666,404.1666666666666
2025-10-15 03:00:00,106.1,1954.1293786253048,404.1666666666666,404.1666666666666
2025-10-15 04:00:00,105.83,1953.799032176929,404.1666666666666,404.1666666666666
2025-10-15 05:00:00,113.31,1953.9992421456416,404.1666666666666,404.1666666666666
2025-10-15 06:00:00,131.02,1953.148349778612,404.1666666666666,404.1666666666666
2025-10-15 07:00:00,141.0,1952.267425916275,404.1666666666666,404.1666666666666
2025-10-15 08:00:00,152.93,1953.0982972864333,404.1666666666666,404.1666666666666
2025-10-15 09:00:00,139.0,1953.799032176929,404.1666666666666,404.1666666666666
2025-10-15 10:00:00,131.48,1951.6968275054437,404.1666666666666,404.1666666666666
2025-10-15 11:00:00,118.0,1948.6236044857003,404.1666666666666,404.1666666666666
2025-10-15 12:00:00,107.84,1946.7916832719773,404.1666666666666,404.1666666666666
2025-10-15 13:00:00,105.29,1944.11888018966,404.1666666666666,404.1666666666666
2025-10-15 14:00:00,111.3,1942.216885486888,404.1666666666666,404.1666666666666
2025-10-15 15:00:00,116.31,1942.4170954556007,404.1666666666666,404.1666666666666
2025-10-15 16:00:00,120.81,1941.31594062768,404.1666666666666,404.1666666666666
2025-10-15 17:00:00,139.0,1939.814365862333,404.1666666666666,404.1666666666666
2025-10-15 18:00:00,155.0,1941.1157306589669,404.1666666666666,404.1666666666666
2025-10-15 19:00:00,165.0,1941.9365915306896,404.1666666666666,404.1666666666666
2025-10-15 20:00:00,141.41,1943.488218788215,404.1666666666666,404.1666666666666
2025-10-15 21:00:00,129.63,1945.760601933106,404.1666666666666,404.1666666666666
2025-10-15 22:00:00,120.0,1946.721609782928,404.1666666666666,404.1666666666666
2025-10-15 23:00:00,113.84,1947.2421557015812,404.1666666666666,404.1666666666666
2025-10-16 00:00:00,111.69,1946.721609782928,404.1666666666666,404.1666666666666
2025-10-16 01:00:00,105.54,1948.4434155138588,404.1666666666666,404.1666666666666
2025-10-16 02:00:00,103.1,1950.8659561352847,404.1666666666666,404.1666666666666
2025-10-16 03:00:00,102.47,1951.5466700289085,404.1666666666666,404.1666666666666
2025-10-16 04:00:00,106.5,1952.1472999350472,404.1666666666666,404.1666666666666
2025-10-16 05:00:00,110.08,1952.2273839225325,404.1666666666666,404.1666666666666
2025-10-16 06:00:00,120.0,1951.9671109632056,404.1666666666666,404.1666666666666
2025-10-16 07:00:00,131.85,1952.7479298411856,404.1666666666666,404.1666666666666
2025-10-16 08:00:00,137.13,1951.9671109632056,404.1666666666666,404.1666666666666
2025-10-16 09:00:00,123.5,1953.0682657911264,404.1666666666666,404.1666666666666
2025-10-16 10:00:00,117.63,1950.8259141415424,404.1666666666666,404.1666666666666
2025-10-16 11:00:00,115.91,1949.2442553887104,404.1666666666666,404.1666666666666
2025-10-16 12:00:00,108.0,1948.193153052968,404.1666666666666,404.1666666666666
2025-10-16 13:00:00,106.0,1945.8907384127688,404.1666666666666,404.1666666666666
2025-10-16 14:00:00,112.0,1944.018775205304,404.1666666666666,404.1666666666666
2025-10-16 15:00:00,114.1,1939.6842293826696,404.1666666666666,404.1666666666666
2025-10-16 16:00:00,118.64,1942.4571374493437,404.1666666666666,404.1666666666666
2025-10-16 17:00:00,123.0,1941.7163605651056,404.1666666666666,404.1666666666666
2025-10-16 18:00:00,142.34,1942.1167805025316,404.1666666666666,404.1666666666666
2025-10-16 19:00:00,151.6,1944.2890586630665,404.1666666666666,404.1666666666666
2025-10-16 20:00:00,123.0,1945.390213490987,404.1666666666666,404.1666666666666
2025-10-16 21:00:00,119.2,1946.5614418079576,404.1666666666666,404.1666666666666
2025-10-16 22:00:00,112.41,1948.4434155138588,404.1666666666666,404.1666666666666
2025-10-16 23:00:00,110.0,1948.6636464794428,404.1666666666666,404.1666666666666
2025-10-17 00:00:00,105.07,1948.2632265420173,404.1666666666666,404.1666666666666
2025-10-17 01:00:00,98.89,1950.465536197859,404.1666666666666,404.1666666666666
2025-10-17 02:00:00,97.03,1949.86490629172,404.1666666666666,404.1666666666666
2025-10-17 03:00:00,96.13,1950.665746166572,404.1666666666666,404.1666666666666
2025-10-17 04:00:00,97.12,1948.9939929278191,404.1666666666666,404.1666666666666
2025-10-17 05:00:00,104.36,1948.9639614325124,404.1666666666666,404.1666666666666
2025-10-17 06:00:00,119.8,1947.642575639007,404.1666666666666,404.1666666666666
2025-10-17 07:00:00,136.98,1947.762701620235,404.1666666666666,404.1666666666666
2025-10-17 08:00:00,143.03,1948.2432055451457,404.1666666666666,404.1666666666666
2025-10-17 09:00:00,128.06,1947.362281682809,404.1666666666666,404.1666666666666
2025-10-17 10:00:00,115.92,1946.5914733032644,404.1666666666666,404.1666666666666
2025-10-17 11:00:00,110.1,1945.139951030096,404.1666666666666,404.1666666666666
2025-10-17 12:00:00,101.07,1944.1389011865317,404.1666666666666,404.1666666666666
2025-10-17 13:00:00,99.01,1944.239006170888,404.1666666666666,404.1666666666666
2025-10-17 14:00:00,102.0,1943.788533741284,404.1666666666666,404.1666666666666
2025-10-17 15:00:00,108.0,1944.2890586630665,404.1666666666666,404.1666666666666
2025-10-17 16:00:00,120.01,1944.8396360770264,404.1666666666666,404.1666666666666
2025-10-17 17:00:00,123.04,1944.919720064512,404.1666666666666,404.1666666666666
2025-10-17 18:00:00,137.06,1944.7595520895416,404.1666666666666,404.1666666666666
2025-10-17 19:00:00,139.82,1946.1410008736605,404.1666666666666,404.1666666666666
2025-10-17 20:00:00,125.71,1946.1410008736605,404.1666666666666,404.1666666666666
2025-10-17 21:00:00,116.96,1947.06196672974,404.1666666666666,404.1666666666666
2025-10-17 22:00:00,115.41,1947.8928380998984,404.1666666666666,404.1666666666666
2025-10-17 23:00:00,108.51,1950.2252842354037,404.1666666666666,404.1666666666666
2025-10-18 00:00:00,105.32,1950.8659561352847,404.1666666666666,404.1666666666666
2025-10-18 01:00:00,99.91,1951.5967225210868,404.1666666666666,404.1666666666666
2025-10-18 02:00:00,98.11,1952.998192302077,404.1666666666666,404.1666666666666
2025-10-18 03:00:00,98.0,1954.3295885940177,404.1666666666666,404.1666666666666
2025-10-18 04:00:00,95.98,1954.349609590889,404.1666666666666,404.1666666666666
2025-10-18 05:00:00,96.62,1953.5487697160372,404.1666666666666,404.1666666666666
2025-10-18 06:00:00,110.06,1953.4987172238596,404.1666666666666,404.1666666666666
2025-10-18 07:00:00,118.5,1953.929168656592,404.1666666666666,404.1666666666666
2025-10-18 08:00:00,119.8,1954.6499245439584,404.1666666666666,404.1666666666666
2025-10-18 09:00:00,108.0,1954.9001870048492,404.1666666666666,404.1666666666666
2025-10-18 10:00:00,95.47,1953.2985072551464,404.1666666666666,404.1666666666666
2025-10-18 11:00:00,86.05,1949.394412865245,404.1666666666666,404.1666666666666
2025-10-18 12:00:00,71.87,1945.6204549550068,404.1666666666666,404.1666666666666
2025-10-18 13:00:00,68.11,1944.3891636474225,404.1666666666666,404.1666666666666
2025-10-18 14:00:00,73.0,1944.038796202175,404.1666666666666,404.1666666666666
2025-10-18 15:00:00,81.03,1943.4381662960368,404.1666666666666,404.1666666666666
2025-10-18 16:00:00,96.26,1943.2179353304523,404.1666666666666,404.1666666666666
2025-10-18 17:00:00,123.0,1942.8375363898977,404.1666666666666,404.1666666666666
2025-10-18 18:00:00,137.44,1942.5372214368283,404.1666666666666,404.1666666666666
2025-10-18 19:00:00,139.97,1944.6394261083135,404.1666666666666,404.1666666666666
2025-10-18 20:00:00,121.3,1945.6604969487491,404.1666666666666,404.1666666666666
2025-10-18 21:00:00,115.3,1948.063016573304,404.1666666666666,404.1666666666666
2025-10-18 22:00:00,108.8,1949.6246543292648,404.1666666666666,404.1666666666666
2025-10-18 23:00:00,103.7,1951.1262290946115,404.1666666666666,404.1666666666666
2025-10-19 00:00:00,105.74,1952.2273839225325,404.1666666666666,404.1666666666666
2025-10-19 01:00:00,100.5,1953.1683707754828,404.1666666666666,404.1666666666666
2025-10-19 02:00:00,98.34,1952.0471949506907,404.1666666666666,404.1666666666666
2025-10-19 03:00:00,96.7,1953.1283287817405,404.1666666666666,404.1666666666666
2025-10-19 04:00:00,96.26,1952.067215947562,404.1666666666666,404.1666666666666
2025-10-19 05:00:00,96.89,1952.7679508380568,404.1666666666666,404.1666666666666
2025-10-19 06:00:00,100.51,1953.1283287817405,404.1666666666666,404.1666666666666
2025-10-19 07:00:00,108.9,1952.8680558224137,404.1666666666666,404.1666666666666
2025-10-19 08:00:00,106.0,1746.3314520981949,404.1666666666666,404.1666666666666
2025-10-19 09:00:00,97.0,1614.1428202555085,404.1666666666666,404.1666666666666
2025-10-19 10:00:00,95.0,1680.1820784354557,404.1666666666666,404.1666666666666
2025-10-19 11:00:00,86.12,1709.5428703472012,404.1666666666666,404.1666666666666
2025-10-19 12:00:00,65.03,1764.100086821464,404.1666666666666,404.1666666666666
2025-10-19 13:00:00,46.22,1817.355938499093,404.1666666666666,404.1666666666666
2025-10-19 14:00:00,45.08,1851.691948133354,404.1666666666666,404.1666666666666
2025-10-19 15:00:00,80.0,1879.9716062140496,404.1666666666666,404.1666666666666
2025-10-19 16:00:00,98.8,1929.8038674266888,404.1666666666666,404.1666666666666
2025-10-19 17:00:00,117.9,1941.616255580749,404.1666666666666,404.1666666666666
2025-10-19 18:00:00,122.08,1941.5561925901352,404.1666666666666,404.1666666666666
2025-10-19 19:00:00,121.69,1942.5172004399567,404.1666666666666,404.1666666666666
2025-10-19 20:00:00,115.2,1943.6583972616208,404.1666666666666,404.1666666666666
2025-10-19 21:00:00,110.02,1944.9897935535612,404.1666666666666,404.1666666666666
2025-10-19 22:00:00,110.08,1947.0419457328685,404.1666666666666,404.1666666666666
2025-10-19 23:00:00,103.96,1948.1431005607888,404.1666666666666,404.1666666666666
2025-10-20 00:00:00,97.79,1948.743730466928,404.1666666666666,404.1666666666666
2025-10-20 01:00:00,95.5,1948.5435204982152,404.1666666666666,404.1666666666666
2025-10-20 02:00:00,95.1,1949.164171401225,404.1666666666666,404.1666666666666
2025-10-20 03:00:00,95.01,1950.295357724453,404.1666666666666,404.1666666666666
2025-10-20 04:00:00,95.24,1950.7658511509285,404.1666666666666,404.1666666666666
2025-10-20 05:00:00,100.87,1949.8448852948488,404.1666666666666,404.1666666666666
2025-10-20 06:00:00,122.69,1948.593572990393,404.1666666666666,404.1666666666666
2025-10-20 07:00:00,125.0,1947.5925231468289,404.1666666666666,404.1666666666666
2025-10-20 08:00:00,124.99,1948.8438354512848,404.1666666666666,404.1666666666666
2025-10-20 09:00:00,119.81,1946.4413158267296,404.1666666666666,404.1666666666666
2025-10-20 10:00:00,121.64,1946.4613368236007,404.1666666666666,404.1666666666666
2025-10-20 11:00:00,120.25,1947.2922081937595,404.1666666666666,404.1666666666666
2025-10-20 12:00:00,118.1,1943.33806131168,404.1666666666666,404.1666666666666
2025-10-20 13:00:00,118.0,1942.7574524024128,404.1666666666666,404.1666666666666
2025-10-20 14:00:00,118.53,1942.2869589759373,404.1666666666666,404.1666666666666
2025-10-20 15:00:00,120.15,1941.7163605651056,404.1666666666666,404.1666666666666
2025-10-20 16:00:00,124.62,1941.986644022868,404.1666666666666,404.1666666666666
2025-10-20 17:00:00,125.0,1942.0366965150463,404.1666666666666,404.1666666666666
2025-10-20 18:00:00,123.97,1941.8364865463327,404.1666666666666,404.1666666666666
2025-10-20 19:00:00,123.6,1942.8375363898977,404.1666666666666,404.1666666666666
2025-10-20 20:00:00,121.69,1943.8586072303333,404.1666666666666,404.1666666666666
2025-10-20 21:00:00,116.05,1944.5393211239573,404.1666666666666,404.1666666666666
2025-10-20 22:00:00,115.0,1945.3401609988089,404.1666666666666,404.1666666666666
2025-10-20 23:00:00,107.3,1946.2611268548883,404.1666666666666,404.1666666666666
2025-10-21 00:00:00,100.7,1945.6604969487491,404.1666666666666,404.1666666666666
2025-10-21 01:00:00,98.23,1943.6583972616208,404.1666666666666,404.1666666666666
2025-10-21 02:00:00,97.81,1944.0888486943531,404.1666666666666,404.1666666666666
2025-10-21 03:00:00,97.21,1943.95871221469,404.1666666666666,404.1666666666666
2025-10-21 04:00:00,98.0,1942.8375363898977,404.1666666666666,404.1666666666666
2025-10-21 05:00:00,110.0,1942.5372214368283,404.1666666666666,404.1666666666666
2025-10-21 06:00:00,123.9,1942.186853991581,404.1666666666666,404.1666666666666
2025-10-21 07:00:00,125.1,1942.016675518175,404.1666666666666,404.1666666666666
2025-10-21 08:00:00,129.4,1944.3891636474225,404.1666666666666,404.1666666666666
2025-10-21 09:00:00,130.0,1945.3401609988089,404.1666666666666,404.1666666666666
2025-10-21 10:00:00,125.81,1943.738481249106,404.1666666666666,404.1666666666666
2025-10-21 11:00:00,121.06,1941.3559826214223,404.1666666666666,404.1666666666666
2025-10-21 12:00:00,115.0,1938.7132110344123,404.1666666666666,404.1666666666666
2025-10-21 13:00:00,115.0,1935.8301874849465,404.1666666666666,404.1666666666666
2025-10-21 14:00:00,118.0,1932.6468489824117,404.1666666666666,404.1666666666666
2025-10-21 15:00:00,122.7,1933.277510383857,404.1666666666666,404.1666666666666
2025-10-21 16:00:00,127.5,1934.2285077352435,404.1666666666666,404.1666666666666
2025-10-21 17:00:00,124.89,1934.8791901335603,404.1666666666666,404.1666666666666
2025-10-21 18:00:00,125.08,1936.9513633097388,404.1666666666666,404.1666666666666
2025-10-21 19:00:00,125.1,1938.6531480437984,404.1666666666666,404.1666666666666
2025-10-21 20:00:00,123.89,1939.1536729655804,404.1666666666666,404.1666666666666
2025-10-21 21:00:00,121.5,1939.113630971838,404.1666666666666,404.1666666666666
2025-10-21 22:00:00,117.8,1939.734281874848,404.1666666666666,404.1666666666666
2025-10-21 23:00:00,112.0,1940.6852792262343,404.1666666666666,404.1666666666666
2025-10-22 00:00:00,103.76,1940.9155206902544,404.1666666666666,404.1666666666666
2025-10-22 01:00:00,99.3,1941.135751655838,404.1666666666666,404.1666666666666
2025-10-22 02:00:00,98.57,1941.8565075432043,404.1666666666666,404.1666666666666
2025-10-22 03:00:00,97.93,1942.1167805025316,404.1666666666666,404.1666666666666
2025-10-22 04:00:00,100.0,1941.656297574492,404.1666666666666,404.1666666666666
2025-10-22 05:00:00,112.84,1940.184754304452,404.1666666666666,404.1666666666666
2025-10-22 06:00:00,125.0,1938.9134210031248,404.1666666666666,404.1666666666666
2025-10-22 07:00:00,126.8,1936.881289820689,404.1666666666666,404.1666666666666
2025-10-22 08:00:00,137.0,1935.649998513105,404.1666666666666,404.1666666666666
2025-10-22 09:00:00,129.05,1933.0472689198373,404.1666666666666,404.1666666666666
2025-10-22 10:00:00,128.04,1934.8491586382531,404.1666666666666,404.1666666666666
2025-10-22 11:00:00,126.62,1934.779085149204,404.1666666666666,404.1666666666666
2025-10-22 12:00:00,120.0,1934.348633716471,404.1666666666666,404.1666666666666
2025-10-22 13:00:00,120.01,1933.908171785303,404.1666666666666,404.1666666666666
2025-10-22 14:00:00,120.0,1932.246429044986,404.1666666666666,404.1666666666666
2025-10-22 15:00:00,125.82,1932.126303063758,404.1666666666666,404.1666666666666
2025-10-22 16:00:00,137.0,1929.143174529936,404.1666666666666,404.1666666666666
2025-10-22 17:00:00,154.19,1931.9761455872235,404.1666666666666,404.1666666666666
2025-10-22 18:00:00,163.42,1932.947163935481,404.1666666666666,404.1666666666666
2025-10-22 19:00:00,161.0,1933.3475838729064,404.1666666666666,404.1666666666666
2025-10-22 20:00:00,145.0,1934.2285077352435,404.1666666666666,404.1666666666666
2025-10-22 21:00:00,130.47,1935.1795050866297,404.1666666666666,404.1666666666666
2025-10-22 22:00:00,120.01,1935.10943159758,404.1666666666666,404.1666666666666
2025-10-22 23:00:00,113.61,1936.380764898907,404.1666666666666,404.1666666666666
2025-10-23 00:00:00,110.0,1934.348633716471,404.1666666666666,404.1666666666666
2025-10-23 01:00:00,100.59,1934.0282977665304,404.1666666666666,404.1666666666666
2025-10-23 02:00:00,96.28,1934.7090116601544,404.1666666666666,404.1666666666666
2025-10-23 03:00:00,96.87,1932.546743998055,404.1666666666666,404.1666666666666
2025-10-23 04:00:00,97.58,1933.6278778291048,404.1666666666666,404.1666666666666
2025-10-23 05:00:00,107.88,1934.8091166445108,404.1666666666666,404.1666666666666
2025-10-23 06:00:00,124.07,1935.449788544392,404.1666666666666,404.1666666666666
2025-10-23 07:00:00,129.3,1933.2474788885504,404.1666666666666,404.1666666666666
2025-10-23 08:00:00,130.0,1931.705862129461,404.1666666666666,404.1666666666666
2025-10-23 09:00:00,123.93,1930.2042873641144,404.1666666666666,404.1666666666666
2025-10-23 10:00:00,124.49,1934.9092216288675,404.1666666666666,404.1666666666666
2025-10-23 11:00:00,120.01,1939.0135259874817,404.1666666666666,404.1666666666666
2025-10-23 12:00:00,117.0,1941.08569916366,404.1666666666666,404.1666666666666
2025-10-23 13:00:00,115.44,1935.0493686069665,404.1666666666666,404.1666666666666
2025-10-23 14:00:00,114.48,1937.031447297224,404.1666666666666,404.1666666666666
2025-10-23 15:00:00,113.64,1938.1125811282732,404.1666666666666,404.1666666666666
2025-10-23 16:00:00,120.01,1939.734281874848,404.1666666666666,404.1666666666666
2025-10-23 17:00:00,124.05,1941.816465549462,404.1666666666666,404.1666666666666
2025-10-23 18:00:00,125.1,1941.1858041480168,404.1666666666666,404.1666666666666
2025-10-23 19:00:00,124.3,1942.5172004399567,404.1666666666666,404.1666666666666
2025-10-23 20:00:00,122.47,1942.5872739290064,404.1666666666666,404.1666666666666
2025-10-23 21:00:00,114.65,1943.3881138038585,404.1666666666666,404.1666666666666
2025-10-23 22:00:00,107.74,1944.1589221834024,404.1666666666666,404.1666666666666
2025-10-23 23:00:00,97.93,1944.239006170888,404.1666666666666,404.1666666666666
2025-10-24 00:00:00,92.07,1944.689478600492,404.1666666666666,404.1666666666666
2025-10-24 01:00:00,90.1,1944.9897935535612,404.1666666666666,404.1666666666666
2025-10-24 02:00:00,90.07,1945.440265983165,404.1666666666666,404.1666666666666
2025-10-24 03:00:00,84.73,1946.6215047985716,404.1666666666666,404.1666666666666
2025-10-24 04:00:00,89.91,1948.293258037324,404.1666666666666,404.1666666666666
2025-10-24 05:00:00,94.04,1948.69367797475,404.1666666666666,404.1666666666666
2025-10-24 06:00:00,109.73,1948.063016573304,404.1666666666666,404.1666666666666
2025-10-24 07:00:00,124.03,1946.521399814215,404.1666666666666,404.1666666666666
2025-10-24 08:00:00,124.03,1946.8617567610268,404.1666666666666,404.1666666666666
2025-10-24 09:00:00,119.03,1948.863856448156,404.1666666666666,404.1666666666666
2025-10-24 10:00:00,108.5,1948.6436254825717,404.1666666666666,404.1666666666666
2025-10-24 11:00:00,98.91,1948.123079563918,404.1666666666666,404.1666666666666
2025-10-24 12:00:00,90.01,1948.8938879434627,404.1666666666666,404.1666666666666
2025-10-24 13:00:00,83.14,1947.962911588948,404.1666666666666,404.1666666666666
2025-10-24 14:00:00,86.0,1948.2632265420173,404.1666666666666,404.1666666666666
2025-10-24 15:00:00,93.36,1947.8628066045912,404.1666666666666,404.1666666666666
2025-10-24 16:00:00,108.86,1947.9428905920763,404.1666666666666,404.1666666666666
2025-10-24 17:00:00,118.1,1946.9618617453837,404.1666666666666,404.1666666666666
2025-10-24 18:00:00,123.99,1947.1921032094035,404.1666666666666,404.1666666666666
2025-10-24 19:00:00,123.51,1947.762701620235,404.1666666666666,404.1666666666666
2025-10-24 20:00:00,122.13,1949.1441504043537,404.1666666666666,404.1666666666666
2025-10-24 21:00:00,115.53,1950.4254942041164,404.1666666666666,404.1666666666666
2025-10-24 22:00:00,113.01,1952.297457411582,404.1666666666666,404.1666666666666
2025-10-24 23:00:00,104.0,1952.8480348255423,404.1666666666666,404.1666666666666
2025-10-25 00:00:00,101.66,1952.8680558224137,404.1666666666666,404.1666666666666
2025-10-25 01:00:00,97.91,1953.1283287817405,404.1666666666666,404.1666666666666
2025-10-25 02:00:00,95.0,1952.1673209319183,404.1666666666666,404.1666666666666
2025-10-25 03:00:00,92.87,1950.265326229146,404.1666666666666,404.1666666666666
2025-10-25 04:00:00,93.34,1950.265326229146,404.1666666666666,404.1666666666666
2025-10-25 05:00:00,97.08,1948.5435204982152,404.1666666666666,404.1666666666666
2025-10-25 06:00:00,105.7,1948.3433105295023,404.1666666666666,404.1666666666666
2025-10-25 07:00:00,118.29,1949.1441504043537,404.1666666666666,404.1666666666666
2025-10-25 08:00:00,119.99,1948.3933630216804,404.1666666666666,404.1666666666666
2025-10-25 09:00:00,109.0,1947.642575639007,404.1666666666666,404.1666666666666
2025-10-25 10:00:00,92.75,1947.5224496577796,404.1666666666666,404.1666666666666
2025-10-25 11:00:00,80.57,1946.7616517766703,404.1666666666666,404.1666666666666
2025-10-25 12:00:00,67.51,1945.6204549550068,404.1666666666666,404.1666666666666
2025-10-25 13:00:00,64.0,1945.5904234597,404.1666666666666,404.1666666666666
2025-10-25 14:00:00,70.1,1947.2922081937595,404.1666666666666,404.1666666666666
2025-10-25 15:00:00,83.39,1947.962911588948,404.1666666666666,404.1666666666666
2025-10-25 16:00:00,99.09,1946.9618617453837,404.1666666666666,404.1666666666666
2025-10-25 17:00:00,118.28,1947.622554642136,404.1666666666666,404.1666666666666
2025-10-25 18:00:00,120.0,1948.3433105295023,404.1666666666666,404.1666666666666
2025-10-25 19:00:00,119.99,1948.6436254825717,404.1666666666666,404.1666666666666
2025-10-25 20:00:00,118.83,1948.863856448156,404.1666666666666,404.1666666666666
2025-10-25 21:00:00,109.8,1949.164171401225,404.1666666666666,404.1666666666666
2025-10-25 22:00:00,104.1,1949.094097912176,404.1666666666666,404.1666666666666
2025-10-25 23:00:00,94.25,1949.9449902792053,404.1666666666666,404.1666666666666
2025-10-26 00:00:00,90.01,1949.394412865245,404.1666666666666,404.1666666666666
2025-10-26 01:00:00,78.78,1949.5245493449083,404.1666666666666,404.1666666666666
2025-10-26 02:00:00,70.91,1950.6457251697004,404.1666666666666,404.1666666666666
2025-10-26 03:00:00,65.0,1950.1652212447896,404.1666666666666,404.1666666666666
2025-10-26 04:00:00,68.0,1948.5635414950864,404.1666666666666,404.1666666666666
2025-10-26 05:00:00,75.0,1949.3243393761957,404.1666666666666,404.1666666666666
2025-10-26 06:00:00,81.58,1949.4444653574235,404.1666666666666,404.1666666666666
2025-10-26 07:00:00,87.04,1950.065116260433,404.1666666666666,404.1666666666666
2025-10-26 08:00:00,83.34,1950.665746166572,404.1666666666666,404.1666666666666
2025-10-26 09:00:00,64.9,1950.545620185344,404.1666666666666,404.1666666666666
2025-10-26 10:00:00,48.5,1951.0461451071264,404.1666666666666,404.1666666666666
2025-10-26 11:00:00,25.0,1951.8469849819776,404.1666666666666,404.1666666666666
2025-10-26 12:00:00,18.9,1950.125179251047,404.1666666666666,404.1666666666666
2025-10-26 13:00:00,45.5,1950.7258091571855,404.1666666666666,404.1666666666666
2025-10-26 14:00:00,22.05,1951.226334078968,404.1666666666666,404.1666666666666
2025-10-26 15:00:00,73.71,1951.4265440476809,404.1666666666666,404.1666666666666
2025-10-26 16:00:00,95.89,1950.4254942041164,404.1666666666666,404.1666666666666
2025-10-26 17:00:00,113.0,1950.125179251047,404.1666666666666,404.1666666666666
2025-10-26 18:00:00,117.99,1950.545620185344,404.1666666666666,404.1666666666666
2025-10-26 19:00:00,112.4,1951.5967225210868,404.1666666666666,404.1666666666666
2025-10-26 20:00:00,108.5,1951.927068969463,404.1666666666666,404.1666666666666
2025-10-26 21:00:00,96.0,1952.467635884988,404.1666666666666,404.1666666666666
2025-10-26 22:00:00,93.01,1952.247404919404,404.1666666666666,404.1666666666666
2025-10-26 23:00:00,86.79,1952.7279088443147,404.1666666666666,404.1666666666666
2025-10-27 00:00:00,81.85,1953.2684757598397,404.1666666666666,404.1666666666666
2025-10-27 01:00:00,73.0,1952.1973524272253,404.1666666666666,404.1666666666666
2025-10-27 02:00:00,70.45,1953.5287487191663,404.1666666666666,404.1666666666666
2025-10-27 03:00:00,65.02,1953.698927192572,404.1666666666666,404.1666666666666
2025-10-27 04:00:00,73.84,1953.2684757598397,404.1666666666666,404.1666666666666
2025-10-27 05:00:00,90.46,1951.6968275054437,404.1666666666666,404.1666666666666
2025-10-27 06:00:00,115.69,1951.346460060196,404.1666666666666,404.1666666666666
2025-10-27 07:00:00,125.1,1949.8448852948488,404.1666666666666,404.1666666666666
2025-10-27 08:00:00,123.86,1950.1452002479184,404.1666666666666,404.1666666666666
2025-10-27 09:00:00,120.09,1949.6947278183145,404.1666666666666,404.1666666666666
2025-10-27 10:00:00,108.53,1949.424444360552,404.1666666666666,404.1666666666666
2025-10-27 11:00:00,102.54,1950.7258091571855,404.1666666666666,404.1666666666666
2025-10-27 12:00:00,98.36,1951.0961975993048,404.1666666666666,404.1666666666666
2025-10-27 13:00:00,99.61,1950.545620185344,404.1666666666666,404.1666666666666
2025-10-27 14:00:00,112.4,1948.6436254825717,404.1666666666666,404.1666666666666
2025-10-27 15:00:00,120.0,1948.3633315263733,404.1666666666666,404.1666666666666
2025-10-27 16:00:00,125.03,1946.821714767284,404.1666666666666,404.1666666666666
2025-10-27 17:00:00,124.54,1947.4223446734231,404.1666666666666,404.1666666666666
2025-10-27 18:00:00,125.1,1948.093048068611,404.1666666666666,404.1666666666666
2025-10-27 19:00:00,124.56,1947.642575639007,404.1666666666666,404.1666666666666
2025-10-27 20:00:00,120.0,1949.164171401225,404.1666666666666,404.1666666666666
2025-10-27 21:00:00,108.5,1949.995042771384,404.1666666666666,404.1666666666666
2025-10-27 22:00:00,98.32,1950.465536197859,404.1666666666666,404.1666666666666
2025-10-27 23:00:00,90.38,1950.895987630592,404.1666666666666,404.1666666666666
2025-10-28 00:00:00,91.91,1951.6968275054437,404.1666666666666,404.1666666666666
2025-10-28 01:00:00,87.09,1951.4265440476809,404.1666666666666,404.1666666666666
2025-10-28 02:00:00,83.96,1949.5245493449083,404.1666666666666,404.1666666666666
2025-10-28 03:00:00,78.03,1948.4634365107304,404.1666666666666,404.1666666666666
2025-10-28 04:00:00,84.09,1948.743730466928,404.1666666666666,404.1666666666666
2025-10-28 05:00:00,95.84,1947.762701620235,404.1666666666666,404.1666666666666
2025-10-28 06:00:00,118.2,1948.1431005607888,404.1666666666666,404.1666666666666
2025-10-28 07:00:00,121.99,1947.2621766984528,404.1666666666666,404.1666666666666
2025-10-28 08:00:00,121.07,1948.5635414950864,404.1666666666666,404.1666666666666
2025-10-28 09:00:00,112.82,1950.465536197859,404.1666666666666,404.1666666666666
2025-10-28 10:00:00,100.0,1947.84278560772,404.1666666666666,404.1666666666666
2025-10-28 11:00:00,96.01,1945.9207699080764,404.1666666666666,404.1666666666666
2025-10-28 12:00:00,91.16,1944.9897935535612,404.1666666666666,404.1666666666666
2025-10-28 13:00:00,93.41,1943.95871221469,404.1666666666666,404.1666666666666
2025-10-28 14:00:00,106.11,1942.5372214368283,404.1666666666666,404.1666666666666
2025-10-28 15:00:00,122.0,1941.2859091323728,404.1666666666666,404.1666666666666
2025-10-28 16:00:00,127.62,1939.484019413957,404.1666666666666,404.1666666666666
2025-10-28 17:00:00,128.35,1941.08569916366,404.1666666666666,404.1666666666666
2025-10-28 18:00:00,127.04,1943.4181452991647,404.1666666666666,404.1666666666666
2025-10-28 19:00:00,126.19,1944.359132152116,404.1666666666666,404.1666666666666
2025-10-28 20:00:00,123.1,1944.8896885692047,404.1666666666666,404.1666666666666
2025-10-28 21:00:00,118.42,1944.7895835848483,404.1666666666666,404.1666666666666
2025-10-28 22:00:00,110.59,1945.760601933106,404.1666666666666,404.1666666666666
2025-10-28 23:00:00,100.56,1947.962911588948,404.1666666666666,404.1666666666666
2025-10-29 00:00:00,95.46,1949.54457034178,404.1666666666666,404.1666666666666
2025-10-29 01:00:00,94.74,1951.56669102578,404.1666666666666,404.1666666666666
2025-10-29 02:00:00,94.15,1952.5276988756016,404.1666666666666,404.1666666666666
2025-10-29 03:00:00,94.25,1951.666796010136,404.1666666666666,404.1666666666666
2025-10-29 04:00:00,93.51,1953.1683707754828,404.1666666666666,404.1666666666666
2025-10-29 05:00:00,105.04,1953.028223797384,404.1666666666666,404.1666666666666
2025-10-29 06:00:00,118.51,1950.665746166572,404.1666666666666,404.1666666666666
2025-10-29 07:00:00,121.76,1950.065116260433,404.1666666666666,404.1666666666666
2025-10-29 08:00:00,118.7,1951.5466700289085,404.1666666666666,404.1666666666666
2025-10-29 09:00:00,112.8,1952.327488906889,404.1666666666666,404.1666666666666
2025-10-29 10:00:00,103.87,1952.247404919404,404.1666666666666,404.1666666666666
2025-10-29 11:00:00,98.0,1951.666796010136,404.1666666666666,404.1666666666666
2025-10-29 12:00:00,93.01,1949.965011276077,404.1666666666666,404.1666666666666
2025-10-29 13:00:00,95.33,1946.7916832719773,404.1666666666666,404.1666666666666
2025-10-29 14:00:00,107.99,1946.921819751641,404.1666666666666,404.1666666666666
2025-10-29 15:00:00,120.46,1946.3912633345517,404.1666666666666,404.1666666666666
2025-10-29 16:00:00,125.6,1945.9207699080764,404.1666666666666,404.1666666666666
2025-10-29 17:00:00,134.55,1946.4613368236007,404.1666666666666,404.1666666666666
2025-10-29 18:00:00,134.57,1946.9918932406904,404.1666666666666,404.1666666666666
2025-10-29 19:00:00,126.32,1948.193153052968,404.1666666666666,404.1666666666666
2025-10-29 20:00:00,122.09,1948.7637514637995,404.1666666666666,404.1666666666666
2025-10-29 21:00:00,115.01,1949.2442553887104,404.1666666666666,404.1666666666666
2025-10-29 22:00:00,109.19,1950.445515200988,404.1666666666666,404.1666666666666
2025-10-29 23:00:00,102.0,1950.8659561352847,404.1666666666666,404.1666666666666
2025-10-30 00:00:00,94.49,1950.3954627088092,404.1666666666666,404.1666666666666
2025-10-30 01:00:00,91.34,1948.8238144544127,404.1666666666666,404.1666666666666
2025-10-30 02:00:00,90.51,1947.0919982250464,404.1666666666666,404.1666666666666
2025-10-30 03:00:00,89.0,1947.7927331155415,404.1666666666666,404.1666666666666
2025-10-30 04:00:00,89.32,1947.1921032094035,404.1666666666666,404.1666666666666
2025-10-30 05:00:00,100.14,1945.4202449862944,404.1666666666666,404.1666666666666
2025-10-30 06:00:00,112.14,1943.458187292908,404.1666666666666,404.1666666666666
2025-10-30 07:00:00,117.59,1941.9365915306896,404.1666666666666,404.1666666666666
2025-10-30 08:00:00,115.4,1942.4871689446504,404.1666666666666,404.1666666666666
2025-10-30 09:00:00,112.97,1943.95871221469,404.1666666666666,404.1666666666666
2025-10-30 10:00:00,110.11,1943.2579773241948,404.1666666666666,404.1666666666666
2025-10-30 11:00:00,104.55,1942.917620377383,404.1666666666666,404.1666666666666
2025-10-30 12:00:00,89.77,1943.2880088195016,404.1666666666666,404.1666666666666
2025-10-30 13:00:00,87.38,1938.1826546173231,404.1666666666666,404.1666666666666
2025-10-30 14:00:00,91.86,1942.2569274806303,404.1666666666666,404.1666666666666
2025-10-30 15:00:00,114.1,1942.0867490072244,404.1666666666666,404.1666666666666
2025-10-30 16:00:00,118.4,1944.459237136472,404.1666666666666,404.1666666666666
2025-10-30 17:00:00,124.09,1945.0398460457395,404.1666666666666,404.1666666666666
2025-10-30 18:00:00,126.38,1947.2221347047105,404.1666666666666,404.1666666666666
2025-10-30 19:00:00,121.39,1949.54457034178,404.1666666666666,404.1666666666666
2025-10-30 20:00:00,115.0,1950.9260191258984,404.1666666666666,404.1666666666666
2025-10-30 21:00:00,113.1,1952.02717395382,404.1666666666666,404.1666666666666
2025-10-30 22:00:00,109.0,1952.797982333364,404.1666666666666,404.1666666666666
2025-10-30 23:00:00,94.48,1954.069315634691,404.1666666666666,404.1666666666666
2025-10-31 00:00:00,95.11,1954.0292736409483,404.1666666666666,404.1666666666666
2025-10-31 01:00:00,90.57,1954.2995570987107,404.1666666666666,404.1666666666666
2025-10-31 02:00:00,88.73,1955.050344481384,404.1666666666666,404.1666666666666
2025-10-31 03:00:00,89.43,1954.04929463782,404.1666666666666,404.1666666666666
2025-10-31 04:00:00,91.96,1954.269525603404,404.1666666666666,404.1666666666666
2025-10-31 05:00:00,105.1,1953.1283287817405,404.1666666666666,404.1666666666666
2025-10-31 06:00:00,119.0,1951.6968275054437,404.1666666666666,404.1666666666666
2025-10-31 07:00:00,120.32,1952.267425916275,404.1666666666666,404.1666666666666
2025-10-31 08:00:00,116.14,1951.7669009944927,404.1666666666666,404.1666666666666
2025-10-31 09:00:00,114.74,1951.9971424585128,404.1666666666666,404.1666666666666
2025-10-31 10:00:00,114.4,1950.5656411822156,404.1666666666666,404.1666666666666
2025-10-31 11:00:00,109.0,1948.123079563918,404.1666666666666,404.1666666666666
2025-10-31 12:00:00,104.1,1945.990843397126,404.1666666666666,404.1666666666666
2025-10-31 13:00:00,104.1,1945.3401609988089,404.1666666666666,404.1666666666666
2025-10-31 14:00:00,111.71,1943.95871221469,404.1666666666666,404.1666666666666
2025-10-31 15:00:00,120.11,1942.0366965150463,404.1666666666666,404.1666666666666
2025-10-31 16:00:00,120.04,1941.6362765776205,404.1666666666666,404.1666666666666
2025-10-31 17:00:00,123.07,1941.8865390385115,404.1666666666666,404.1666666666666
2025-10-31 18:00:00,118.77,1943.117830346096,404.1666666666666,404.1666666666666
2025-10-31 19:00:00,118.93,1944.018775205304,404.1666666666666,404.1666666666666
2025-10-31 20:00:00,116.21,1945.82066492372,404.1666666666666,404.1666666666666
2025-10-31 21:00:00,110.49,1947.0919982250464,404.1666666666666,404.1666666666666
2025-10-31 22:00:00,108.5,1948.093048068611,404.1666666666666,404.1666666666666
2025-10-31 23:00:00,103.83,1948.593572990393,404.1666666666666,404.1666666666666
2025-11-01 00:00:00,90.02,1947.9929430842549,429.1666666666667,429.1666666666667
2025-11-01 01:00:00,89.31,1948.9239194387696,429.1666666666667,429.1666666666667
2025-11-01 02:00:00,88.9,1950.065116260433,429.1666666666667,429.1666666666667
2025-11-01 03:00:00,92.53,1950.265326229146,429.1666666666667,429.1666666666667
2025-11-01 04:00:00,89.6,1950.545620185344,429.1666666666667,429.1666666666667
2025-11-01 05:00:00,89.59,1950.845935138413,429.1666666666667,429.1666666666667
2025-11-01 06:00:00,93.46,1949.5645913386509,429.1666666666667,429.1666666666667
2025-11-01 07:00:00,89.51,1950.6257041728293,429.1666666666667,429.1666666666667
2025-11-01 08:00:00,93.29,1950.4254942041164,429.1666666666667,429.1666666666667
2025-11-01 09:00:00,92.24,1950.7958826462352,429.1666666666667,429.1666666666667
2025-11-01 10:00:00,84.03,1950.065116260433,429.1666666666667,429.1666666666667
2025-11-01 11:00:00,80.08,1948.743730466928,429.1666666666667,429.1666666666667
2025-11-01 12:00:00,79.99,1947.562491651522,429.1666666666667,429.1666666666667
2025-11-01 13:00:00,80.29,1946.6415257954427,429.1666666666667,429.1666666666667
2025-11-01 14:00:00,90.01,1944.689478600492,429.1666666666667,429.1666666666667
2025-11-01 15:00:00,93.43,1944.3391111552444,429.1666666666667,429.1666666666667
2025-11-01 16:00:00,108.07,1944.1589221834024,429.1666666666667,429.1666666666667
2025-11-01 17:00:00,107.04,1943.818565236591,429.1666666666667,429.1666666666667
2025-11-01 18:00:00,104.0,1943.95871221469,429.1666666666667,429.1666666666667
2025-11-01 19:00:00,96.8,1944.6394261083135,429.1666666666667,429.1666666666667
2025-11-01 20:00:00,94.29,1945.3601819956805,429.1666666666667,429.1666666666667
2025-11-01 21:00:00,89.56,1944.559342120829,429.1666666666667,429.1666666666667
2025-11-01 22:00:00,89.24,1945.1599720269671,429.1666666666667,429.1666666666667
2025-11-01 23:00:00,89.61,1944.1889536787096,429.1666666666667,429.1666666666667
2025-11-02 00:00:00,75.28,1944.3891636474225,429.1666666666667,429.1666666666667
2025-11-02 01:00:00,72.03,1945.2200350175813,429.1666666666667,429.1666666666667
2025-11-02 02:00:00,71.69,1946.1410008736605,429.1666666666667,429.1666666666667
2025-11-02 03:00:00,73.94,1947.2621766984528,429.1666666666667,429.1666666666667
2025-11-02 04:00:00,74.81,1946.3912633345517,429.1666666666667,429.1666666666667
2025-11-02 05:00:00,73.82,1946.3612318392445,429.1666666666667,429.1666666666667
2025-11-02 06:00:00,75.36,1946.941840748512,429.1666666666667,429.1666666666667
2025-11-02 07:00:00,73.06,1947.4924181624729,429.1666666666667,429.1666666666667
2025-11-02 08:00:00,81.1,1946.8917882563337,429.1666666666667,429.1666666666667
2025-11-02 09:00:00,83.98,1947.4623866671657,429.1666666666667,429.1666666666667
2025-11-02 10:00:00,83.91,1945.940790904948,429.1666666666667,429.1666666666667
2025-11-02 11:00:00,89.4,1945.6204549550068,429.1666666666667,429.1666666666667
2025-11-02 12:00:00,84.99,1944.8196150801557,429.1666666666667,429.1666666666667
2025-11-02 13:00:00,83.75,1945.490318475344,429.1666666666667,429.1666666666667
2025-11-02 14:00:00,88.0,1945.990843397126,429.1666666666667,429.1666666666667
2025-11-02 15:00:00,105.52,1946.0208748924329,429.1666666666667,429.1666666666667
2025-11-02 16:00:00,117.9,1945.5203499706504,429.1666666666667,429.1666666666667
2025-11-02 17:00:00,120.5,1944.3891636474225,429.1666666666667,429.1666666666667
2025-11-02 18:00:00,119.3,1945.6604969487491,429.1666666666667,429.1666666666667
2025-11-02 19:00:00,118.0,1947.1220297203536,429.1666666666667,429.1666666666667
2025-11-02 20:00:00,108.5,1947.7226596264925,429.1666666666667,429.1666666666667
2025-11-02 21:00:00,97.35,1948.69367797475,429.1666666666667,429.1666666666667
2025-11-02 22:00:00,94.04,1949.3243393761957,429.1666666666667,429.1666666666667
2025-11-02 23:00:00,84.92,1949.4945178496012,429.1666666666667,429.1666666666667
2025-11-03 00:00:00,81.52,1950.3654312135025,429.1666666666667,429.1666666666667
2025-11-03 01:00:00,71.99,1951.6968275054437,429.1666666666667,429.1666666666667
2025-11-03 02:00:00,67.56,1951.1262290946115,429.1666666666667,429.1666666666667
2025-11-03 03:00:00,69.41,1950.665746166572,429.1666666666667,429.1666666666667
2025-11-03 04:00:00,70.1,1950.9260191258984,429.1666666666667,429.1666666666667
2025-11-03 05:00:00,85.0,1950.665746166572,429.1666666666667,429.1666666666667
2025-11-03 06:00:00,108.36,1949.394412865245,429.1666666666667,429.1666666666667
2025-11-03 07:00:00,117.92,1951.2964075680172,429.1666666666667,429.1666666666667
2025-11-03 08:00:00,113.1,1951.897037474156,429.1666666666667,429.1666666666667
2025-11-03 09:00:00,106.4,1953.648874700394,429.1666666666667,429.1666666666667
2025-11-03 10:00:00,95.13,1952.6478248568292,429.1666666666667,429.1666666666667
2025-11-03 11:00:00,93.16,1950.895987630592,429.1666666666667,429.1666666666667
2025-11-03 12:00:00,90.73,1948.593572990393,429.1666666666667,429.1666666666667
2025-11-03 13:00:00,93.71,1948.6436254825717,429.1666666666667,429.1666666666667
2025-11-03 14:00:00,103.65,1947.06196672974,429.1666666666667,429.1666666666667
2025-11-03 15:00:00,109.46,1946.6415257954427,429.1666666666667,429.1666666666667
2025-11-03 16:00:00,118.44,1945.840685920591,429.1666666666667,429.1666666666667
2025-11-03 17:00:00,118.4,1946.2611268548883,429.1666666666667,429.1666666666667
2025-11-03 18:00:00,117.6,1947.642575639007,429.1666666666667,429.1666666666667
2025-11-03 19:00:00,116.19,1948.8938879434627,429.1666666666667,429.1666666666667
2025-11-03 20:00:00,97.91,1950.9660611196407,429.1666666666667,429.1666666666667
2025-11-03 21:00:00,94.7,1952.5677408693443,429.1666666666667,429.1666666666667
2025-11-03 22:00:00,94.69,1953.7289586878792,429.1666666666667,429.1666666666667
2025-11-03 23:00:00,92.57,1954.4497145752453,429.1666666666667,429.1666666666667
2025-11-04 00:00:00,93.2,1954.36963058776,429.1666666666667,429.1666666666667
2025-11-04 01:00:00,92.62,1955.931268343721,429.1666666666667,429.1666666666667
2025-11-04 02:00:00,92.01,1955.5708904000376,429.1666666666667,429.1666666666667
2025-11-04 03:00:00,91.74,1956.972360181028,429.1666666666667,429.1666666666667
2025-11-04 04:00:00,92.4,1956.351709278018,429.1666666666667,429.1666666666667
2025-11-04 05:00:00,97.99,1956.0313733280773,429.1666666666667,429.1666666666667
2025-11-04 06:00:00,113.09,1955.2705754469685,429.1666666666667,429.1666666666667
2025-11-04 07:00:00,118.0,1955.670995384394,429.1666666666667,429.1666666666667
2025-11-04 08:00:00,113.88,1955.7510793718795,429.1666666666667,429.1666666666667
2025-11-04 09:00:00,102.0,1957.302706629404,429.1666666666667,429.1666666666667
2025-11-04 10:00:00,87.4,1955.851184356236,429.1666666666667,429.1666666666667
2025-11-04 11:00:00,81.0,1956.1715203061765,429.1666666666667,429.1666666666667
2025-11-04 12:00:00,76.0,1953.7489796847503,429.1666666666667,429.1666666666667
2025-11-04 13:00:00,85.3,1952.8680558224137,429.1666666666667,429.1666666666667
2025-11-04 14:00:00,104.97,1951.8269639851069,429.1666666666667,429.1666666666667
2025-11-04 15:00:00,114.1,1949.5946228339576,429.1666666666667,429.1666666666667
2025-11-04 16:00:00,122.5,1947.4924181624729,429.1666666666667,429.1666666666667
2025-11-04 17:00:00,125.0,1947.8227646108487,429.1666666666667,429.1666666666667
2025-11-04 18:00:00,119.96,1949.4644863542944,429.1666666666667,429.1666666666667
2025-11-04 19:00:00,117.6,1950.8259141415424,429.1666666666667,429.1666666666667
2025-11-04 20:00:00,113.51,1952.467635884988,429.1666666666667,429.1666666666667
2025-11-04 21:00:00,110.04,1953.4987172238596,429.1666666666667,429.1666666666667
2025-11-04 22:00:00,100.08,1954.549819559602,429.1666666666667,429.1666666666667
2025-11-04 23:00:00,92.95,1955.5708904000376,429.1666666666667,429.1666666666667
2025-11-05 00:00:00,94.1,1955.951289340592,429.1666666666667,429.1666666666667
2025-11-05 01:00:00,93.1,1957.532948093424,429.1666666666667,429.1666666666667
2025-11-05 02:00:00,93.04,1958.0034415198995,429.1666666666667,429.1666666666667
2025-11-05 03:00:00,92.0,1957.432843109068,429.1666666666667,429.1666666666667
2025-11-05 04:00:00,93.57,1956.2015518014837,429.1666666666667,429.1666666666667
2025-11-05 05:00:00,96.68,1955.0703654782556,429.1666666666667,429.1666666666667
2025-11-05 06:00:00,116.52,1954.970260493899,429.1666666666667,429.1666666666667
2025-11-05 07:00:00,120.92,1956.632003234216,429.1666666666667,429.1666666666667
2025-11-05 08:00:00,117.89,1959.6551737617808,429.1666666666667,429.1666666666667
2025-11-05 09:00:00,112.4,1959.054543855642,429.1666666666667,429.1666666666667
2025-11-05 10:00:00,102.05,1957.9033365355428,429.1666666666667,429.1666666666667
2025-11-05 11:00:00,94.86,1957.0724651653843,429.1666666666667,429.1666666666667
2025-11-05 12:00:00,91.25,1955.1304284688688,429.1666666666667,429.1666666666667
2025-11-05 13:00:00,94.24,1951.927068969463,429.1666666666667,429.1666666666667
2025-11-05 14:00:00,104.8,1949.6947278183145,429.1666666666667,429.1666666666667
2025-11-05 15:00:00,119.25,1948.5635414950864,429.1666666666667,429.1666666666667
2025-11-05 16:00:00,147.72,1947.5224496577796,429.1666666666667,429.1666666666667
2025-11-05 17:00:00,153.81,1947.9228695952052,429.1666666666667,429.1666666666667
2025-11-05 18:00:00,134.04,1948.943940435641,429.1666666666667,429.1666666666667
2025-11-05 19:00:00,126.81,1951.0461451071264,429.1666666666667,429.1666666666667
2025-11-05 20:00:00,118.01,1952.1472999350472,429.1666666666667,429.1666666666667
2025-11-05 21:00:00,109.0,1954.2294836096612,429.1666666666667,429.1666666666667
2025-11-05 22:00:00,104.84,1955.1304284688688,429.1666666666667,429.1666666666667
2025-11-05 23:00:00,98.99,1956.632003234216,429.1666666666667,429.1666666666667
2025-11-06 00:00:00,104.0,1957.5529690902956,429.1666666666667,429.1666666666667
2025-11-06 01:00:00,102.26,1958.774249899444,429.1666666666667,429.1666666666667
2025-11-06 02:00:00,101.91,1958.433892952632,429.1666666666667,429.1666666666667
2025-11-06 03:00:00,102.22,1959.254753824355,429.1666666666667,429.1666666666667
2025-11-06 04:00:00,101.41,1958.804281394751,429.1666666666667,429.1666666666667
2025-11-06 05:00:00,105.12,1957.7531790590083,429.1666666666667,429.1666666666667
2025-11-06 06:00:00,118.25,1955.851184356236,429.1666666666667,429.1666666666667
2025-11-06 07:00:00,131.5,1955.5008169109883,429.1666666666667,429.1666666666667
2025-11-06 08:00:00,125.32,1955.000291989206,429.1666666666667,429.1666666666667
2025-11-06 09:00:00,113.65,1958.9744598681568,429.1666666666667,429.1666666666667
2025-11-06 10:00:00,103.05,1957.1525491528691,429.1666666666667,429.1666666666667
2025-11-06 11:00:00,97.66,1957.452864105939,429.1666666666667,429.1666666666667
2025-11-06 12:00:00,87.0,1956.972360181028,429.1666666666667,429.1666666666667
2025-11-06 13:00:00,91.72,1952.948139809899,429.1666666666667,429.1666666666667
2025-11-06 14:00:00,109.93,1954.1293786253048,429.1666666666667,429.1666666666667
2025-11-06 15:00:00,128.64,1954.950239497028,429.1666666666667,429.1666666666667
2025-11-06 16:00:00,154.7,1955.200501957919,429.1666666666667,429.1666666666667
2025-11-06 17:00:00,155.0,1955.0303234845128,429.1666666666667,429.1666666666667
2025-11-06 18:00:00,143.88,1955.931268343721,429.1666666666667,429.1666666666667
2025-11-06 19:00:00,131.2,1956.571940243602,429.1666666666667,429.1666666666667
2025-11-06 20:00:00,124.96,1956.4718352592456,429.1666666666667,429.1666666666667
2025-11-06 21:00:00,115.39,1956.972360181028,429.1666666666667,429.1666666666667
2025-11-06 22:00:00,110.0,1958.774249899444,429.1666666666667,429.1666666666667
2025-11-06 23:00:00,104.0,1959.254753824355,429.1666666666667,429.1666666666667
2025-11-07 00:00:00,101.06,1958.904386379107,429.1666666666667,429.1666666666667
2025-11-07 01:00:00,99.0,1959.204701332177,429.1666666666667,429.1666666666667
2025-11-07 02:00:00,97.56,1959.4049113008891,429.1666666666667,429.1666666666667
2025-11-07 03:00:00,97.38,1959.33483781184,429.1666666666667,429.1666666666667
2025-11-07 04:00:00,98.59,1957.9533890277207,429.1666666666667,429.1666666666667
2025-11-07 05:00:00,103.06,1958.0034415198995,429.1666666666667,429.1666666666667
2025-11-07 06:00:00,116.03,1957.0524441685127,429.1666666666667,429.1666666666667
2025-11-07 07:00:00,131.7,1956.1514993093049,429.1666666666667,429.1666666666667
2025-11-07 08:00:00,130.79,1956.932318187285,429.1666666666667,429.1666666666667
2025-11-07 09:00:00,114.22,1957.0724651653843,429.1666666666667,429.1666666666667
2025-11-07 10:00:00,104.47,1956.9022866919784,429.1666666666667,429.1666666666667
2025-11-07 11:00:00,103.13,1956.6520242310871,429.1666666666667,429.1666666666667
2025-11-07 12:00:00,100.08,1956.1715203061765,429.1666666666667,429.1666666666667
2025-11-07 13:00:00,100.56,1956.7321082185724,429.1666666666667,429.1666666666667
2025-11-07 14:00:00,108.38,1956.752129215444,429.1666666666667,429.1666666666667
2025-11-07 15:00:00,128.95,1956.752129215444,429.1666666666667,429.1666666666667
2025-11-07 16:00:00,146.28,1955.871205353107,429.1666666666667,429.1666666666667
2025-11-07 17:00:00,151.05,1954.970260493899,429.1666666666667,429.1666666666667
2025-11-07 18:00:00,141.79,1955.6009218953443,429.1666666666667,429.1666666666667
2025-11-07 19:00:00,136.31,1956.772150212315,429.1666666666667,429.1666666666667
2025-11-07 20:00:00,124.76,1957.202601645048,429.1666666666667,429.1666666666667
2025-11-07 21:00:00,115.1,1958.3037564729689,429.1666666666667,429.1666666666667
2025-11-07 22:00:00,110.0,1958.9544388712857,429.1666666666667,429.1666666666667
2025-11-07 23:00:00,103.72,1777.4641022330495,429.1666666666667,429.1666666666667
2025-11-08 00:00:00,101.53,1959.0345228587707,429.1666666666667,429.1666666666667
2025-11-08 01:00:00,100.0,1958.904386379107,429.1666666666667,429.1666666666667
2025-11-08 02:00:00,100.0,1959.304806316533,429.1666666666667,429.1666666666667
2025-11-08 03:00:00,98.77,1959.535047780553,429.1666666666667,429.1666666666667
2025-11-08 04:00:00,98.1,1959.474984789939,429.1666666666667,429.1666666666667
2025-11-08 05:00:00,100.07,1958.3538089651468,429.1666666666667,429.1666666666667
2025-11-08 06:00:00,106.49,1957.0524441685127,429.1666666666667,429.1666666666667
2025-11-08 07:00:00,112.34,1956.3717302748887,429.1666666666667,429.1666666666667
2025-11-08 08:00:00,114.5,1957.873305040236,429.1666666666667,429.1666666666667
2025-11-08 09:00:00,104.61,1958.203651488612,429.1666666666667,429.1666666666667
2025-11-08 10:00:00,98.86,1959.204701332177,429.1666666666667,429.1666666666667
2025-11-08 11:00:00,95.43,1958.433892952632,429.1666666666667,429.1666666666667
2025-11-08 12:00:00,93.48,1958.7041764103944,429.1666666666667,429.1666666666667
2025-11-08 13:00:00,96.18,1958.373829962018,429.1666666666667,429.1666666666667
2025-11-08 14:00:00,102.0,1958.0534940120772,429.1666666666667,429.1666666666667
2025-11-08 15:00:00,117.21,1956.7020767232657,429.1666666666667,429.1666666666667
2025-11-08 16:00:00,128.08,1956.551919246731,429.1666666666667,429.1666666666667
2025-11-08 17:00:00,131.5,1956.1314783124335,429.1666666666667,429.1666666666667
2025-11-08 18:00:00,133.4,1956.3717302748887,429.1666666666667,429.1666666666667
2025-11-08 19:00:00,128.02,1956.9022866919784,429.1666666666667,429.1666666666667
2025-11-08 20:00:00,117.68,1956.2315832967904,429.1666666666667,429.1666666666667
2025-11-08 21:00:00,110.02,1955.6309533906517,429.1666666666667,429.1666666666667
2025-11-08 22:00:00,106.1,1956.932318187285,429.1666666666667,429.1666666666667
2025-11-08 23:00:00,100.0,1228.888787959727,429.1666666666667,429.1666666666667
2025-11-09 00:00:00,99.94,1956.8722551966716,429.1666666666667,429.1666666666667
2025-11-09 01:00:00,98.51,1957.0023916763348,429.1666666666667,429.1666666666667
2025-11-09 02:00:00,95.0,1956.932318187285,429.1666666666667,429.1666666666667
2025-11-09 03:00:00,96.01,1957.0324231716415,429.1666666666667,429.1666666666667
2025-11-09 04:00:00,96.0,1956.772150212315,429.1666666666667,429.1666666666667
2025-11-09 05:00:00,96.86,1955.400711926632,429.1666666666667,429.1666666666667
2025-11-09 06:00:00,99.08,1955.6309533906517,429.1666666666667,429.1666666666667
2025-11-09 07:00:00,100.78,1955.7510793718795,429.1666666666667,429.1666666666667
2025-11-09 08:00:00,101.13,1955.931268343721,429.1666666666667,429.1666666666667
2025-11-09 09:00:00,100.18,1955.871205353107,429.1666666666667,429.1666666666667
2025-11-09 10:00:00,100.58,1955.1504494657404,429.1666666666667,429.1666666666667
2025-11-09 11:00:00,99.2,1953.5687907129088,429.1666666666667,429.1666666666667
2025-11-09 12:00:00,99.15,1954.149399622176,429.1666666666667,429.1666666666667
2025-11-09 13:00:00,98.38,1953.7289586878792,429.1666666666667,429.1666666666667
2025-11-09 14:00:00,102.0,1953.0982972864333,429.1666666666667,429.1666666666667
2025-11-09 15:00:00,111.86,1951.646775013265,429.1666666666667,429.1666666666667
2025-11-09 16:00:00,119.14,1951.2964075680172,429.1666666666667,429.1666666666667
2025-11-09 17:00:00,128.1,1951.2663760727105,429.1666666666667,429.1666666666667
2025-11-09 18:00:00,127.32,1951.026124110255,429.1666666666667,429.1666666666667
2025-11-09 19:00:00,124.6,1951.646775013265,429.1666666666667,429.1666666666667
2025-11-09 20:00:00,117.33,1951.4265440476809,429.1666666666667,429.1666666666667
2025-11-09 21:00:00,108.77,1952.247404919404,429.1666666666667,429.1666666666667
2025-11-09 22:00:00,106.0,1951.7669009944927,429.1666666666667,429.1666666666667
2025-11-09 23:00:00,99.0,1224.3640426668155,429.1666666666667,429.1666666666667
2025-11-10 00:00:00,97.22,1953.8490846691068,429.1666666666667,429.1666666666667
2025-11-10 01:00:00,94.13,1956.0313733280773,429.1666666666667,429.1666666666667
2025-11-10 02:00:00,93.0,1957.452864105939,429.1666666666667,429.1666666666667
2025-11-10 03:00:00,92.43,1957.47288510281,429.1666666666667,429.1666666666667
2025-11-10 04:00:00,95.45,1957.0724651653843,429.1666666666667,429.1666666666667
2025-11-10 05:00:00,100.02,1956.2315832967904,429.1666666666667,429.1666666666667
2025-11-10 06:00:00,121.09,1955.5008169109883,429.1666666666667,429.1666666666667
2025-11-10 07:00:00,145.96,1954.970260493899,429.1666666666667,429.1666666666667
2025-11-10 08:00:00,144.0,1954.7700505251864,429.1666666666667,429.1666666666667
2025-11-10 09:00:00,128.69,1954.36963058776,429.1666666666667,429.1666666666667
2025-11-10 10:00:00,122.08,1954.1694206190475,429.1666666666667,429.1666666666667
2025-11-10 11:00:00,118.56,1954.0993471299976,429.1666666666667,429.1666666666667
2025-11-10 12:00:00,113.2,1952.8980873177204,429.1666666666667,429.1666666666667
2025-11-10 13:00:00,117.4,1952.1673209319183,429.1666666666667,429.1666666666667
2025-11-10 14:00:00,124.36,1952.8480348255423,429.1666666666667,429.1666666666667
2025-11-10 15:00:00,135.25,1953.598822208216,429.1666666666667,429.1666666666667
2025-11-10 16:00:00,155.0,1952.067215947562,429.1666666666667,429.1666666666667
2025-11-10 17:00:00,148.26,1951.927068969463,429.1666666666667,429.1666666666667
2025-11-10 18:00:00,137.85,1951.9470899663345,429.1666666666667,429.1666666666667
2025-11-10 19:00:00,126.28,1952.297457411582,429.1666666666667,429.1666666666667
2025-11-10 20:00:00,120.87,1951.897037474156,429.1666666666667,429.1666666666667
2025-11-10 21:00:00,113.41,1952.8680558224137,429.1666666666667,429.1666666666667
2025-11-10 22:00:00,109.18,1954.269525603404,429.1666666666667,429.1666666666667
2025-11-10 23:00:00,100.82,1954.9302185001568,429.1666666666667,429.1666666666667
2025-11-11 00:00:00,99.33,1955.1504494657404,429.1666666666667,429.1666666666667
2025-11-11 01:00:00,98.4,1954.8501345126715,429.1666666666667,429.1666666666667
2025-11-11 02:00:00,98.21,1955.0303234845128,429.1666666666667,429.1666666666667
2025-11-11 03:00:00,98.0,1954.6999770361367,429.1666666666667,429.1666666666667
2025-11-11 04:00:00,98.29,1953.648874700394,429.1666666666667,429.1666666666667
2025-11-11 05:00:00,106.15,1953.0982972864333,429.1666666666667,429.1666666666667
2025-11-11 06:00:00,121.91,1951.8469849819776,429.1666666666667,429.1666666666667
2025-11-11 07:00:00,131.5,1951.0661661039976,429.1666666666667,429.1666666666667
2025-11-11 08:00:00,128.07,1954.269525603404,429.1666666666667,429.1666666666667
2025-11-11 09:00:00,119.26,1955.170470462612,429.1666666666667,429.1666666666667
2025-11-11 10:00:00,108.75,1953.228433766097,429.1666666666667,429.1666666666667
2025-11-11 11:00:00,100.91,1951.346460060196,429.1666666666667,429.1666666666667
2025-11-11 12:00:00,98.04,1949.8949377870272,429.1666666666667,429.1666666666667
2025-11-11 13:00:00,100.8,1946.4212948298589,429.1666666666667,429.1666666666667
2025-11-11 14:00:00,112.3,1942.4170954556007,429.1666666666667,429.1666666666667
2025-11-11 15:00:00,122.6,1940.5351217497,429.1666666666667,429.1666666666667
2025-11-11 16:00:00,132.9,1943.818565236591,429.1666666666667,429.1666666666667
2025-11-11 17:00:00,134.15,1944.3891636474225,429.1666666666667,429.1666666666667
2025-11-11 18:00:00,132.07,1948.0229745795616,429.1666666666667,429.1666666666667
2025-11-11 19:00:00,129.0,1949.8448852948488,429.1666666666667,429.1666666666667
2025-11-11 20:00:00,123.35,1952.02717395382,429.1666666666667,429.1666666666667
2025-11-11 21:00:00,118.2,1953.7289586878792,429.1666666666667,429.1666666666667
2025-11-11 22:00:00,112.47,1955.0303234845128,429.1666666666667,429.1666666666667
2025-11-11 23:00:00,104.1,1956.632003234216,429.1666666666667,429.1666666666667
2025-11-12 00:00:00,102.53,1957.1525491528691,429.1666666666667,429.1666666666667
2025-11-12 01:00:00,100.0,1956.9523391841567,429.1666666666667,429.1666666666667
2025-11-12 02:00:00,99.6,1958.503966441681,429.1666666666667,429.1666666666667
2025-11-12 03:00:00,97.98,1958.503966441681,429.1666666666667,429.1666666666667
2025-11-12 04:00:00,98.7,1957.9533890277207,429.1666666666667,429.1666666666667
2025-11-12 05:00:00,108.68,1956.5018667545528,429.1666666666667,429.1666666666667
2025-11-12 06:00:00,121.9,1956.5018667545528,429.1666666666667,429.1666666666667
2025-11-12 07:00:00,130.1,1955.370680431325,429.1666666666667,429.1666666666667
2025-11-12 08:00:00,128.2,1956.1715203061765,429.1666666666667,429.1666666666667
2025-11-12 09:00:00,118.76,1957.1325281559984,429.1666666666667,429.1666666666667
2025-11-12 10:00:00,110.66,1956.601971738909,429.1666666666667,429.1666666666667
2025-11-12 11:00:00,102.93,1956.2015518014837,429.1666666666667,429.1666666666667
2025-11-12 12:00:00,97.5,1955.1304284688688,429.1666666666667,429.1666666666667
2025-11-12 13:00:00,100.86,1952.998192302077,429.1666666666667,429.1666666666667
2025-11-12 14:00:00,112.7,1951.4966175367304,429.1666666666667,429.1666666666667
2025-11-12 15:00:00,124.2,1948.5635414950864,429.1666666666667,429.1666666666667
2025-11-12 16:00:00,130.46,1948.0229745795616,429.1666666666667,429.1666666666667
2025-11-12 17:00:00,131.25,1949.024024423126,429.1666666666667,429.1666666666667
2025-11-12 18:00:00,130.1,1949.5946228339576,429.1666666666667,429.1666666666667
2025-11-12 19:00:00,129.49,1951.446565044552,429.1666666666667,429.1666666666667
2025-11-12 20:00:00,124.34,1952.928118813028,429.1666666666667,429.1666666666667
2025-11-12 21:00:00,118.87,1954.0292736409483,429.1666666666667,429.1666666666667
2025-11-12 22:00:00,114.04,1955.230533453226,429.1666666666667,429.1666666666667
2025-11-12 23:00:00,109.07,1956.1314783124335,429.1666666666667,429.1666666666667
2025-11-13 00:00:00,102.58,1956.8722551966716,429.1666666666667,429.1666666666667
2025-11-13 01:00:00,99.2,1957.4028116137608,429.1666666666667,429.1666666666667
2025-11-13 02:00:00,99.1,1957.9333680308496,429.1666666666667,429.1666666666667
2025-11-13 03:00:00,98.01,1957.653074074652,429.1666666666667,429.1666666666667
2025-11-13 04:00:00,99.54,1957.7732000558797,429.1666666666667,429.1666666666667
2025-11-13 05:00:00,106.0,1955.731058375008,429.1666666666667,429.1666666666667
2025-11-13 06:00:00,121.06,1956.0313733280773,429.1666666666667,429.1666666666667
2025-11-13 07:00:00,129.39,1955.731058375008,429.1666666666667,429.1666666666667
2025-11-13 08:00:00,125.3,1955.931268343721,429.1666666666667,429.1666666666667
2025-11-13 09:00:00,116.6,1957.1525491528691,429.1666666666667,429.1666666666667
2025-11-13 10:00:00,104.16,1957.0524441685127,429.1666666666667,429.1666666666667
2025-11-13 11:00:00,98.08,1954.2495046065328,429.1666666666667,429.1666666666667
2025-11-13 12:00:00,93.48,1950.265326229146,429.1666666666667,429.1666666666667
2025-11-13 13:00:00,96.79,1942.4170954556007,429.1666666666667,429.1666666666667
2025-11-13 14:00:00,109.71,1939.9144708466897,429.1666666666667,429.1666666666667
2025-11-13 15:00:00,126.7,1938.1125811282732,429.1666666666667,429.1666666666667
2025-11-13 16:00:00,131.5,1938.21268611263,429.1666666666667,429.1666666666667
2025-11-13 17:00:00,130.0,1941.5561925901352,429.1666666666667,429.1666666666667
2025-11-13 18:00:00,129.46,1943.0177253617396,429.1666666666667,429.1666666666667
2025-11-13 19:00:00,128.0,1945.6604969487491,429.1666666666667,429.1666666666667
2025-11-13 20:00:00,125.49,1948.0229745795616,429.1666666666667,429.1666666666667
2025-11-13 21:00:00,120.0,1949.54457034178,429.1666666666667,429.1666666666667
2025-11-13 22:00:00,117.02,1952.267425916275,429.1666666666667,429.1666666666667
2025-11-13 23:00:00,111.77,1952.948139809899,429.1666666666667,429.1666666666667
2025-11-14 00:00:00,105.77,1953.668895697265,429.1666666666667,429.1666666666667
2025-11-14 01:00:00,103.21,1953.1283287817405,429.1666666666667,429.1666666666667
2025-11-14 02:00:00,101.36,1953.9692106503344,429.1666666666667,429.1666666666667
2025-11-14 03:00:00,100.0,1954.36963058776,429.1666666666667,429.1666666666667
2025-11-14 04:00:00,101.3,1954.04929463782,429.1666666666667,429.1666666666667
2025-11-14 05:00:00,111.55,1954.149399622176,429.1666666666667,429.1666666666667
2025-11-14 06:00:00,123.89,1953.5687907129088,429.1666666666667,429.1666666666667
2025-11-14 07:00:00,134.6,1952.6478248568292,429.1666666666667,429.1666666666667
2025-11-14 08:00:00,130.0,1951.6968275054437,429.1666666666667,429.1666666666667
2025-11-14 09:00:00,119.3,1954.7500295283148,429.1666666666667,429.1666666666667
2025-11-14 10:00:00,109.16,1954.4697355721169,429.1666666666667,429.1666666666667
2025-11-14 11:00:00,102.83,1952.948139809899,429.1666666666667,429.1666666666667
2025-11-14 12:00:00,99.65,1951.3965125523737,429.1666666666667,429.1666666666667
2025-11-14 13:00:00,102.04,1948.7637514637995,429.1666666666667,429.1666666666667
2025-11-14 14:00:00,116.0,1947.9428905920763,429.1666666666667,429.1666666666667
2025-11-14 15:00:00,127.09,1946.521399814215,429.1666666666667,429.1666666666667
2025-11-14 16:00:00,132.52,1946.3912633345517,429.1666666666667,429.1666666666667
2025-11-14 17:00:00,134.27,1946.3412108423731,429.1666666666667,429.1666666666667
2025-11-14 18:00:00,130.0,1946.1410008736605,429.1666666666667,429.1666666666667
2025-11-14 19:00:00,128.74,1946.321189845502,429.1666666666667,429.1666666666667
2025-11-14 20:00:00,125.0,1946.5614418079576,429.1666666666667,429.1666666666667
2025-11-14 21:00:00,118.0,1948.042995576433,429.1666666666667,429.1666666666667
2025-11-14 22:00:00,112.79,1948.323289532631,429.1666666666667,429.1666666666667
2025-11-14 23:00:00,107.43,1949.0640664168689,429.1666666666667,429.1666666666667
2025-11-15 00:00:00,105.0,1949.364381369938,429.1666666666667,429.1666666666667
2025-11-15 01:00:00,99.45,1950.1952527400963,429.1666666666667,429.1666666666667
2025-11-15 02:00:00,98.01,1950.0250742666904,429.1666666666667,429.1666666666667
2025-11-15 03:00:00,97.0,1950.7258091571855,429.1666666666667,429.1666666666667
2025-11-15 04:00:00,97.64,1950.6457251697004,429.1666666666667,429.1666666666667
2025-11-15 05:00:00,99.65,1950.32538921976,429.1666666666667,429.1666666666667
2025-11-15 06:00:00,108.67,1950.5656411822156,429.1666666666667,429.1666666666667
2025-11-15 07:00:00,114.35,1949.8949377870272,429.1666666666667,429.1666666666667
2025-11-15 08:00:00,112.95,1950.465536197859,429.1666666666667,429.1666666666667
2025-11-15 09:00:00,108.54,1949.7948328026707,429.1666666666667,429.1666666666667
2025-11-15 10:00:00,102.93,1947.9428905920763,429.1666666666667,429.1666666666667
2025-11-15 11:00:00,100.65,1946.821714767284,429.1666666666667,429.1666666666667
2025-11-15 12:00:00,100.12,1944.4191951427297,429.1666666666667,429.1666666666667
2025-11-15 13:00:00,102.05,1943.2579773241948,429.1666666666667,429.1666666666667
2025-11-15 14:00:00,108.0,1941.9566125275608,429.1666666666667,429.1666666666667
2025-11-15 15:00:00,116.39,1941.135751655838,429.1666666666667,429.1666666666667
2025-11-15 16:00:00,123.13,1939.253777949937,429.1666666666667,429.1666666666667
2025-11-15 17:00:00,125.89,1939.8844393513823,429.1666666666667,429.1666666666667
2025-11-15 18:00:00,125.94,1942.3870639602935,429.1666666666667,429.1666666666667
2025-11-15 19:00:00,123.7,1944.919720064512,429.1666666666667,429.1666666666667
2025-11-15 20:00:00,119.56,1946.921819751641,429.1666666666667,429.1666666666667
2025-11-15 21:00:00,113.68,1947.2221347047105,429.1666666666667,429.1666666666667
2025-11-15 22:00:00,111.8,1947.1921032094035,429.1666666666667,429.1666666666667
2025-11-15 23:00:00,107.92,1948.523499501344,429.1666666666667,429.1666666666667
2025-11-16 00:00:00,99.17,1949.024024423126,429.1666666666667,429.1666666666667
2025-11-16 01:00:00,96.41,1950.445515200988,429.1666666666667,429.1666666666667
2025-11-16 02:00:00,94.0,1952.02717395382,429.1666666666667,429.1666666666667
2025-11-16 03:00:00,92.59,1953.8490846691068,429.1666666666667,429.1666666666667
2025-11-16 04:00:00,92.7,1954.4697355721169,429.1666666666667,429.1666666666667
2025-11-16 05:00:00,94.5,1953.5687907129088,429.1666666666667,429.1666666666667
2025-11-16 06:00:00,100.05,1953.648874700394,429.1666666666667,429.1666666666667
2025-11-16 07:00:00,104.49,1953.698927192572,429.1666666666667,429.1666666666667
2025-11-16 08:00:00,102.02,1953.698927192572,429.1666666666667,429.1666666666667
2025-11-16 09:00:00,102.0,1953.248454762968,429.1666666666667,429.1666666666667
2025-11-16 10:00:00,102.04,1952.5276988756016,429.1666666666667,429.1666666666667
2025-11-16 11:00:00,103.21,1951.146250091483,429.1666666666667,429.1666666666667
2025-11-16 12:00:00,102.87,1951.0461451071264,429.1666666666667,429.1666666666667
2025-11-16 13:00:00,105.46,1951.446565044552,429.1666666666667,429.1666666666667
2025-11-16 14:00:00,108.8,1950.065116260433,429.1666666666667,429.1666666666667
2025-11-16 15:00:00,113.4,1949.1942028965325,429.1666666666667,429.1666666666667
2025-11-16 16:00:00,120.59,1948.6636464794428,429.1666666666667,429.1666666666667
2025-11-16 17:00:00,123.67,1948.323289532631,429.1666666666667,429.1666666666667
2025-11-16 18:00:00,123.9,1947.622554642136,429.1666666666667,429.1666666666667
2025-11-16 19:00:00,119.8,1948.193153052968,429.1666666666667,429.1666666666667
2025-11-16 20:00:00,118.03,1948.8938879434627,429.1666666666667,429.1666666666667
2025-11-16 21:00:00,113.41,1949.394412865245,429.1666666666667,429.1666666666667
2025-11-16 22:00:00,104.91,1950.1452002479184,429.1666666666667,429.1666666666667
2025-11-16 23:00:00,98.41,1951.1262290946115,429.1666666666667,429.1666666666667
2025-11-17 00:00:00,93.68,1951.4966175367304,429.1666666666667,429.1666666666667
2025-11-17 01:00:00,90.89,1951.0961975993048,429.1666666666667,429.1666666666667
2025-11-17 02:00:00,90.45,1951.146250091483,429.1666666666667,429.1666666666667
2025-11-17 03:00:00,91.01,1951.1262290946115,429.1666666666667,429.1666666666667
2025-11-17 04:00:00,91.8,1949.8248642979777,429.1666666666667,429.1666666666667
2025-11-17 05:00:00,98.01,1949.4644863542944,429.1666666666667,429.1666666666667
2025-11-17 06:00:00,117.42,1948.493468006037,429.1666666666667,429.1666666666667
2025-11-17 07:00:00,127.09,1945.6905284440568,429.1666666666667,429.1666666666667
2025-11-17 08:00:00,127.6,1944.9597620582545,429.1666666666667,429.1666666666667
2025-11-17 09:00:00,125.06,1945.490318475344,429.1666666666667,429.1666666666667
2025-11-17 10:00:00,123.11,1946.2611268548883,429.1666666666667,429.1666666666667
2025-11-17 11:00:00,122.83,1949.1241294074823,429.1666666666667,429.1666666666667
2025-11-17 12:00:00,122.01,1950.9260191258984,429.1666666666667,429.1666666666667
2025-11-17 13:00:00,122.01,1952.7479298411856,429.1666666666667,429.1666666666667
2025-11-17 14:00:00,122.93,1953.2985072551464,429.1666666666667,429.1666666666667
2025-11-17 15:00:00,128.07,1953.148349778612,429.1666666666667,429.1666666666667
2025-11-17 16:00:00,130.09,1952.547719872473,429.1666666666667,429.1666666666667
2025-11-17 17:00:00,130.45,1954.549819559602,429.1666666666667,429.1666666666667
2025-11-17 18:00:00,130.04,1956.571940243602,429.1666666666667,429.1666666666667
2025-11-17 19:00:00,126.66,1956.1314783124335,429.1666666666667,429.1666666666667
2025-11-17 20:00:00,121.72,1956.932318187285,429.1666666666667,429.1666666666667
2025-11-17 21:00:00,114.01,1958.0534940120772,429.1666666666667,429.1666666666667
2025-11-17 22:00:00,108.0,1960.0055412070285,429.1666666666667,429.1666666666667
2025-11-17 23:00:00,104.61,1960.7062760975236,429.1666666666667,429.1666666666667
2025-11-18 00:00:00,103.34,1960.5360976241172,429.1666666666667,429.1666666666667
2025-11-18 01:00:00,100.08,1960.5060661288103,429.1666666666667,429.1666666666667
2025-11-18 02:00:00,99.0,1960.175719680434,429.1666666666667,429.1666666666667
2025-11-18 03:00:00,98.43,1960.3058561600976,429.1666666666667,429.1666666666667
2025-11-18 04:00:00,98.97,1960.1556986835628,429.1666666666667,429.1666666666667
2025-11-18 05:00:00,104.99,1958.503966441681,429.1666666666667,429.1666666666667
2025-11-18 06:00:00,118.17,1957.873305040236,429.1666666666667,429.1666666666667
2025-11-18 07:00:00,126.29,1957.3727801184536,429.1666666666667,429.1666666666667
2025-11-18 08:00:00,131.2,1959.9354677179788,429.1666666666667,429.1666666666667
2025-11-18 09:00:00,125.0,1959.5750897742955,429.1666666666667,429.1666666666667
2025-11-18 10:00:00,120.85,1957.6030215824733,429.1666666666667,429.1666666666667
2025-11-18 11:00:00,118.4,1958.1335779995627,429.1666666666667,429.1666666666667
2025-11-18 12:00:00,113.2,1957.673095071523,429.1666666666667,429.1666666666667
2025-11-18 13:00:00,115.8,1958.103546504256,429.1666666666667,429.1666666666667
2025-11-18 14:00:00,120.5,1957.9033365355428,429.1666666666667,429.1666666666667
2025-11-18 15:00:00,127.8,1957.1525491528691,429.1666666666667,429.1666666666667
2025-11-18 16:00:00,132.71,1956.802181707622,429.1666666666667,429.1666666666667
2025-11-18 17:00:00,136.4,1956.401761770196,429.1666666666667,429.1666666666667
2025-11-18 18:00:00,133.21,1956.8322132029289,429.1666666666667,429.1666666666667
2025-11-18 19:00:00,128.85,1957.202601645048,429.1666666666667,429.1666666666667
2025-11-18 20:00:00,125.95,1957.9033365355428,429.1666666666667,429.1666666666667
2025-11-18 21:00:00,119.0,1958.2537039807903,429.1666666666667,429.1666666666667
2025-11-18 22:00:00,113.2,1959.8353627336223,429.1666666666667,429.1666666666667
2025-11-18 23:00:00,108.84,1959.0345228587707,429.1666666666667,429.1666666666667
2025-11-19 00:00:00,110.0,1959.7752997430084,429.1666666666667,429.1666666666667
2025-11-19 01:00:00,106.0,1959.5750897742955,429.1666666666667,429.1666666666667
2025-11-19 02:00:00,104.0,1960.275824664791,429.1666666666667,429.1666666666667
2025-11-19 03:00:00,103.7,1959.9354677179788,429.1666666666667,429.1666666666667
2025-11-19 04:00:00,104.31,1959.33483781184,429.1666666666667,429.1666666666667
2025-11-19 05:00:00,112.84,1957.202601645048,429.1666666666667,429.1666666666667
2025-11-19 06:00:00,125.29,1957.0023916763348,429.1666666666667,429.1666666666667
2025-11-19 07:00:00,135.1,1956.4518142623745,429.1666666666667,429.1666666666667
2025-11-19 08:00:00,138.41,1956.4718352592456,429.1666666666667,429.1666666666667
2025-11-19 09:00:00,126.41,1959.7352577492657,429.1666666666667,429.1666666666667
2025-11-19 10:00:00,121.08,1959.535047780553,429.1666666666667,429.1666666666667
2025-11-19 11:00:00,118.0,1958.774249899444,429.1666666666667,429.1666666666667
2025-11-19 12:00:00,113.03,1958.5339979369885,429.1666666666667,429.1666666666667
2025-11-19 13:00:00,115.82,1958.574039930731,429.1666666666667,429.1666666666667
2025-11-19 14:00:00,122.81,1957.673095071523,429.1666666666667,429.1666666666667
2025-11-19 15:00:00,133.95,1956.1715203061765,429.1666666666667,429.1666666666667
2025-11-19 16:00:00,138.92,1955.6509743875224,429.1666666666667,429.1666666666667
2025-11-19 17:00:00,140.99,1954.950239497028,429.1666666666667,429.1666666666667
2025-11-19 18:00:00,139.05,1466.6181048094145,429.1666666666667,429.1666666666667
2025-11-19 19:00:00,136.34,1956.8722551966716,429.1666666666667,429.1666666666667
2025-11-19 20:00:00,128.41,1957.1024966606917,429.1666666666667,429.1666666666667
2025-11-19 21:00:00,120.0,1958.574039930731,429.1666666666667,429.1666666666667
2025-11-19 22:00:00,116.68,1959.975509711721,429.1666666666667,429.1666666666667
2025-11-19 23:00:00,112.0,1960.6362026084737,429.1666666666667,429.1666666666667
2025-11-20 00:00:00,106.99,1960.275824664791,429.1666666666667,429.1666666666667
2025-11-20 01:00:00,105.1,1960.0055412070285,429.1666666666667,429.1666666666667
2025-11-20 02:00:00,104.42,1960.4560136366324,429.1666666666667,429.1666666666667
2025-11-20 03:00:00,103.91,1960.3759296491469,429.1666666666667,429.1666666666667
2025-11-20 04:00:00,104.15,1959.3548588087112,429.1666666666667,429.1666666666667
2025-11-20 05:00:00,106.12,1957.733158062137,429.1666666666667,429.1666666666667
2025-11-20 06:00:00,124.7,1956.752129215444,429.1666666666667,429.1666666666667
2025-11-20 07:00:00,133.35,1956.2015518014837,429.1666666666667,429.1666666666667
2025-11-20 08:00:00,139.09,1955.1504494657404,429.1666666666667,429.1666666666667
2025-11-20 09:00:00,131.21,1957.5529690902956,429.1666666666667,429.1666666666667
2025-11-20 10:00:00,125.03,1957.9033365355428,429.1666666666667,429.1666666666667
2025-11-20 11:00:00,121.51,1956.772150212315,429.1666666666667,429.1666666666667
2025-11-20 12:00:00,119.5,1957.1525491528691,429.1666666666667,429.1666666666667
2025-11-20 13:00:00,121.5,1951.5266490320373,429.1666666666667,429.1666666666667
2025-11-20 14:00:00,127.1,1956.2315832967904,429.1666666666667,429.1666666666667
2025-11-20 15:00:00,131.9,1956.1314783124335,429.1666666666667,429.1666666666667
2025-11-20 16:00:00,146.5,1956.07141532182,429.1666666666667,429.1666666666667
2025-11-20 17:00:00,155.0,1957.0724651653843,429.1666666666667,429.1666666666667
2025-11-20 18:00:00,148.91,1958.1535989964336,429.1666666666667,429.1666666666667
2025-11-20 19:00:00,137.06,1958.55401893386,429.1666666666667,429.1666666666667
2025-11-20 20:00:00,126.64,1958.904386379107,429.1666666666667,429.1666666666667
2025-11-20 21:00:00,121.03,1959.505016285246,429.1666666666667,429.1666666666667
2025-11-20 22:00:00,114.7,1960.3358876554043,429.1666666666667,429.1666666666667
2025-11-20 23:00:00,109.92,1961.2068010193057,429.1666666666667,429.1666666666667
2025-11-21 00:00:00,106.67,1960.9565385584144,429.1666666666667,429.1666666666667
2025-11-21 01:00:00,104.84,1961.3769794927116,429.1666666666667,429.1666666666667
2025-11-21 02:00:00,102.52,1961.1767695239985,429.1666666666667,429.1666666666667
2025-11-21 03:00:00,100.86,1960.856433574058,429.1666666666667,429.1666666666667
2025-11-21 04:00:00,104.0,1960.355908652276,429.1666666666667,429.1666666666667
2025-11-21 05:00:00,107.7,1959.054543855642,429.1666666666667,429.1666666666667
2025-11-21 06:00:00,128.4,1956.8322132029289,429.1666666666667,429.1666666666667
2025-11-21 07:00:00,165.47,1956.9022866919784,429.1666666666667,429.1666666666667
2025-11-21 08:00:00,182.67,1956.802181707622,429.1666666666667,429.1666666666667
2025-11-21 09:00:00,168.06,1957.2726751340967,429.1666666666667,429.1666666666667
2025-11-21 10:00:00,150.0,1957.5529690902956,429.1666666666667,429.1666666666667
2025-11-21 11:00:00,137.07,1956.601971738909,429.1666666666667,429.1666666666667
2025-11-21 12:00:00,133.67,1957.7531790590083,429.1666666666667,429.1666666666667
2025-11-21 13:00:00,134.91,1958.2737249776617,429.1666666666667,429.1666666666667
2025-11-21 14:00:00,140.2,1958.3538089651468,429.1666666666667,429.1666666666667
2025-11-21 15:00:00,175.36,1958.604071426038,429.1666666666667,429.1666666666667
2025-11-21 16:00:00,217.54,1958.1335779995627,429.1666666666667,429.1666666666667
2025-11-21 17:00:00,233.95,1957.873305040236,429.1666666666667,429.1666666666667
2025-11-21 18:00:00,184.85,1958.6741449150877,429.1666666666667,429.1666666666667
2025-11-21 19:00:00,165.0,1958.804281394751,429.1666666666667,429.1666666666667
2025-11-21 20:00:00,130.98,1959.905436222672,429.1666666666667,429.1666666666667
2025-11-21 21:00:00,120.36,1960.435992639761,429.1666666666667,429.1666666666667
2025-11-21 22:00:00,114.0,1961.457063480197,429.1666666666667,429.1666666666667
2025-11-21 23:00:00,106.83,1962.337987342533,429.1666666666667,429.1666666666667
2025-11-22 00:00:00,114.96,1960.9565385584144,429.1666666666667,429.1666666666667
2025-11-22 01:00:00,110.53,1960.9565385584144,429.1666666666667,429.1666666666667
2025-11-22 02:00:00,108.36,1959.975509711721,429.1666666666667,429.1666666666667
2025-11-22 03:00:00,107.1,1960.476034633504,429.1666666666667,429.1666666666667
2025-11-22 04:00:00,106.26,1960.1056461913847,429.1666666666667,429.1666666666667
2025-11-22 05:00:00,109.37,1958.9344178744143,429.1666666666667,429.1666666666667
2025-11-22 06:00:00,116.0,1958.7041764103944,429.1666666666667,429.1666666666667
2025-11-22 07:00:00,121.8,1958.6741449150877,429.1666666666667,429.1666666666667
2025-11-22 08:00:00,123.05,1958.0534940120772,429.1666666666667,429.1666666666667
2025-11-22 09:00:00,121.1,1958.604071426038,429.1666666666667,429.1666666666667
2025-11-22 10:00:00,115.51,1959.555068777424,429.1666666666667,429.1666666666667
2025-11-22 11:00:00,109.85,1960.2057511757407,429.1666666666667,429.1666666666667
2025-11-22 12:00:00,107.11,1960.4560136366324,429.1666666666667,429.1666666666667
2025-11-22 13:00:00,107.1,1960.5561186209889,429.1666666666667,429.1666666666667
2025-11-22 14:00:00,116.56,1960.656223605345,429.1666666666667,429.1666666666667
2025-11-22 15:00:00,123.0,1959.8754047273649,429.1666666666667,429.1666666666667
2025-11-22 16:00:00,126.0,1959.474984789939,429.1666666666667,429.1666666666667
2025-11-22 17:00:00,127.69,1958.7342079057012,429.1666666666667,429.1666666666667
2025-11-22 18:00:00,127.69,1958.103546504256,429.1666666666667,429.1666666666667
2025-11-22 19:00:00,126.7,1957.5529690902956,429.1666666666667,429.1666666666667
2025-11-22 20:00:00,124.3,1958.2737249776617,429.1666666666667,429.1666666666667
2025-11-22 21:00:00,120.2,1958.3037564729689,429.1666666666667,429.1666666666667
2025-11-22 22:00:00,116.72,1960.5360976241172,429.1666666666667,429.1666666666667
2025-11-22 23:00:00,114.47,1961.0566435427709,429.1666666666667,429.1666666666667
2025-11-23 00:00:00,115.8,1960.9765595552856,429.1666666666667,429.1666666666667
2025-11-23 01:00:00,111.8,1961.0566435427709,429.1666666666667,429.1666666666667
2025-11-23 02:00:00,110.36,1960.6061711131667,429.1666666666667,429.1666666666667
2025-11-23 03:00:00,110.21,1960.3358876554043,429.1666666666667,429.1666666666667
2025-11-23 04:00:00,110.54,1960.0555936992064,429.1666666666667,429.1666666666667
2025-11-23 05:00:00,111.0,1958.8743548838004,429.1666666666667,429.1666666666667
2025-11-23 06:00:00,112.7,1959.304806316533,429.1666666666667,429.1666666666667
2025-11-23 07:00:00,113.96,1960.2057511757407,429.1666666666667,429.1666666666667
2025-11-23 08:00:00,115.64,1960.6362026084737,429.1666666666667,429.1666666666667
2025-11-23 09:00:00,112.04,1960.9365175615435,429.1666666666667,429.1666666666667
2025-11-23 10:00:00,110.33,1961.0566435427709,429.1666666666667,429.1666666666667
2025-11-23 11:00:00,110.1,1960.1056461913847,429.1666666666667,429.1666666666667
2025-11-23 12:00:00,111.0,1960.676244602216,429.1666666666667,429.1666666666667
2025-11-23 13:00:00,111.88,1960.5561186209889,429.1666666666667,429.1666666666667
2025-11-23 14:00:00,113.11,1960.7062760975236,429.1666666666667,429.1666666666667
2025-11-23 15:00:00,120.0,1959.8053312383156,429.1666666666667,429.1666666666667
2025-11-23 16:00:00,128.22,1959.33483781184,429.1666666666667,429.1666666666667
2025-11-23 17:00:00,131.6,1959.204701332177,429.1666666666667,429.1666666666667
2025-11-23 18:00:00,131.59,1958.804281394751,429.1666666666667,429.1666666666667
2025-11-23 19:00:00,129.02,1959.7352577492657,429.1666666666667,429.1666666666667
2025-11-23 20:00:00,125.0,1959.6351527649088,429.1666666666667,429.1666666666667
2025-11-23 21:00:00,122.43,1959.905436222672,429.1666666666667,429.1666666666667
2025-11-23 22:00:00,118.21,1961.0366225459,429.1666666666667,429.1666666666667
2025-11-23 23:00:00,111.0,1961.0766645396425,429.1666666666667,429.1666666666667
2025-11-24 00:00:00,102.39,1959.454963793068,429.1666666666667,429.1666666666667
2025-11-24 01:00:00,99.95,1960.0555936992064,429.1666666666667,429.1666666666667
2025-11-24 02:00:00,97.24,1960.476034633504,429.1666666666667,429.1666666666667
2025-11-24 03:00:00,96.0,1960.3058561600976,429.1666666666667,429.1666666666667
2025-11-24 04:00:00,97.0,1959.304806316533,429.1666666666667,429.1666666666667
2025-11-24 05:00:00,102.58,1957.70312656683,429.1666666666667,429.1666666666667
2025-11-24 06:00:00,116.45,1957.1525491528691,429.1666666666667,429.1666666666667
2025-11-24 07:00:00,129.74,1956.401761770196,429.1666666666667,429.1666666666667
2025-11-24 08:00:00,136.29,1955.670995384394,429.1666666666667,429.1666666666667
2025-11-24 09:00:00,135.03,1955.6009218953443,429.1666666666667,429.1666666666667
2025-11-24 10:00:00,131.41,1955.6509743875224,429.1666666666667,429.1666666666667
2025-11-24 11:00:00,131.37,1954.6699455408293,429.1666666666667,429.1666666666667
2025-11-24 12:00:00,131.74,1954.629903547087,429.1666666666667,429.1666666666667
2025-11-24 13:00:00,134.5,1953.148349778612,429.1666666666667,429.1666666666667
2025-11-24 14:00:00,136.99,1952.1472999350472,429.1666666666667,429.1666666666667
2025-11-24 15:00:00,148.71,1952.7479298411856,429.1666666666667,429.1666666666667
2025-11-24 16:00:00,160.49,1954.4296935783743,429.1666666666667,429.1666666666667
2025-11-24 17:00:00,158.8,1956.2315832967904,429.1666666666667,429.1666666666667
2025-11-24 18:00:00,154.61,1956.772150212315,429.1666666666667,429.1666666666667
2025-11-24 19:00:00,151.92,1956.8522341998,429.1666666666667,429.1666666666667
2025-11-24 20:00:00,127.4,1957.673095071523,429.1666666666667,429.1666666666667
2025-11-24 21:00:00,119.66,1957.202601645048,429.1666666666667,429.1666666666667
2025-11-24 22:00:00,113.76,1959.1546488399983,429.1666666666667,429.1666666666667
2025-11-24 23:00:00,107.83,1959.234732827484,429.1666666666667,429.1666666666667
2025-11-25 00:00:00,106.97,1959.304806316533,429.1666666666667,429.1666666666667
2025-11-25 01:00:00,105.2,1959.8053312383156,429.1666666666667,429.1666666666667
2025-11-25 02:00:00,104.05,1960.5060661288103,429.1666666666667,429.1666666666667
2025-11-25 03:00:00,103.81,1960.57613961786,429.1666666666667,429.1666666666667
2025-11-25 04:00:00,103.57,1958.8343128900576,429.1666666666667,429.1666666666667
2025-11-25 05:00:00,111.31,1958.4739349463744,429.1666666666667,429.1666666666667
2025-11-25 06:00:00,137.01,1958.203651488612,429.1666666666667,429.1666666666667
2025-11-25 07:00:00,155.71,1956.752129215444,429.1666666666667,429.1666666666667
2025-11-25 08:00:00,186.05,1959.505016285246,429.1666666666667,429.1666666666667
2025-11-25 09:00:00,183.3,1959.10459634782,429.1666666666667,429.1666666666667
2025-11-25 10:00:00,186.2,1955.000291989206,429.1666666666667,429.1666666666667
2025-11-25 11:00:00,193.02,1955.670995384394,429.1666666666667,429.1666666666667
2025-11-25 12:00:00,171.29,1956.4317932655035,429.1666666666667,429.1666666666667
2025-11-25 13:00:00,220.0,1955.8011318640572,429.1666666666667,429.1666666666667
2025-11-25 14:00:00,238.44,1955.851184356236,429.1666666666667,429.1666666666667
2025-11-25 15:00:00,250.0,1956.0013418327703,429.1666666666667,429.1666666666667
2025-11-25 16:00:00,267.2,1955.9012368484136,429.1666666666667,429.1666666666667
2025-11-25 17:00:00,253.31,1955.6509743875224,429.1666666666667,429.1666666666667
2025-11-25 18:00:00,234.84,1956.972360181028,429.1666666666667,429.1666666666667
2025-11-25 19:00:00,182.18,1956.601971738909,429.1666666666667,429.1666666666667
2025-11-25 20:00:00,157.49,1957.8532840433645,429.1666666666667,429.1666666666667
2025-11-25 21:00:00,135.65,1957.9333680308496,429.1666666666667,429.1666666666667
2025-11-25 22:00:00,121.01,1958.7542289025728,429.1666666666667,429.1666666666667
2025-11-25 23:00:00,107.99,1959.10459634782,429.1666666666667,429.1666666666667
2025-11-26 00:00:00,104.06,1959.1746698368693,429.1666666666667,429.1666666666667
2025-11-26 01:00:00,101.57,1961.457063480197,429.1666666666667,429.1666666666667
2025-11-26 02:00:00,99.97,1961.6572734489096,429.1666666666667,429.1666666666667
2025-11-26 03:00:00,99.8,1962.0777143832065,429.1666666666667,429.1666666666667
2025-11-26 04:00:00,99.81,1958.4539139495037,429.1666666666667,429.1666666666667
2025-11-26 05:00:00,105.51,1956.772150212315,429.1666666666667,429.1666666666667
2025-11-26 06:00:00,133.0,1956.1314783124335,429.1666666666667,429.1666666666667
2025-11-26 07:00:00,184.68,1956.0313733280773,429.1666666666667,429.1666666666667
2025-11-26 08:00:00,208.18,1956.1314783124335,429.1666666666667,429.1666666666667
2025-11-26 09:00:00,210.0,1899.6122041447843,429.1666666666667,429.1666666666667
2025-11-26 10:00:00,192.46,1888.1802149312784,429.1666666666667,429.1666666666667
2025-11-26 11:00:00,182.99,1885.597506334882,429.1666666666667,429.1666666666667
2025-11-26 12:00:00,181.33,1878.8504303892576,429.1666666666667,429.1666666666667
2025-11-26 13:00:00,180.0,1878.2698214799905,429.1666666666667,429.1666666666667
2025-11-26 14:00:00,173.85,1877.6191390816732,429.1666666666667,429.1666666666667
2025-11-26 15:00:00,276.61,1913.927216907756,429.1666666666667,429.1666666666667
2025-11-26 16:00:00,317.97,1955.45076441881,429.1666666666667,429.1666666666667
2025-11-26 17:00:00,288.41,1956.8522341998,429.1666666666667,429.1666666666667
2025-11-26 18:00:00,258.75,1957.5729900871663,429.1666666666667,429.1666666666667
2025-11-26 19:00:00,220.0,1956.9022866919784,429.1666666666667,429.1666666666667
2025-11-26 20:00:00,153.03,1957.9033365355428,429.1666666666667,429.1666666666667
2025-11-26 21:00:00,120.03,1958.8743548838004,429.1666666666667,429.1666666666667
2025-11-26 22:00:00,112.4,1959.8353627336223,429.1666666666667,429.1666666666667
2025-11-26 23:00:00,109.62,1960.175719680434,429.1666666666667,429.1666666666667
2025-11-27 00:00:00,110.63,1960.7563285897013,429.1666666666667,429.1666666666667
2025-11-27 01:00:00,108.0,1960.476034633504,429.1666666666667,429.1666666666667
2025-11-27 02:00:00,106.45,1959.555068777424,429.1666666666667,429.1666666666667
2025-11-27 03:00:00,106.0,1960.3358876554043,429.1666666666667,429.1666666666667
2025-11-27 04:00:00,105.67,1959.204701332177,429.1666666666667,429.1666666666667
2025-11-27 05:00:00,107.08,1957.202601645048,429.1666666666667,429.1666666666667
2025-11-27 06:00:00,123.99,1956.1715203061765,429.1666666666667,429.1666666666667
2025-11-27 07:00:00,134.79,1955.4707854156811,429.1666666666667,429.1666666666667
2025-11-27 08:00:00,134.27,1955.731058375008,429.1666666666667,429.1666666666667
2025-11-27 09:00:00,130.29,1956.752129215444,429.1666666666667,429.1666666666667
2025-11-27 10:00:00,125.0,1956.5318982498595,429.1666666666667,429.1666666666667
2025-11-27 11:00:00,122.2,1957.252654137226,429.1666666666667,429.1666666666667
2025-11-27 12:00:00,119.2,1956.9022866919784,429.1666666666667,429.1666666666667
2025-11-27 13:00:00,119.01,1951.8269639851069,429.1666666666667,429.1666666666667
2025-11-27 14:00:00,128.2,1954.9302185001568,429.1666666666667,429.1666666666667
2025-11-27 15:00:00,132.06,1954.970260493899,429.1666666666667,429.1666666666667
2025-11-27 16:00:00,135.05,1953.2985072551464,429.1666666666667,429.1666666666667
2025-11-27 17:00:00,135.97,1954.3295885940177,429.1666666666667,429.1666666666667
2025-11-27 18:00:00,136.46,1955.7010268797007,429.1666666666667,429.1666666666667
2025-11-27 19:00:00,131.17,1956.571940243602,429.1666666666667,429.1666666666667
2025-11-27 20:00:00,128.13,1956.6720452279585,429.1666666666667,429.1666666666667
2025-11-27 21:00:00,121.04,1957.0524441685127,429.1666666666667,429.1666666666667
2025-11-27 22:00:00,115.78,1958.804281394751,429.1666666666667,429.1666666666667
2025-11-27 23:00:00,111.8,1959.10459634782,429.1666666666667,429.1666666666667
2025-11-28 00:00:00,103.03,1960.3759296491469,429.1666666666667,429.1666666666667
2025-11-28 01:00:00,99.77,1960.80638108188,429.1666666666667,429.1666666666667
2025-11-28 02:00:00,99.26,1960.5360976241172,429.1666666666667,429.1666666666667
2025-11-28 03:00:00,99.66,1959.9354677179788,429.1666666666667,429.1666666666667
2025-11-28 04:00:00,99.7,1959.535047780553,429.1666666666667,429.1666666666667
2025-11-28 05:00:00,102.38,1957.653074074652,429.1666666666667,429.1666666666667
2025-11-28 06:00:00,119.31,1957.252654137226,429.1666666666667,429.1666666666667
2025-11-28 07:00:00,131.0,1956.551919246731,429.1666666666667,429.1666666666667
2025-11-28 08:00:00,132.81,1956.8722551966716,429.1666666666667,429.1666666666667
2025-11-28 09:00:00,130.27,1957.9033365355428,429.1666666666667,429.1666666666667
2025-11-28 10:00:00,122.9,1958.2537039807903,429.1666666666667,429.1666666666667
2025-11-28 11:00:00,118.0,1958.804281394751,429.1666666666667,429.1666666666667
2025-11-28 12:00:00,113.42,1958.5339979369885,429.1666666666667,429.1666666666667
2025-11-28 13:00:00,111.91,1958.654123918216,429.1666666666667,429.1666666666667
2025-11-28 14:00:00,121.17,1958.604071426038,429.1666666666667,429.1666666666667
2025-11-28 15:00:00,129.06,1958.7342079057012,429.1666666666667,429.1666666666667
2025-11-28 16:00:00,129.8,1958.904386379107,429.1666666666667,429.1666666666667
2025-11-28 17:00:00,133.57,1958.1535989964336,429.1666666666667,429.1666666666667
2025-11-28 18:00:00,128.12,1958.103546504256,429.1666666666667,429.1666666666667
2025-11-28 19:00:00,127.7,1958.2537039807903,429.1666666666667,429.1666666666667
2025-11-28 20:00:00,123.0,1957.733158062137,429.1666666666667,429.1666666666667
2025-11-28 21:00:00,112.55,1958.7542289025728,429.1666666666667,429.1666666666667
2025-11-28 22:00:00,106.12,1960.1356776866917,429.1666666666667,429.1666666666667
2025-11-28 23:00:00,103.82,1960.7363075928304,429.1666666666667,429.1666666666667
2025-11-29 00:00:00,110.57,1960.5561186209889,429.1666666666667,429.1666666666667
2025-11-29 01:00:00,108.1,1961.0566435427709,429.1666666666667,429.1666666666667
2025-11-29 02:00:00,107.41,1960.175719680434,429.1666666666667,429.1666666666667
2025-11-29 03:00:00,105.95,1960.676244602216,429.1666666666667,429.1666666666667
2025-11-29 04:00:00,105.1,1959.905436222672,429.1666666666667,429.1666666666667
2025-11-29 05:00:00,106.8,1958.654123918216,429.1666666666667,429.1666666666667
2025-11-29 06:00:00,111.51,1957.7531790590083,429.1666666666667,429.1666666666667
2025-11-29 07:00:00,120.0,1957.7732000558797,429.1666666666667,429.1666666666667
2025-11-29 08:00:00,122.96,1957.8332630464931,429.1666666666667,429.1666666666667
2025-11-29 09:00:00,119.0,1957.5729900871663,429.1666666666667,429.1666666666667
2025-11-29 10:00:00,110.85,1958.3538089651468,429.1666666666667,429.1666666666667
2025-11-29 11:00:00,109.54,1958.0534940120772,429.1666666666667,429.1666666666667
2025-11-29 12:00:00,106.83,1957.2726751340967,429.1666666666667,429.1666666666667
2025-11-29 13:00:00,106.89,1956.8322132029289,429.1666666666667,429.1666666666667
2025-11-29 14:00:00,111.28,1956.2315832967904,429.1666666666667,429.1666666666667
2025-11-29 15:00:00,120.08,1954.9302185001568,429.1666666666667,429.1666666666667
2025-11-29 16:00:00,126.37,1953.9992421456416,429.1666666666667,429.1666666666667
2025-11-29 17:00:00,128.18,1953.248454762968,429.1666666666667,429.1666666666667
2025-11-29 18:00:00,127.49,1955.3506594344533,429.1666666666667,429.1666666666667
2025-11-29 19:00:00,126.0,1956.9022866919784,429.1666666666667,429.1666666666667
2025-11-29 20:00:00,123.6,1957.873305040236,429.1666666666667,429.1666666666667
2025-11-29 21:00:00,116.51,1959.0745648525133,429.1666666666667,429.1666666666667
2025-11-29 22:00:00,114.0,1959.705226253959,429.1666666666667,429.1666666666667
2025-11-29 23:00:00,109.66,1960.3759296491469,429.1666666666667,429.1666666666667
2025-11-30 00:00:00,110.0,1959.9354677179788,429.1666666666667,429.1666666666667
2025-11-30 01:00:00,104.69,1960.656223605345,429.1666666666667,429.1666666666667
2025-11-30 02:00:00,102.28,1961.0566435427709,429.1666666666667,429.1666666666667
2025-11-30 03:00:00,101.19,1961.35695849584,429.1666666666667,429.1666666666667
2025-11-30 04:00:00,99.49,1959.8053312383156,429.1666666666667,429.1666666666667
2025-11-30 05:00:00,101.34,1959.6051212696025,429.1666666666667,429.1666666666667
2025-11-30 06:00:00,106.2,1958.5339979369885,429.1666666666667,429.1666666666667
2025-11-30 07:00:00,109.0,1958.55401893386,429.1666666666667,429.1666666666667
2025-11-30 08:00:00,108.74,1958.7041764103944,429.1666666666667,429.1666666666667
2025-11-30 09:00:00,106.0,1959.10459634782,429.1666666666667,429.1666666666667
2025-11-30 10:00:00,98.43,1959.705226253959,429.1666666666667,429.1666666666667
2025-11-30 11:00:00,96.03,1958.8343128900576,429.1666666666667,429.1666666666667
2025-11-30 12:00:00,97.0,1958.774249899444,429.1666666666667,429.1666666666667
2025-11-30 13:00:00,97.6,1958.373829962018,429.1666666666667,429.1666666666667
2025-11-30 14:00:00,100.9,1957.332738124711,429.1666666666667,429.1666666666667
2025-11-30 15:00:00,110.57,1956.5318982498595,429.1666666666667,429.1666666666667
2025-11-30 16:00:00,119.24,1955.1304284688688,429.1666666666667,429.1666666666667
2025-11-30 17:00:00,125.48,1954.5297985627303,429.1666666666667,429.1666666666667
2025-11-30 18:00:00,127.26,1955.931268343721,429.1666666666667,429.1666666666667
2025-11-30 19:00:00,126.06,1956.2315832967904,429.1666666666667,429.1666666666667
2025-11-30 20:00:00,124.35,1956.632003234216,429.1666666666667,429.1666666666667
2025-11-30 21:00:00,117.33,1956.051394324949,429.1666666666667,429.1666666666667
2025-11-30 22:00:00,113.02,1957.3527591215825,429.1666666666667,429.1666666666667
2025-11-30 23:00:00,109.0,1957.9333680308496,429.1666666666667,429.1666666666667
2025-12-01 00:00:00,105.34,1957.9033365355428,445.8333333333333,445.8333333333333
2025-12-01 01:00:00,101.6,1957.9533890277207,445.8333333333333,445.8333333333333
2025-12-01 02:00:00,99.0,1957.47288510281,445.8333333333333,445.8333333333333
2025-12-01 03:00:00,100.07,1957.502916598117,445.8333333333333,445.8333333333333
2025-12-01 04:00:00,100.2,1957.7531790590083,445.8333333333333,445.8333333333333
2025-12-01 05:00:00,106.02,1957.2726751340967,445.8333333333333,445.8333333333333
2025-12-01 06:00:00,124.22,1955.370680431325,445.8333333333333,445.8333333333333
2025-12-01 07:00:00,135.0,1954.36963058776,445.8333333333333,445.8333333333333
2025-12-01 08:00:00,142.4,1954.36963058776,445.8333333333333,445.8333333333333
2025-12-01 09:00:00,139.49,1956.2516042936616,445.8333333333333,445.8333333333333
2025-12-01 10:00:00,134.43,1956.632003234216,445.8333333333333,445.8333333333333
2025-12-01 11:00:00,131.53,1956.5018667545528,445.8333333333333,445.8333333333333
2025-12-01 12:00:00,129.1,1956.6520242310871,445.8333333333333,445.8333333333333
2025-12-01 13:00:00,130.1,1955.7711003687507,445.8333333333333,445.8333333333333
2025-12-01 14:00:00,136.7,1954.3996620830671,445.8333333333333,445.8333333333333
2025-12-01 15:00:00,135.93,1954.800082020493,445.8333333333333,445.8333333333333
2025-12-01 16:00:00,139.74,1954.1293786253048,445.8333333333333,445.8333333333333
2025-12-01 17:00:00,138.8,1954.36963058776,445.8333333333333,445.8333333333333
2025-12-01 18:00:00,135.03,1955.971310337464,445.8333333333333,445.8333333333333
2025-12-01 19:00:00,136.92,1955.851184356236,445.8333333333333,445.8333333333333
2025-12-01 20:00:00,130.86,1956.6720452279585,445.8333333333333,445.8333333333333
2025-12-01 21:00:00,123.81,1955.951289340592,445.8333333333333,445.8333333333333
2025-12-01 22:00:00,115.67,1957.2726751340967,445.8333333333333,445.8333333333333
2025-12-01 23:00:00,109.0,1959.5750897742955,445.8333333333333,445.8333333333333
2025-12-02 00:00:00,105.9,1959.755278746137,445.8333333333333,445.8333333333333
2025-12-02 01:00:00,105.91,1958.9744598681568,445.8333333333333,445.8333333333333
2025-12-02 02:00:00,105.62,1958.774249899444,445.8333333333333,445.8333333333333
2025-12-02 03:00:00,104.3,1958.1535989964336,445.8333333333333,445.8333333333333
2025-12-02 04:00:00,104.3,1958.403861457325,445.8333333333333,445.8333333333333
2025-12-02 05:00:00,107.86,1957.1024966606917,445.8333333333333,445.8333333333333
2025-12-02 06:00:00,126.04,1956.5318982498595,445.8333333333333,445.8333333333333
2025-12-02 07:00:00,137.28,1956.2716252905327,445.8333333333333,445.8333333333333
2025-12-02 08:00:00,145.0,1958.4539139495037,445.8333333333333,445.8333333333333
2025-12-02 09:00:00,138.41,1961.35695849584,445.8333333333333,445.8333333333333
2025-12-02 10:00:00,135.02,1958.8343128900576,445.8333333333333,445.8333333333333
2025-12-02 11:00:00,131.77,1957.9033365355428,445.8333333333333,445.8333333333333
2025-12-02 12:00:00,127.53,1958.6341029213447,445.8333333333333,445.8333333333333
2025-12-02 13:00:00,130.0,1958.333787968276,445.8333333333333,445.8333333333333
2025-12-02 14:00:00,136.95,1959.10459634782,445.8333333333333,445.8333333333333
2025-12-02 15:00:00,145.78,1957.8032315511864,445.8333333333333,445.8333333333333
2025-12-02 16:00:00,164.79,1957.0524441685127,445.8333333333333,445.8333333333333
2025-12-02 17:00:00,171.95,1956.7321082185724,445.8333333333333,445.8333333333333
2025-12-02 18:00:00,168.3,1957.47288510281,445.8333333333333,445.8333333333333
2025-12-02 19:00:00,149.69,1957.733158062137,445.8333333333333,445.8333333333333
2025-12-02 20:00:00,138.46,1959.4349427961963,445.8333333333333,445.8333333333333
2025-12-02 21:00:00,128.13,1960.2057511757407,445.8333333333333,445.8333333333333
2025-12-02 22:00:00,122.1,1960.856433574058,445.8333333333333,445.8333333333333
2025-12-02 23:00:00,112.24,1961.1567485271275,445.8333333333333,445.8333333333333
2025-12-03 00:00:00,106.88,1960.676244602216,445.8333333333333,445.8333333333333
2025-12-03 01:00:00,105.6,1960.776349586573,445.8333333333333,445.8333333333333
2025-12-03 02:00:00,102.91,1960.906486066236,445.8333333333333,445.8333333333333
2025-12-03 03:00:00,103.28,1961.0366225459,445.8333333333333,445.8333333333333
2025-12-03 04:00:00,104.23,1960.80638108188,445.8333333333333,445.8333333333333
2025-12-03 05:00:00,107.92,1958.9344178744143,445.8333333333333,445.8333333333333
2025-12-03 06:00:00,128.24,1958.373829962018,445.8333333333333,445.8333333333333
2025-12-03 07:00:00,162.04,1956.3717302748887,445.8333333333333,445.8333333333333
2025-12-03 08:00:00,172.11,1956.551919246731,445.8333333333333,445.8333333333333
2025-12-03 09:00:00,168.34,1956.3316882811464,445.8333333333333,445.8333333333333
2025-12-03 10:00:00,158.85,1957.4028116137608,445.8333333333333,445.8333333333333
2025-12-03 11:00:00,151.94,1957.653074074652,445.8333333333333,445.8333333333333
2025-12-03 12:00:00,147.69,1957.202601645048,445.8333333333333,445.8333333333333
2025-12-03 13:00:00,150.35,1956.601971738909,445.8333333333333,445.8333333333333
2025-12-03 14:00:00,156.58,1955.951289340592,445.8333333333333,445.8333333333333
2025-12-03 15:00:00,157.07,1956.051394324949,445.8333333333333,445.8333333333333
2025-12-03 16:00:00,167.57,1955.7711003687507,445.8333333333333,445.8333333333333
2025-12-03 17:00:00,175.67,1956.0013418327703,445.8333333333333,445.8333333333333
2025-12-03 18:00:00,165.69,1957.0324231716415,445.8333333333333,445.8333333333333
2025-12-03 19:00:00,168.27,1957.202601645048,445.8333333333333,445.8333333333333
2025-12-03 20:00:00,137.29,1957.252654137226,445.8333333333333,445.8333333333333
2025-12-03 21:00:00,125.0,1958.373829962018,445.8333333333333,445.8333333333333
2025-12-03 22:00:00,118.37,1959.755278746137,445.8333333333333,445.8333333333333
2025-12-03 23:00:00,111.02,1960.6061711131667,445.8333333333333,445.8333333333333
2025-12-04 00:00:00,105.35,1960.2057511757407,445.8333333333333,445.8333333333333
2025-12-04 01:00:00,102.5,1959.5750897742955,445.8333333333333,445.8333333333333
2025-12-04 02:00:00,100.49,1959.0345228587707,445.8333333333333,445.8333333333333
2025-12-04 03:00:00,100.47,1959.234732827484,445.8333333333333,445.8333333333333
2025-12-04 04:00:00,102.0,1959.4349427961963,445.8333333333333,445.8333333333333
2025-12-04 05:00:00,105.63,1958.373829962018,445.8333333333333,445.8333333333333
2025-12-04 06:00:00,125.0,1956.0013418327703,445.8333333333333,445.8333333333333
2025-12-04 07:00:00,153.4,1955.370680431325,445.8333333333333,445.8333333333333
2025-12-04 08:00:00,170.72,1956.4518142623745,445.8333333333333,445.8333333333333
2025-12-04 09:00:00,165.0,1957.302706629404,445.8333333333333,445.8333333333333
2025-12-04 10:00:00,150.61,1957.1725701497407,445.8333333333333,445.8333333333333
2025-12-04 11:00:00,140.19,1958.103546504256,445.8333333333333,445.8333333333333
2025-12-04 12:00:00,134.1,1956.5318982498595,445.8333333333333,445.8333333333333
2025-12-04 13:00:00,139.78,1952.067215947562,445.8333333333333,445.8333333333333
2025-12-04 14:00:00,146.81,1955.1504494657404,445.8333333333333,445.8333333333333
2025-12-04 15:00:00,153.78,1955.530848406295,445.8333333333333,445.8333333333333
2025-12-04 16:00:00,170.83,1956.2716252905327,445.8333333333333,445.8333333333333
2025-12-04 17:00:00,163.6,1956.772150212315,445.8333333333333,445.8333333333333
2025-12-04 18:00:00,152.56,1957.452864105939,445.8333333333333,445.8333333333333
2025-12-04 19:00:00,142.02,1957.733158062137,445.8333333333333,445.8333333333333
2025-12-04 20:00:00,130.89,1957.3727801184536,445.8333333333333,445.8333333333333
2025-12-04 21:00:00,123.65,1958.1335779995627,445.8333333333333,445.8333333333333
2025-12-04 22:00:00,118.04,1958.6741449150877,445.8333333333333,445.8333333333333
2025-12-04 23:00:00,110.54,1959.5750897742955,445.8333333333333,445.8333333333333
2025-12-05 00:00:00,102.05,1959.10459634782,445.8333333333333,445.8333333333333
2025-12-05 01:00:00,98.46,1959.10459634782,445.8333333333333,445.8333333333333
2025-12-05 02:00:00,98.0,1959.3748798055824,445.8333333333333,445.8333333333333
2025-12-05 03:00:00,97.38,1960.3058561600976,445.8333333333333,445.8333333333333
2025-12-05 04:00:00,100.0,1959.304806316533,445.8333333333333,445.8333333333333
2025-12-05 05:00:00,103.14,1959.3748798055824,445.8333333333333,445.8333333333333
2025-12-05 06:00:00,126.99,1957.9533890277207,445.8333333333333,445.8333333333333
2025-12-05 07:00:00,156.87,1956.6520242310871,445.8333333333333,445.8333333333333
2025-12-05 08:00:00,200.08,1956.601971738909,445.8333333333333,445.8333333333333
2025-12-05 09:00:00,190.0,1957.1024966606917,445.8333333333333,445.8333333333333
2025-12-05 10:00:00,200.0,1956.632003234216,445.8333333333333,445.8333333333333
2025-12-05 11:00:00,180.96,1957.673095071523,445.8333333333333,445.8333333333333
2025-12-05 12:00:00,157.42,1958.6741449150877,445.8333333333333,445.8333333333333
2025-12-05 13:00:00,148.82,1956.752129215444,445.8333333333333,445.8333333333333
2025-12-05 14:00:00,153.99,1956.8722551966716,445.8333333333333,445.8333333333333
2025-12-05 15:00:00,163.34,1956.0313733280773,445.8333333333333,445.8333333333333
2025-12-05 16:00:00,157.98,1955.370680431325,445.8333333333333,445.8333333333333
2025-12-05 17:00:00,151.53,1955.7510793718795,445.8333333333333,445.8333333333333
2025-12-05 18:00:00,152.44,1955.871205353107,445.8333333333333,445.8333333333333
2025-12-05 19:00:00,135.49,1956.551919246731,445.8333333333333,445.8333333333333
2025-12-05 20:00:00,125.58,1956.802181707622,445.8333333333333,445.8333333333333
2025-12-05 21:00:00,112.49,1957.452864105939,445.8333333333333,445.8333333333333
2025-12-05 22:00:00,108.17,1959.1746698368693,445.8333333333333,445.8333333333333
2025-12-05 23:00:00,102.03,1958.854333886929,445.8333333333333,445.8333333333333
2025-12-06 00:00:00,101.33,1958.1736199933048,445.8333333333333,445.8333333333333
2025-12-06 01:00:00,97.0,1958.0735150089488,445.8333333333333,445.8333333333333
2025-12-06 02:00:00,96.99,1958.7041764103944,445.8333333333333,445.8333333333333
2025-12-06 03:00:00,95.22,1959.134627843127,445.8333333333333,445.8333333333333
2025-12-06 04:00:00,94.66,1959.4049113008891,445.8333333333333,445.8333333333333
2025-12-06 05:00:00,94.84,1958.1535989964336,445.8333333333333,445.8333333333333
2025-12-06 06:00:00,101.92,1958.0735150089488,445.8333333333333,445.8333333333333
2025-12-06 07:00:00,111.18,1958.333787968276,445.8333333333333,445.8333333333333
2025-12-06 08:00:00,111.3,1960.2558036679195,445.8333333333333,445.8333333333333
2025-12-06 09:00:00,109.03,1958.503966441681,445.8333333333333,445.8333333333333
2025-12-06 10:00:00,102.08,1958.2537039807903,445.8333333333333,445.8333333333333
2025-12-06 11:00:00,99.61,1958.4539139495037,445.8333333333333,445.8333333333333
2025-12-06 12:00:00,100.23,1957.6330530777805,445.8333333333333,445.8333333333333
2025-12-06 13:00:00,99.61,1956.8722551966716,445.8333333333333,445.8333333333333
2025-12-06 14:00:00,103.3,1956.1314783124335,445.8333333333333,445.8333333333333
2025-12-06 15:00:00,110.7,1954.59987205178,445.8333333333333,445.8333333333333
2025-12-06 16:00:00,118.62,1954.6499245439584,445.8333333333333,445.8333333333333
2025-12-06 17:00:00,120.91,1954.3996620830671,445.8333333333333,445.8333333333333
2025-12-06 18:00:00,122.1,1954.0292736409483,445.8333333333333,445.8333333333333
2025-12-06 19:00:00,120.0,1953.9692106503344,445.8333333333333,445.8333333333333
2025-12-06 20:00:00,116.4,1954.499767067424,445.8333333333333,445.8333333333333
2025-12-06 21:00:00,111.31,1954.950239497028,445.8333333333333,445.8333333333333
2025-12-06 22:00:00,104.8,1956.3717302748887,445.8333333333333,445.8333333333333
2025-12-06 23:00:00,102.12,1956.4317932655035,445.8333333333333,445.8333333333333
2025-12-07 00:00:00,100.65,1956.1314783124335,445.8333333333333,445.8333333333333
2025-12-07 01:00:00,98.93,1955.200501957919,445.8333333333333,445.8333333333333
2025-12-07 02:00:00,97.4,1954.2995570987107,445.8333333333333,445.8333333333333
2025-12-07 03:00:00,96.1,1953.9692106503344,445.8333333333333,445.8333333333333
2025-12-07 04:00:00,96.0,1953.3285387504527,445.8333333333333,445.8333333333333
2025-12-07 05:00:00,96.14,1953.368580744196,445.8333333333333,445.8333333333333
2025-12-07 06:00:00,97.82,1953.4486647316808,445.8333333333333,445.8333333333333
2025-12-07 07:00:00,100.04,1953.2985072551464,445.8333333333333,445.8333333333333
2025-12-07 08:00:00,101.95,1953.1683707754828,445.8333333333333,445.8333333333333
2025-12-07 09:00:00,99.03,1952.3975623959384,445.8333333333333,445.8333333333333
2025-12-07 10:00:00,97.51,1953.2985072551464,445.8333333333333,445.8333333333333
2025-12-07 11:00:00,99.85,1953.4486647316808,445.8333333333333,445.8333333333333
2025-12-07 12:00:00,99.56,1952.1973524272253,445.8333333333333,445.8333333333333
2025-12-07 13:00:00,98.11,1951.026124110255,445.8333333333333,445.8333333333333
2025-12-07 14:00:00,101.06,1950.2453052322749,445.8333333333333,445.8333333333333
2025-12-07 15:00:00,107.59,1949.164171401225,445.8333333333333,445.8333333333333
2025-12-07 16:00:00,113.05,1948.8238144544127,445.8333333333333,445.8333333333333
2025-12-07 17:00:00,112.55,1948.293258037324,445.8333333333333,445.8333333333333
2025-12-07 18:00:00,118.63,1949.2642763855813,445.8333333333333,445.8333333333333
2025-12-07 19:00:00,115.8,1949.0640664168689,445.8333333333333,445.8333333333333
2025-12-07 20:00:00,114.8,1948.523499501344,445.8333333333333,445.8333333333333
2025-12-07 21:00:00,109.25,1948.7637514637995,445.8333333333333,445.8333333333333
2025-12-07 22:00:00,104.76,1949.995042771384,445.8333333333333,445.8333333333333
2025-12-07 23:00:00,99.05,1948.69367797475,445.8333333333333,445.8333333333333
2025-12-08 00:00:00,94.91,1948.4634365107304,445.8333333333333,445.8333333333333
2025-12-08 01:00:00,93.0,1948.743730466928,445.8333333333333,445.8333333333333
2025-12-08 02:00:00,92.86,1948.4434155138588,445.8333333333333,445.8333333333333
2025-12-08 03:00:00,91.21,1948.293258037324,445.8333333333333,445.8333333333333
2025-12-08 04:00:00,91.23,1947.2621766984528,445.8333333333333,445.8333333333333
2025-12-08 05:00:00,92.88,1946.921819751641,445.8333333333333,445.8333333333333
2025-12-08 06:00:00,98.0,1946.4212948298589,445.8333333333333,445.8333333333333
2025-12-08 07:00:00,110.04,1945.1599720269671,445.8333333333333,445.8333333333333
2025-12-08 08:00:00,112.33,1945.6204549550068,445.8333333333333,445.8333333333333
2025-12-08 09:00:00,112.65,1946.2611268548883,445.8333333333333,445.8333333333333
2025-12-08 10:00:00,107.6,1946.321189845502,445.8333333333333,445.8333333333333
2025-12-08 11:00:00,100.59,1946.7416307797992,445.8333333333333,445.8333333333333
2025-12-08 12:00:00,99.0,1945.6604969487491,445.8333333333333,445.8333333333333
2025-12-08 13:00:00,99.19,1944.1889536787096,445.8333333333333,445.8333333333333
2025-12-08 14:00:00,100.26,1943.558292277264,445.8333333333333,445.8333333333333
2025-12-08 15:00:00,114.0,1944.3190901583728,445.8333333333333,445.8333333333333
2025-12-08 16:00:00,118.7,1943.788533741284,445.8333333333333,445.8333333333333
2025-12-08 17:00:00,120.0,1943.2880088195016,445.8333333333333,445.8333333333333
2025-12-08 18:00:00,120.49,1944.239006170888,445.8333333333333,445.8333333333333
2025-12-08 19:00:00,121.11,1945.3401609988089,445.8333333333333,445.8333333333333
2025-12-08 20:00:00,121.09,1945.5904234597,445.8333333333333,445.8333333333333
2025-12-08 21:00:00,113.91,1947.8928380998984,445.8333333333333,445.8333333333333
2025-12-08 22:00:00,108.04,1950.7258091571855,445.8333333333333,445.8333333333333
2025-12-08 23:00:00,99.88,1953.1683707754828,445.8333333333333,445.8333333333333
2025-12-09 00:00:00,100.12,1954.2294836096612,445.8333333333333,445.8333333333333
2025-12-09 01:00:00,99.0,1955.400711926632,445.8333333333333,445.8333333333333
2025-12-09 02:00:00,99.0,1954.800082020493,445.8333333333333,445.8333333333333
2025-12-09 03:00:00,98.39,1953.7489796847503,445.8333333333333,445.8333333333333
2025-12-09 04:00:00,99.86,1953.1283287817405,445.8333333333333,445.8333333333333
2025-12-09 05:00:00,107.5,1952.34750990376,445.8333333333333,445.8333333333333
2025-12-09 06:00:00,120.0,1950.745830154057,445.8333333333333,445.8333333333333
2025-12-09 07:00:00,127.9,1949.8949377870272,445.8333333333333,445.8333333333333
2025-12-09 08:00:00,129.25,1951.56669102578,445.8333333333333,445.8333333333333
2025-12-09 09:00:00,127.1,1953.8290636722356,445.8333333333333,445.8333333333333
2025-12-09 10:00:00,122.38,1956.2315832967904,445.8333333333333,445.8333333333333
2025-12-09 11:00:00,118.0,1952.1973524272253,445.8333333333333,445.8333333333333
2025-12-09 12:00:00,115.14,1952.627803859958,445.8333333333333,445.8333333333333
2025-12-09 13:00:00,120.1,1952.5276988756016,445.8333333333333,445.8333333333333
2025-12-09 14:00:00,124.11,1951.0661661039976,445.8333333333333,445.8333333333333
2025-12-09 15:00:00,128.18,1949.1942028965325,445.8333333333333,445.8333333333333
2025-12-09 16:00:00,130.71,1948.5435204982152,445.8333333333333,445.8333333333333
2025-12-09 17:00:00,131.07,1950.09514775574,445.8333333333333,445.8333333333333
2025-12-09 18:00:00,129.79,1952.1973524272253,445.8333333333333,445.8333333333333
2025-12-09 19:00:00,129.79,1952.6478248568292,445.8333333333333,445.8333333333333
2025-12-09 20:00:00,125.29,1953.0482447942552,445.8333333333333,445.8333333333333
2025-12-09 21:00:00,123.0,1952.6678458537008,445.8333333333333,445.8333333333333
2025-12-09 22:00:00,116.4,1954.8301135158,445.8333333333333,445.8333333333333
2025-12-09 23:00:00,109.25,1955.731058375008,445.8333333333333,445.8333333333333
2025-12-10 00:00:00,104.0,1955.370680431325,445.8333333333333,445.8333333333333
2025-12-10 01:00:00,102.0,1956.972360181028,445.8333333333333,445.8333333333333
2025-12-10 02:00:00,101.04,1956.752129215444,445.8333333333333,445.8333333333333
2025-12-10 03:00:00,101.53,1956.8522341998,445.8333333333333,445.8333333333333
2025-12-10 04:00:00,101.99,1955.8311633593644,445.8333333333333,445.8333333333333
2025-12-10 05:00:00,106.5,1954.730008531444,445.8333333333333,445.8333333333333
2025-12-10 06:00:00,120.5,1954.04929463782,445.8333333333333,445.8333333333333
2025-12-10 07:00:00,128.6,1952.697877349008,445.8333333333333,445.8333333333333
2025-12-10 08:00:00,129.68,1952.327488906889,445.8333333333333,445.8333333333333
2025-12-10 09:00:00,125.0,1953.3986122395029,445.8333333333333,445.8333333333333
2025-12-10 10:00:00,120.51,1953.4486647316808,445.8333333333333,445.8333333333333
2025-12-10 11:00:00,116.91,1954.6999770361367,445.8333333333333,445.8333333333333
2025-12-10 12:00:00,108.0,1952.96816080677,445.8333333333333,445.8333333333333
2025-12-10 13:00:00,112.69,1952.8480348255423,445.8333333333333,445.8333333333333
2025-12-10 14:00:00,120.0,1951.9671109632056,445.8333333333333,445.8333333333333
2025-12-10 15:00:00,126.6,1951.666796010136,445.8333333333333,445.8333333333333
2025-12-10 16:00:00,130.1,1950.3654312135025,445.8333333333333,445.8333333333333
2025-12-10 17:00:00,129.11,1949.7247593136208,445.8333333333333,445.8333333333333
2025-12-10 18:00:00,128.37,1949.1441504043537,445.8333333333333,445.8333333333333
2025-12-10 19:00:00,128.55,1950.295357724453,445.8333333333333,445.8333333333333
2025-12-10 20:00:00,124.4,1951.2964075680172,445.8333333333333,445.8333333333333
2025-12-10 21:00:00,117.31,1952.1973524272253,445.8333333333333,445.8333333333333
2025-12-10 22:00:00,113.5,1953.4286437348096,445.8333333333333,445.8333333333333
2025-12-10 23:00:00,106.59,1954.069315634691,445.8333333333333,445.8333333333333
2025-12-11 00:00:00,105.93,1954.0292736409483,445.8333333333333,445.8333333333333
2025-12-11 01:00:00,100.56,1954.269525603404,445.8333333333333,445.8333333333333
2025-12-11 02:00:00,99.75,1953.2684757598397,445.8333333333333,445.8333333333333
2025-12-11 03:00:00,99.21,1954.1293786253048,445.8333333333333,445.8333333333333
2025-12-11 04:00:00,100.0,1953.668895697265,445.8333333333333,445.8333333333333
2025-12-11 05:00:00,102.57,1952.8680558224137,445.8333333333333,445.8333333333333
2025-12-11 06:00:00,118.8,1951.196302583661,445.8333333333333,445.8333333333333
2025-12-11 07:00:00,127.8,1950.125179251047,445.8333333333333,445.8333333333333
2025-12-11 08:00:00,129.01,1950.445515200988,445.8333333333333,445.8333333333333
2025-12-11 09:00:00,126.74,1951.3965125523737,445.8333333333333,445.8333333333333
2025-12-11 10:00:00,121.2,1951.0461451071264,445.8333333333333,445.8333333333333
2025-12-11 11:00:00,117.07,1949.5645913386509,445.8333333333333,445.8333333333333
2025-12-11 12:00:00,112.26,1949.9449902792053,445.8333333333333,445.8333333333333
2025-12-11 13:00:00,115.94,1945.2901085066308,445.8333333333333,445.8333333333333
2025-12-11 14:00:00,120.0,1948.69367797475,445.8333333333333,445.8333333333333
2025-12-11 15:00:00,126.1,1953.228433766097,445.8333333333333,445.8333333333333
2025-12-11 16:00:00,127.4,1954.3996620830671,445.8333333333333,445.8333333333333
2025-12-11 17:00:00,129.79,1954.1994521143545,445.8333333333333,445.8333333333333
2025-12-11 18:00:00,128.99,1955.330638437582,445.8333333333333,445.8333333333333
2025-12-11 19:00:00,127.79,1956.07141532182,445.8333333333333,445.8333333333333
2025-12-11 20:00:00,125.01,1957.0724651653843,445.8333333333333,445.8333333333333
2025-12-11 21:00:00,119.29,1957.432843109068,445.8333333333333,445.8333333333333
2025-12-11 22:00:00,112.0,1958.1736199933048,445.8333333333333,445.8333333333333
2025-12-11 23:00:00,104.94,1958.904386379107,445.8333333333333,445.8333333333333
2025-12-12 00:00:00,101.59,1959.33483781184,445.8333333333333,445.8333333333333
2025-12-12 01:00:00,100.62,1959.6351527649088,445.8333333333333,445.8333333333333
2025-12-12 02:00:00,99.1,1959.8353627336223,445.8333333333333,445.8333333333333
2025-12-12 03:00:00,96.2,1959.6551737617808,445.8333333333333,445.8333333333333
2025-12-12 04:00:00,100.72,1958.2737249776617,445.8333333333333,445.8333333333333
2025-12-12 05:00:00,100.14,1957.5729900871663,445.8333333333333,445.8333333333333
2025-12-12 06:00:00,115.91,1956.7020767232657,445.8333333333333,445.8333333333333
2025-12-12 07:00:00,127.9,1955.400711926632,445.8333333333333,445.8333333333333
2025-12-12 08:00:00,135.0,1955.5008169109883,445.8333333333333,445.8333333333333
2025-12-12 09:00:00,127.9,1956.4518142623745,445.8333333333333,445.8333333333333
2025-12-12 10:00:00,121.13,1958.0034415198995,445.8333333333333,445.8333333333333
2025-12-12 11:00:00,118.96,1957.6030215824733,445.8333333333333,445.8333333333333
2025-12-12 12:00:00,116.0,1958.6741449150877,445.8333333333333,445.8333333333333
2025-12-12 13:00:00,116.57,1958.8743548838004,445.8333333333333,445.8333333333333
2025-12-12 14:00:00,126.09,1958.7041764103944,445.8333333333333,445.8333333333333
2025-12-12 15:00:00,133.47,1957.9533890277207,445.8333333333333,445.8333333333333
2025-12-12 16:00:00,138.19,1958.0034415198995,445.8333333333333,445.8333333333333
2025-12-12 17:00:00,141.01,1957.9033365355428,445.8333333333333,445.8333333333333
2025-12-12 18:00:00,137.17,1959.0345228587707,445.8333333333333,445.8333333333333
2025-12-12 19:00:00,127.46,1958.574039930731,445.8333333333333,445.8333333333333
2025-12-12 20:00:00,121.12,1960.3759296491469,445.8333333333333,445.8333333333333
2025-12-12 21:00:00,112.75,1961.6072209567312,445.8333333333333,445.8333333333333
2025-12-12 22:00:00,107.7,1962.5582183081176,445.8333333333333,445.8333333333333
2025-12-12 23:00:00,101.19,1962.0576933863356,445.8333333333333,445.8333333333333
2025-12-13 00:00:00,106.0,1961.5371474676815,445.8333333333333,445.8333333333333
2025-12-13 01:00:00,102.0,1962.7784492737017,445.8333333333333,445.8333333333333
2025-12-13 02:00:00,101.9,1963.4591631673256,445.8333333333333,445.8333333333333
2025-12-13 03:00:00,100.1,1963.2389322017411,445.8333333333333,445.8333333333333
2025-12-13 04:00:00,98.0,1963.2089007064344,445.8333333333333,445.8333333333333
2025-12-13 05:00:00,99.55,1962.0576933863356,445.8333333333333,445.8333333333333
2025-12-13 06:00:00,104.99,1961.707325941088,445.8333333333333,445.8333333333333
2025-12-13 07:00:00,110.39,1960.4560136366324,445.8333333333333,445.8333333333333
2025-12-13 08:00:00,112.42,1961.507115972375,445.8333333333333,445.8333333333333
2025-12-13 09:00:00,110.66,1962.0076408941568,445.8333333333333,445.8333333333333
2025-12-13 10:00:00,102.0,1962.5081658159395,445.8333333333333,445.8333333333333
2025-12-13 11:00:00,99.81,1962.2579033550485,445.8333333333333,445.8333333333333
2025-12-13 12:00:00,97.77,1962.337987342533,445.8333333333333,445.8333333333333
2025-12-13 13:00:00,98.01,1961.557168464553,445.8333333333333,445.8333333333333
2025-12-13 14:00:00,101.55,1962.2579033550485,445.8333333333333,445.8333333333333
2025-12-13 15:00:00,111.95,1961.9075359098008,445.8333333333333,445.8333333333333
2025-12-13 16:00:00,118.08,1961.8574834176225,445.8333333333333,445.8333333333333
2025-12-13 17:00:00,119.91,1961.557168464553,445.8333333333333,445.8333333333333
2025-12-13 18:00:00,121.42,1962.037672389464,445.8333333333333,445.8333333333333
2025-12-13 19:00:00,121.28,1961.6772944457807,445.8333333333333,445.8333333333333
2025-12-13 20:00:00,119.39,1961.807430925444,445.8333333333333,445.8333333333333
2025-12-13 21:00:00,111.0,1963.1788692111277,445.8333333333333,445.8333333333333
2025-12-13 22:00:00,107.4,1963.83956210788,445.8333333333333,445.8333333333333
2025-12-13 23:00:00,102.0,1963.809530612573,445.8333333333333,445.8333333333333
2025-12-14 00:00:00,104.0,1963.3390371860976,445.8333333333333,445.8333333333333
2025-12-14 01:00:00,100.0,1963.2389322017411,445.8333333333333,445.8333333333333
2025-12-14 02:00:00,99.29,1962.838512264316,445.8333333333333,445.8333333333333
2025-12-14 03:00:00,98.85,1961.8775044144936,445.8333333333333,445.8333333333333
2025-12-14 04:00:00,99.0,1961.7373574363949,445.8333333333333,445.8333333333333
2025-12-14 05:00:00,99.13,1960.7062760975236,445.8333333333333,445.8333333333333
2025-12-14 06:00:00,100.61,1959.9554887148504,445.8333333333333,445.8333333333333
2025-12-14 07:00:00,106.5,1960.0355727023352,445.8333333333333,445.8333333333333
2025-12-14 08:00:00,106.0,1960.5060661288103,445.8333333333333,445.8333333333333
2025-12-14 09:00:00,104.87,1960.906486066236,445.8333333333333,445.8333333333333
2025-12-14 10:00:00,98.6,1961.136727530256,445.8333333333333,445.8333333333333
2025-12-14 11:00:00,96.89,1961.6572734489096,445.8333333333333,445.8333333333333
2025-12-14 12:00:00,98.03,1961.4370424833253,445.8333333333333,445.8333333333333
2025-12-14 13:00:00,97.73,1961.6072209567312,445.8333333333333,445.8333333333333
2025-12-14 14:00:00,99.33,1961.837462420751,445.8333333333333,445.8333333333333
2025-12-14 15:00:00,110.1,1961.2768745083551,445.8333333333333,445.8333333333333
2025-12-14 16:00:00,119.1,1961.1767695239985,445.8333333333333,445.8333333333333
2025-12-14 17:00:00,121.5,1960.3058561600976,445.8333333333333,445.8333333333333
2025-12-14 18:00:00,122.04,1961.7773994301372,445.8333333333333,445.8333333333333
2025-12-14 19:00:00,122.99,1961.8574834176225,445.8333333333333,445.8333333333333
2025-12-14 20:00:00,120.0,1962.0777143832065,445.8333333333333,445.8333333333333
2025-12-14 21:00:00,116.21,1962.177819367563,445.8333333333333,445.8333333333333
2025-12-14 22:00:00,112.36,1962.7384072799596,445.8333333333333,445.8333333333333
2025-12-14 23:00:00,101.54,1964.1598980578208,445.8333333333333,445.8333333333333
2025-12-15 00:00:00,98.17,1964.2399820453056,445.8333333333333,445.8333333333333
2025-12-15 01:00:00,96.07,1963.559268151682,445.8333333333333,445.8333333333333
2025-12-15 02:00:00,96.02,1963.8595831047517,445.8333333333333,445.8333333333333
2025-12-15 03:00:00,96.18,1963.739457123524,445.8333333333333,445.8333333333333
2025-12-15 04:00:00,96.02,1963.4091106751475,445.8333333333333,445.8333333333333
2025-12-15 05:00:00,100.1,1963.078764226771,445.8333333333333,445.8333333333333
2025-12-15 06:00:00,119.01,1962.5782393049888,445.8333333333333,445.8333333333333
2025-12-15 07:00:00,125.11,1961.4370424833253,445.8333333333333,445.8333333333333
2025-12-15 08:00:00,129.02,1961.5771894614245,445.8333333333333,445.8333333333333
2025-12-15 09:00:00,124.7,1962.4080608315828,445.8333333333333,445.8333333333333
2025-12-15 10:00:00,119.01,1962.608270800296,445.8333333333333,445.8333333333333
2025-12-15 11:00:00,116.0,1963.278974195484,445.8333333333333,445.8333333333333
2025-12-15 12:00:00,112.84,1961.457063480197,445.8333333333333,445.8333333333333
2025-12-15 13:00:00,117.5,1962.3079558472264,445.8333333333333,445.8333333333333
2025-12-15 14:00:00,122.8,1962.858533261187,445.8333333333333,445.8333333333333
2025-12-15 15:00:00,124.8,1960.0055412070285,445.8333333333333,445.8333333333333
2025-12-15 16:00:00,127.99,1960.3358876554043,445.8333333333333,445.8333333333333
2025-12-15 17:00:00,129.08,1961.2368325146128,445.8333333333333,445.8333333333333
2025-12-15 18:00:00,127.99,1961.7373574363949,445.8333333333333,445.8333333333333
2025-12-15 19:00:00,127.9,1961.507115972375,445.8333333333333,445.8333333333333
2025-12-15 20:00:00,121.29,1963.0587432299,445.8333333333333,445.8333333333333
2025-12-15 21:00:00,116.0,1963.60932064386,445.8333333333333,445.8333333333333
2025-12-15 22:00:00,109.88,1965.31110537792,445.8333333333333,445.8333333333333
2025-12-15 23:00:00,101.23,1965.5813888356824,445.8333333333333,445.8333333333333
2025-12-16 00:00:00,104.0,1965.31110537792,445.8333333333333,445.8333333333333
2025-12-16 01:00:00,101.91,1965.0408219201572,445.8333333333333,445.8333333333333
2025-12-16 02:00:00,101.3,1965.160947901385,445.8333333333333,445.8333333333333
2025-12-16 03:00:00,100.74,1964.46021301089,445.8333333333333,445.8333333333333
2025-12-16 04:00:00,99.16,1964.8406119514443,445.8333333333333,445.8333333333333
2025-12-16 05:00:00,102.98,1963.509215659504,445.8333333333333,445.8333333333333
2025-12-16 06:00:00,121.01,1962.0076408941568,445.8333333333333,445.8333333333333
2025-12-16 07:00:00,128.0,1961.757378433266,445.8333333333333,445.8333333333333
2025-12-16 08:00:00,131.42,1962.4080608315828,445.8333333333333,445.8333333333333
2025-12-16 09:00:00,129.07,1964.440192014019,445.8333333333333,445.8333333333333
2025-12-16 10:00:00,125.6,1962.9586382455436,445.8333333333333,445.8333333333333
2025-12-16 11:00:00,123.39,1961.3769794927116,445.8333333333333,445.8333333333333
2025-12-16 12:00:00,121.51,1961.5371474676815,445.8333333333333,445.8333333333333
2025-12-16 13:00:00,122.04,1964.009740581286,445.8333333333333,445.8333333333333
2025-12-16 14:00:00,128.71,1964.5402969983752,445.8333333333333,445.8333333333333
2025-12-16 15:00:00,136.65,1964.860632948316,445.8333333333333,445.8333333333333
2025-12-16 16:00:00,146.01,1964.410160518712,445.8333333333333,445.8333333333333
2025-12-16 17:00:00,146.63,1965.681493820039,445.8333333333333,445.8333333333333
2025-12-16 18:00:00,143.06,1965.7115253153456,445.8333333333333,445.8333333333333
2025-12-16 19:00:00,136.34,1965.9117352840583,445.8333333333333,445.8333333333333
2025-12-16 20:00:00,130.0,1966.061892760593,445.8333333333333,445.8333333333333
2025-12-16 21:00:00,118.67,1967.0429216072864,445.8333333333333,445.8333333333333
2025-12-16 22:00:00,110.44,1968.043971450851,445.8333333333333,445.8333333333333
2025-12-16 23:00:00,102.89,1968.5645173695043,445.8333333333333,445.8333333333333
2025-12-17 00:00:00,104.0,1967.7136250024744,445.8333333333333,445.8333333333333
2025-12-17 01:00:00,99.0,1968.6145698616824,445.8333333333333,445.8333333333333
2025-12-17 02:00:00,99.04,1968.1640974320785,445.8333333333333,445.8333333333333
2025-12-17 03:00:00,98.05,1968.1140449399,445.8333333333333,445.8333333333333
2025-12-17 04:00:00,98.36,1967.8838034758803,445.8333333333333,445.8333333333333
2025-12-17 05:00:00,102.4,1966.2420817324348,445.8333333333333,445.8333333333333
2025-12-17 06:00:00,116.17,1964.2800240390484,445.8333333333333,445.8333333333333
2025-12-17 07:00:00,128.61,1963.4091106751475,445.8333333333333,445.8333333333333
2025-12-17 08:00:00,136.3,1963.1788692111277,445.8333333333333,445.8333333333333
2025-12-17 09:00:00,132.43,1965.9417667793653,445.8333333333333,445.8333333333333
2025-12-17 10:00:00,126.58,1965.0808639139,445.8333333333333,445.8333333333333
2025-12-17 11:00:00,124.61,1964.0597930734643,445.8333333333333,445.8333333333333
2025-12-17 12:00:00,123.31,1964.5603179952464,445.8333333333333,445.8333333333333
2025-12-17 13:00:00,123.48,1963.3590581829687,445.8333333333333,445.8333333333333
2025-12-17 14:00:00,127.01,1963.2589531986127,445.8333333333333,445.8333333333333
2025-12-17 15:00:00,131.01,1962.20785086287,445.8333333333333,445.8333333333333
2025-12-17 16:00:00,134.0,1961.4070109880183,445.8333333333333,445.8333333333333
2025-12-17 17:00:00,132.71,1960.80638108188,445.8333333333333,445.8333333333333
2025-12-17 18:00:00,129.76,1961.0566435427709,445.8333333333333,445.8333333333333
2025-12-17 19:00:00,129.69,1961.6372524520384,445.8333333333333,445.8333333333333
2025-12-17 20:00:00,124.07,1962.5381973112464,445.8333333333333,445.8333333333333
2025-12-17 21:00:00,120.39,1962.6583232924736,445.8333333333333,445.8333333333333
2025-12-17 22:00:00,114.0,1965.2410318888703,445.8333333333333,445.8333333333333
2025-12-17 23:00:00,107.36,1966.6124701745537,445.8333333333333,445.8333333333333
2025-12-18 00:00:00,110.2,1967.7136250024744,445.8333333333333,445.8333333333333
2025-12-18 01:00:00,105.82,1968.264202416435,445.8333333333333,445.8333333333333
2025-12-18 02:00:00,106.0,1967.8437614821376,445.8333333333333,445.8333333333333
2025-12-18 03:00:00,106.0,1967.7636774946527,445.8333333333333,445.8333333333333
2025-12-18 04:00:00,107.46,1966.9828586166725,445.8333333333333,445.8333333333333
2025-12-18 05:00:00,110.71,1965.2810738826129,445.8333333333333,445.8333333333333
2025-12-18 06:00:00,120.29,1964.2099505499991,445.8333333333333,445.8333333333333
2025-12-18 07:00:00,129.01,1963.559268151682,445.8333333333333,445.8333333333333
2025-12-18 08:00:00,131.44,1962.1077458785132,445.8333333333333,445.8333333333333
2025-12-18 09:00:00,129.38,1965.0408219201572,445.8333333333333,445.8333333333333
2025-12-18 10:00:00,126.89,1966.6124701745537,445.8333333333333,445.8333333333333
2025-12-18 11:00:00,124.04,1963.8595831047517,445.8333333333333,445.8333333333333
2025-12-18 12:00:00,120.0,1963.909635596929,445.8333333333333,445.8333333333333
2025-12-18 13:00:00,120.38,1960.1056461913847,445.8333333333333,445.8333333333333
2025-12-18 14:00:00,123.87,1962.7384072799596,445.8333333333333,445.8333333333333
2025-12-18 15:00:00,127.6,1962.7584282768305,445.8333333333333,445.8333333333333
2025-12-18 16:00:00,130.81,1959.8053312383156,445.8333333333333,445.8333333333333
2025-12-18 17:00:00,131.0,1962.4581133237607,445.8333333333333,445.8333333333333
2025-12-18 18:00:00,130.0,1963.2389322017411,445.8333333333333,445.8333333333333
2025-12-18 19:00:00,128.69,1963.9797090859795,445.8333333333333,445.8333333333333
2025-12-18 20:00:00,126.49,1964.5603179952464,445.8333333333333,445.8333333333333
2025-12-18 21:00:00,122.1,1964.940716935801,445.8333333333333,445.8333333333333
2025-12-18 22:00:00,119.13,1966.78264864796,445.8333333333333,445.8333333333333
2025-12-18 23:00:00,116.0,1966.5624176823756,445.8333333333333,445.8333333333333
2025-12-19 00:00:00,112.2,1966.862732635445,445.8333333333333,445.8333333333333
2025-12-19 01:00:00,107.79,1966.8126801432663,445.8333333333333,445.8333333333333
2025-12-19 02:00:00,106.2,1967.613520018118,445.8333333333333,445.8333333333333
2025-12-19 03:00:00,103.57,1967.112995096336,445.8333333333333,445.8333333333333
2025-12-19 04:00:00,105.31,1966.212050237128,445.8333333333333,445.8333333333333
2025-12-19 05:00:00,111.52,1965.0808639139,445.8333333333333,445.8333333333333
2025-12-19 06:00:00,120.01,1963.83956210788,445.8333333333333,445.8333333333333
2025-12-19 07:00:00,126.72,1962.938617248672,445.8333333333333,445.8333333333333
2025-12-19 08:00:00,128.27,1961.937567405108,445.8333333333333,445.8333333333333
2025-12-19 09:00:00,127.75,1963.1788692111277,445.8333333333333,445.8333333333333
2025-12-19 10:00:00,126.57,1963.9797090859795,445.8333333333333,445.8333333333333
2025-12-19 11:00:00,122.1,1964.5803389921175,445.8333333333333,445.8333333333333
2025-12-19 12:00:00,119.23,1963.9797090859795,445.8333333333333,445.8333333333333
2025-12-19 13:00:00,119.4,1963.9797090859795,445.8333333333333,445.8333333333333
2025-12-19 14:00:00,124.2,1963.9797090859795,445.8333333333333,445.8333333333333
2025-12-19 15:00:00,126.0,1964.7605279639597,445.8333333333333,445.8333333333333
2025-12-19 16:00:00,127.19,1964.4802340077613,445.8333333333333,445.8333333333333
2025-12-19 17:00:00,127.54,1964.6804439764744,445.8333333333333,445.8333333333333
2025-12-19 18:00:00,126.4,1964.3100555343556,445.8333333333333,445.8333333333333
2025-12-19 19:00:00,125.0,1964.940716935801,445.8333333333333,445.8333333333333
2025-12-19 20:00:00,122.39,1965.681493820039,445.8333333333333,445.8333333333333
2025-12-19 21:00:00,118.71,1965.9617877762369,445.8333333333333,445.8333333333333
2025-12-19 22:00:00,115.94,1966.3622077136624,445.8333333333333,445.8333333333333
2025-12-19 23:00:00,111.36,1966.5624176823756,445.8333333333333,445.8333333333333
2025-12-20 00:00:00,102.0,1966.462312698019,445.8333333333333,445.8333333333333
2025-12-20 01:00:00,98.53,1966.3622077136624,445.8333333333333,445.8333333333333
2025-12-20 02:00:00,96.1,1966.3622077136624,445.8333333333333,445.8333333333333
2025-12-20 03:00:00,96.1,1967.0629426041576,445.8333333333333,445.8333333333333
2025-12-20 04:00:00,95.9,1966.4122602058403,445.8333333333333,445.8333333333333
2025-12-20 05:00:00,94.9,1965.381178866969,445.8333333333333,445.8333333333333
2025-12-20 06:00:00,99.1,1963.83956210788,445.8333333333333,445.8333333333333
2025-12-20 07:00:00,106.01,1963.138827217385,445.8333333333333,445.8333333333333
2025-12-20 08:00:00,111.3,1964.3601080265332,445.8333333333333,445.8333333333333
2025-12-20 09:00:00,112.92,1965.140926904514,445.8333333333333,445.8333333333333
2025-12-20 10:00:00,104.02,1965.6114203309887,445.8333333333333,445.8333333333333
2025-12-20 11:00:00,101.05,1964.5603179952464,445.8333333333333,445.8333333333333
2025-12-20 12:00:00,99.57,1963.779499117266,445.8333333333333,445.8333333333333
2025-12-20 13:00:00,100.86,1963.3390371860976,445.8333333333333,445.8333333333333
2025-12-20 14:00:00,109.81,1962.4080608315828,445.8333333333333,445.8333333333333
2025-12-20 15:00:00,117.61,1960.7363075928304,445.8333333333333,445.8333333333333
2025-12-20 16:00:00,119.32,1960.2057511757407,445.8333333333333,445.8333333333333
2025-12-20 17:00:00,120.39,1960.175719680434,445.8333333333333,445.8333333333333
2025-12-20 18:00:00,118.14,1961.35695849584,445.8333333333333,445.8333333333333
2025-12-20 19:00:00,118.76,1962.177819367563,445.8333333333333,445.8333333333333
2025-12-20 20:00:00,118.0,1962.638302295603,445.8333333333333,445.8333333333333
2025-12-20 21:00:00,109.81,1963.2089007064344,445.8333333333333,445.8333333333333
2025-12-20 22:00:00,103.89,1965.0408219201572,445.8333333333333,445.8333333333333
2025-12-20 23:00:00,100.89,1965.9117352840583,445.8333333333333,445.8333333333333
2025-12-21 00:00:00,107.81,1966.2821237261771,445.8333333333333,445.8333333333333
2025-12-21 01:00:00,100.22,1967.082963601029,445.8333333333333,445.8333333333333
2025-12-21 02:00:00,98.53,1967.7136250024744,445.8333333333333,445.8333333333333
2025-12-21 03:00:00,98.0,1968.4143598929693,445.8333333333333,445.8333333333333
2025-12-21 04:00:00,97.31,1967.363257557227,445.8333333333333,445.8333333333333
2025-12-21 05:00:00,97.9,1967.082963601029,445.8333333333333,445.8333333333333
2025-12-21 06:00:00,100.1,1966.5624176823756,445.8333333333333,445.8333333333333
2025-12-21 07:00:00,104.76,1966.71257515891,445.8333333333333,445.8333333333333
2025-12-21 08:00:00,108.05,1966.8427116385733,445.8333333333333,445.8333333333333
2025-12-21 09:00:00,109.77,1966.5824386792467,445.8333333333333,445.8333333333333
2025-12-21 10:00:00,106.81,1966.682543663603,445.8333333333333,445.8333333333333
2025-12-21 11:00:00,105.3,1966.6425016698604,445.8333333333333,445.8333333333333
2025-12-21 12:00:00,102.2,1967.363257557227,445.8333333333333,445.8333333333333
2025-12-21 13:00:00,104.0,1967.1830685853847,445.8333333333333,445.8333333333333
2025-12-21 14:00:00,108.56,1966.3622077136624,445.8333333333333,445.8333333333333
2025-12-21 15:00:00,113.53,1965.9117352840583,445.8333333333333,445.8333333333333
2025-12-21 16:00:00,118.6,1964.6604229796028,445.8333333333333,445.8333333333333
2025-12-21 17:00:00,120.0,1963.9396670922367,445.8333333333333,445.8333333333333
2025-12-21 18:00:00,120.01,1965.31110537792,445.8333333333333,445.8333333333333
2025-12-21 19:00:00,121.89,1965.0808639139,445.8333333333333,445.8333333333333
2025-12-21 20:00:00,119.95,1966.0819137574645,445.8333333333333,445.8333333333333
2025-12-21 21:00:00,112.25,1967.1430265916424,445.8333333333333,445.8333333333333
2025-12-21 22:00:00,107.46,1968.0840134445932,445.8333333333333,445.8333333333333
2025-12-21 23:00:00,100.27,1968.584538366376,445.8333333333333,445.8333333333333
2025-12-22 00:00:00,96.99,1967.9438664664945,445.8333333333333,445.8333333333333
2025-12-22 01:00:00,94.44,1967.783698491524,445.8333333333333,445.8333333333333
2025-12-22 02:00:00,93.87,1968.5645173695043,445.8333333333333,445.8333333333333
2025-12-22 03:00:00,93.33,1968.5144648773264,445.8333333333333,445.8333333333333
2025-12-22 04:00:00,94.1,1967.8437614821376,445.8333333333333,445.8333333333333
2025-12-22 05:00:00,96.54,1966.5123651901968,445.8333333333333,445.8333333333333
2025-12-22 06:00:00,108.4,1964.46021301089,445.8333333333333,445.8333333333333
2025-12-22 07:00:00,120.09,1964.5603179952464,445.8333333333333,445.8333333333333
2025-12-22 08:00:00,123.8,1964.1098455656424,445.8333333333333,445.8333333333333
2025-12-22 09:00:00,122.62,1964.9607379326724,445.8333333333333,445.8333333333333
2025-12-22 10:00:00,120.0,1964.5603179952464,445.8333333333333,445.8333333333333
2025-12-22 11:00:00,118.0,1964.179919054692,445.8333333333333,445.8333333333333
2025-12-22 12:00:00,115.91,1964.3801290234048,445.8333333333333,445.8333333333333
2025-12-22 13:00:00,117.0,1964.860632948316,445.8333333333333,445.8333333333333
2025-12-22 14:00:00,120.72,1964.1098455656424,445.8333333333333,445.8333333333333
2025-12-22 15:00:00,124.04,1964.6103704874247,445.8333333333333,445.8333333333333
2025-12-22 16:00:00,125.0,1964.3601080265332,445.8333333333333,445.8333333333333
2025-12-22 17:00:00,125.01,1964.4802340077613,445.8333333333333,445.8333333333333
2025-12-22 18:00:00,124.62,1964.640401982732,445.8333333333333,445.8333333333333
2025-12-22 19:00:00,123.71,1964.5603179952464,445.8333333333333,445.8333333333333
2025-12-22 20:00:00,120.42,1965.54134684194,445.8333333333333,445.8333333333333
2025-12-22 21:00:00,116.33,1966.442291701148,445.8333333333333,445.8333333333333
2025-12-22 22:00:00,112.6,1967.2631525728705,445.8333333333333,445.8333333333333
2025-12-22 23:00:00,105.99,1967.7436564977816,445.8333333333333,445.8333333333333
2025-12-23 00:00:00,102.0,1967.7636774946527,445.8333333333333,445.8333333333333
2025-12-23 01:00:00,99.0,1968.5645173695043,445.8333333333333,445.8333333333333
2025-12-23 02:00:00,96.85,1968.264202416435,445.8333333333333,445.8333333333333
2025-12-23 03:00:00,97.37,1967.56346752594,445.8333333333333,445.8333333333333
2025-12-23 04:00:00,97.1,1966.78264864796,445.8333333333333,445.8333333333333
2025-12-23 05:00:00,100.2,1965.641451826296,445.8333333333333,445.8333333333333
2025-12-23 06:00:00,109.79,1965.110895409207,445.8333333333333,445.8333333333333
2025-12-23 07:00:00,121.1,1964.9607379326724,445.8333333333333,445.8333333333333
2025-12-23 08:00:00,121.11,1963.909635596929,445.8333333333333,445.8333333333333
2025-12-23 09:00:00,121.11,1964.1598980578208,445.8333333333333,445.8333333333333
2025-12-23 10:00:00,121.66,1963.83956210788,445.8333333333333,445.8333333333333
2025-12-23 11:00:00,120.1,1964.8105804561376,445.8333333333333,445.8333333333333
2025-12-23 12:00:00,119.55,1964.3601080265332,445.8333333333333,445.8333333333333
2025-12-23 13:00:00,120.0,1963.2089007064344,445.8333333333333,445.8333333333333
2025-12-23 14:00:00,121.55,1963.2389322017411,445.8333333333333,445.8333333333333
2025-12-23 15:00:00,122.52,1963.2089007064344,445.8333333333333,445.8333333333333
2025-12-23 16:00:00,122.74,1962.27792435192,445.8333333333333,445.8333333333333
2025-12-23 17:00:00,122.32,1963.5792891485528,445.8333333333333,445.8333333333333
2025-12-23 18:00:00,122.61,1964.0798140703355,445.8333333333333,445.8333333333333
2025-12-23 19:00:00,121.1,1964.3801290234048,445.8333333333333,445.8333333333333
2025-12-23 20:00:00,121.1,1964.710475471781,445.8333333333333,445.8333333333333
2025-12-23 21:00:00,117.31,1965.6114203309887,445.8333333333333,445.8333333333333
2025-12-23 22:00:00,111.68,1966.4823336948905,445.8333333333333,445.8333333333333
2025-12-23 23:00:00,103.91,1966.94281662293,445.8333333333333,445.8333333333333
2025-12-24 00:00:00,102.22,1967.0629426041576,445.8333333333333,445.8333333333333
2025-12-24 01:00:00,96.06,1967.463362541584,445.8333333333333,445.8333333333333
2025-12-24 02:00:00,95.26,1967.2831735697416,445.8333333333333,445.8333333333333
2025-12-24 03:00:00,94.0,1966.8427116385733,445.8333333333333,445.8333333333333
2025-12-24 04:00:00,93.14,1966.1419767480784,445.8333333333333,445.8333333333333
2025-12-24 05:00:00,94.08,1963.9797090859795,445.8333333333333,445.8333333333333
2025-12-24 06:00:00,98.22,1963.5792891485528,445.8333333333333,445.8333333333333
2025-12-24 07:00:00,108.46,1963.4391421704545,445.8333333333333,445.8333333333333
2025-12-24 08:00:00,110.49,1963.809530612573,445.8333333333333,445.8333333333333
2025-12-24 09:00:00,112.2,1964.0798140703355,445.8333333333333,445.8333333333333
2025-12-24 10:00:00,111.73,1963.2589531986127,445.8333333333333,445.8333333333333
2025-12-24 11:00:00,110.51,1963.7094256282169,445.8333333333333,445.8333333333333
2025-12-24 12:00:00,109.1,1963.779499117266,445.8333333333333,445.8333333333333
2025-12-24 13:00:00,108.5,1963.4391421704545,445.8333333333333,445.8333333333333
2025-12-24 14:00:00,109.81,1964.440192014019,445.8333333333333,445.8333333333333
2025-12-24 15:00:00,110.28,1965.160947901385,445.8333333333333,445.8333333333333
2025-12-24 16:00:00,111.48,1965.761577807524,445.8333333333333,445.8333333333333
2025-12-24 17:00:00,106.96,1965.7415568106528,445.8333333333333,445.8333333333333
2025-12-24 18:00:00,105.86,1964.640401982732,445.8333333333333,445.8333333333333
2025-12-24 19:00:00,107.21,1966.182018741821,445.8333333333333,445.8333333333333
2025-12-24 20:00:00,107.21,1966.212050237128,445.8333333333333,445.8333333333333
2025-12-24 21:00:00,107.2,1966.5624176823756,445.8333333333333,445.8333333333333
2025-12-24 22:00:00,103.08,1967.613520018118,445.8333333333333,445.8333333333333
2025-12-24 23:00:00,103.01,1967.8838034758803,445.8333333333333,445.8333333333333
2025-12-25 00:00:00,99.45,1967.9638874633656,445.8333333333333,445.8333333333333
2025-12-25 01:00:00,95.73,1968.1841184289497,445.8333333333333,445.8333333333333
2025-12-25 02:00:00,95.63,1967.5834885228112,445.8333333333333,445.8333333333333
2025-12-25 03:00:00,94.81,1968.1841184289497,445.8333333333333,445.8333333333333
2025-12-25 04:00:00,94.41,1967.363257557227,445.8333333333333,445.8333333333333
2025-12-25 05:00:00,94.48,1966.4823336948905,445.8333333333333,445.8333333333333
2025-12-25 06:00:00,97.17,1965.54134684194,445.8333333333333,445.8333333333333
2025-12-25 07:00:00,97.65,1966.212050237128,445.8333333333333,445.8333333333333
2025-12-25 08:00:00,98.1,1966.3421867167915,445.8333333333333,445.8333333333333
2025-12-25 09:00:00,99.81,1965.9117352840583,445.8333333333333,445.8333333333333
2025-12-25 10:00:00,100.3,1966.682543663603,445.8333333333333,445.8333333333333
2025-12-25 11:00:00,100.41,1966.9828586166725,445.8333333333333,445.8333333333333
2025-12-25 12:00:00,97.22,1965.9117352840583,445.8333333333333,445.8333333333333
2025-12-25 13:00:00,95.55,1965.6614728231675,445.8333333333333,445.8333333333333
2025-12-25 14:00:00,97.02,1965.86168279188,445.8333333333333,445.8333333333333
2025-12-25 15:00:00,106.6,1965.2110003935636,445.8333333333333,445.8333333333333
2025-12-25 16:00:00,114.54,1965.6114203309887,445.8333333333333,445.8333333333333
2025-12-25 17:00:00,114.7,1965.2810738826129,445.8333333333333,445.8333333333333
2025-12-25 18:00:00,106.61,1965.681493820039,445.8333333333333,445.8333333333333
2025-12-25 19:00:00,106.6,1965.4112103622765,445.8333333333333,445.8333333333333
2025-12-25 20:00:00,108.58,1965.381178866969,445.8333333333333,445.8333333333333
2025-12-25 21:00:00,108.5,1965.9617877762369,445.8333333333333,445.8333333333333
2025-12-25 22:00:00,104.4,1966.7626276510885,445.8333333333333,445.8333333333333
2025-12-25 23:00:00,97.32,1968.043971450851,445.8333333333333,445.8333333333333
2025-12-26 00:00:00,98.97,1967.8838034758803,445.8333333333333,445.8333333333333
2025-12-26 01:00:00,96.15,1968.3142549086133,445.8333333333333,445.8333333333333
2025-12-26 02:00:00,96.31,1968.1841184289497,445.8333333333333,445.8333333333333
2025-12-26 03:00:00,94.72,1968.1841184289497,445.8333333333333,445.8333333333333
2025-12-26 04:00:00,94.7,1966.6124701745537,445.8333333333333,445.8333333333333
2025-12-26 05:00:00,94.49,1965.160947901385,445.8333333333333,445.8333333333333
2025-12-26 06:00:00,98.39,1964.860632948316,445.8333333333333,445.8333333333333
2025-12-26 07:00:00,99.0,1964.860632948316,445.8333333333333,445.8333333333333
2025-12-26 08:00:00,101.8,1966.5624176823756,445.8333333333333,445.8333333333333
2025-12-26 09:00:00,100.03,1964.5603179952464,445.8333333333333,445.8333333333333
2025-12-26 10:00:00,96.51,1965.811630299702,445.8333333333333,445.8333333333333
2025-12-26 11:00:00,95.56,1966.041871763722,445.8333333333333,445.8333333333333
2025-12-26 12:00:00,94.55,1965.3411368732268,445.8333333333333,445.8333333333333
2025-12-26 13:00:00,85.98,1966.2621027293064,445.8333333333333,445.8333333333333
2025-12-26 14:00:00,96.34,1966.1419767480784,445.8333333333333,445.8333333333333
2025-12-26 15:00:00,98.77,1966.212050237128,445.8333333333333,445.8333333333333
2025-12-26 16:00:00,110.07,1966.3421867167915,445.8333333333333,445.8333333333333
2025-12-26 17:00:00,114.33,1966.011840268415,445.8333333333333,445.8333333333333
2025-12-26 18:00:00,116.5,1966.4823336948905,445.8333333333333,445.8333333333333
2025-12-26 19:00:00,112.0,1965.841661795009,445.8333333333333,445.8333333333333
2025-12-26 20:00:00,110.08,1966.4122602058403,445.8333333333333,445.8333333333333
2025-12-26 21:00:00,108.5,1967.082963601029,445.8333333333333,445.8333333333333
2025-12-26 22:00:00,107.5,1967.7136250024744,445.8333333333333,445.8333333333333
2025-12-26 23:00:00,102.0,1968.264202416435,445.8333333333333,445.8333333333333
2025-12-27 00:00:00,104.94,1968.1440764352071,445.8333333333333,445.8333333333333
2025-12-27 01:00:00,98.47,1967.343236560356,445.8333333333333,445.8333333333333
2025-12-27 02:00:00,97.13,1968.2842234133063,445.8333333333333,445.8333333333333
2025-12-27 03:00:00,95.73,1967.8838034758803,445.8333333333333,445.8333333333333
2025-12-27 04:00:00,95.5,1966.742606654217,445.8333333333333,445.8333333333333
2025-12-27 05:00:00,97.54,1966.1119452527716,445.8333333333333,445.8333333333333
2025-12-27 06:00:00,99.0,1965.2110003935636,445.8333333333333,445.8333333333333
2025-12-27 07:00:00,105.3,1965.811630299702,445.8333333333333,445.8333333333333
2025-12-27 08:00:00,107.0,1965.5813888356824,445.8333333333333,445.8333333333333
2025-12-27 09:00:00,105.05,1966.011840268415,445.8333333333333,445.8333333333333
2025-12-27 10:00:00,99.11,1966.542396685504,445.8333333333333,445.8333333333333
2025-12-27 11:00:00,97.26,1966.662522666732,445.8333333333333,445.8333333333333
2025-12-27 12:00:00,95.33,1966.8126801432663,445.8333333333333,445.8333333333333
2025-12-27 13:00:00,96.81,1966.6425016698604,445.8333333333333,445.8333333333333
2025-12-27 14:00:00,98.1,1966.882753632316,445.8333333333333,445.8333333333333
2025-12-27 15:00:00,111.06,1966.9628376198011,445.8333333333333,445.8333333333333
2025-12-27 16:00:00,117.09,1969.915934658316,445.8333333333333,445.8333333333333
2025-12-27 17:00:00,117.81,1968.914884814752,445.8333333333333,445.8333333333333
2025-12-27 18:00:00,117.46,1965.841661795009,445.8333333333333,445.8333333333333
2025-12-27 19:00:00,116.07,1966.442291701148,445.8333333333333,445.8333333333333
2025-12-27 20:00:00,115.77,1966.7626276510885,445.8333333333333,445.8333333333333
2025-12-27 21:00:00,110.71,1967.443341544712,445.8333333333333,445.8333333333333
2025-12-27 22:00:00,107.41,1967.9438664664945,445.8333333333333,445.8333333333333
2025-12-27 23:00:00,101.69,1969.185168272514,445.8333333333333,445.8333333333333
2025-12-28 00:00:00,105.31,1968.714674846039,445.8333333333333,445.8333333333333
2025-12-28 01:00:00,98.9,1969.3153047521776,445.8333333333333,445.8333333333333
2025-12-28 02:00:00,98.1,1969.58558820994,445.8333333333333,445.8333333333333
2025-12-28 03:00:00,98.6,1968.4844333820192,445.8333333333333,445.8333333333333
2025-12-28 04:00:00,98.1,1969.0149897991084,445.8333333333333,445.8333333333333
2025-12-28 05:00:00,98.16,1968.264202416435,445.8333333333333,445.8333333333333
2025-12-28 06:00:00,98.1,1967.9138349711875,445.8333333333333,445.8333333333333
2025-12-28 07:00:00,98.24,1967.343236560356,445.8333333333333,445.8333333333333
2025-12-28 08:00:00,98.55,1966.7626276510885,445.8333333333333,445.8333333333333
2025-12-28 09:00:00,98.49,1967.0629426041576,445.8333333333333,445.8333333333333
2025-12-28 10:00:00,92.17,1966.8126801432663,445.8333333333333,445.8333333333333
2025-12-28 11:00:00,86.42,1966.212050237128,445.8333333333333,445.8333333333333
2025-12-28 12:00:00,83.01,1966.182018741821,445.8333333333333,445.8333333333333
2025-12-28 13:00:00,86.51,1966.3622077136624,445.8333333333333,445.8333333333333
2025-12-28 14:00:00,91.43,1965.811630299702,445.8333333333333,445.8333333333333
2025-12-28 15:00:00,101.17,1965.110895409207,445.8333333333333,445.8333333333333
2025-12-28 16:00:00,112.44,1965.5113153466327,445.8333333333333,445.8333333333333
2025-12-28 17:00:00,116.32,1965.4812838513255,445.8333333333333,445.8333333333333
2025-12-28 18:00:00,115.95,1965.4612628544544,445.8333333333333,445.8333333333333
2025-12-28 19:00:00,115.8,1966.2420817324348,445.8333333333333,445.8333333333333
2025-12-28 20:00:00,113.64,1966.2420817324348,445.8333333333333,445.8333333333333
2025-12-28 21:00:00,113.19,1966.6425016698604,445.8333333333333,445.8333333333333
2025-12-28 22:00:00,111.59,1967.363257557227,445.8333333333333,445.8333333333333
2025-12-28 23:00:00,107.51,1967.8838034758803,445.8333333333333,445.8333333333333
2025-12-29 00:00:00,106.65,1967.082963601029,445.8333333333333,445.8333333333333
2025-12-29 01:00:00,98.1,1968.2842234133063,445.8333333333333,445.8333333333333
2025-12-29 02:00:00,98.1,1968.34428640392,445.8333333333333,445.8333333333333
2025-12-29 03:00:00,97.74,1968.4143598929693,445.8333333333333,445.8333333333333
2025-12-29 04:00:00,96.85,1967.9438664664945,445.8333333333333,445.8333333333333
2025-12-29 05:00:00,98.1,1967.5834885228112,445.8333333333333,445.8333333333333
2025-12-29 06:00:00,106.0,1966.5123651901968,445.8333333333333,445.8333333333333
2025-12-29 07:00:00,114.9,1966.2621027293064,445.8333333333333,445.8333333333333
2025-12-29 08:00:00,117.57,1966.011840268415,445.8333333333333,445.8333333333333
2025-12-29 09:00:00,114.0,1966.1419767480784,445.8333333333333,445.8333333333333
2025-12-29 10:00:00,110.71,1966.4122602058403,445.8333333333333,445.8333333333333
2025-12-29 11:00:00,110.07,1967.0429216072864,445.8333333333333,445.8333333333333
2025-12-29 12:00:00,106.23,1966.7626276510885,445.8333333333333,445.8333333333333
2025-12-29 13:00:00,105.6,1967.2131000806924,445.8333333333333,445.8333333333333
2025-12-29 14:00:00,108.5,1966.041871763722,445.8333333333333,445.8333333333333
2025-12-29 15:00:00,116.36,1966.462312698019,445.8333333333333,445.8333333333333
2025-12-29 16:00:00,117.33,1965.681493820039,445.8333333333333,445.8333333333333
2025-12-29 17:00:00,118.03,1965.361157870098,445.8333333333333,445.8333333333333
2025-12-29 18:00:00,117.29,1965.811630299702,445.8333333333333,445.8333333333333
2025-12-29 19:00:00,115.12,1966.061892760593,445.8333333333333,445.8333333333333
2025-12-29 20:00:00,111.35,1965.9617877762369,445.8333333333333,445.8333333333333
2025-12-29 21:00:00,114.27,1965.7115253153456,445.8333333333333,445.8333333333333
2025-12-29 22:00:00,112.68,1967.9438664664945,445.8333333333333,445.8333333333333
2025-12-29 23:00:00,108.0,1968.714674846039,445.8333333333333,445.8333333333333
2025-12-30 00:00:00,105.08,1968.914884814752,445.8333333333333,445.8333333333333
2025-12-30 01:00:00,104.23,1969.185168272514,445.8333333333333,445.8333333333333
2025-12-30 02:00:00,101.3,1968.7647273382167,445.8333333333333,445.8333333333333
2025-12-30 03:00:00,99.24,1968.8147798303955,445.8333333333333,445.8333333333333
2025-12-30 04:00:00,98.97,1968.2842234133063,445.8333333333333,445.8333333333333
2025-12-30 05:00:00,103.52,1966.4122602058403,445.8333333333333,445.8333333333333
2025-12-30 06:00:00,106.0,1965.7115253153456,445.8333333333333,445.8333333333333
2025-12-30 07:00:00,112.66,1965.641451826296,445.8333333333333,445.8333333333333
2025-12-30 08:00:00,115.6,1965.9117352840583,445.8333333333333,445.8333333333333
2025-12-30 09:00:00,114.99,1966.2420817324348,445.8333333333333,445.8333333333333
2025-12-30 10:00:00,110.05,1966.2821237261771,445.8333333333333,445.8333333333333
2025-12-30 11:00:00,107.09,1966.0819137574645,445.8333333333333,445.8333333333333
2025-12-30 12:00:00,106.49,1966.3121552214843,445.8333333333333,445.8333333333333
2025-12-30 13:00:00,104.95,1966.5624176823756,445.8333333333333,445.8333333333333
2025-12-30 14:00:00,106.8,1965.811630299702,445.8333333333333,445.8333333333333
2025-12-30 15:00:00,113.25,1966.2821237261771,445.8333333333333,445.8333333333333
2025-12-30 16:00:00,117.32,1966.1119452527716,445.8333333333333,445.8333333333333
2025-12-30 17:00:00,118.0,1965.4112103622765,445.8333333333333,445.8333333333333
2025-12-30 18:00:00,115.3,1965.0808639139,445.8333333333333,445.8333333333333
2025-12-30 19:00:00,114.07,1965.9617877762369,445.8333333333333,445.8333333333333
2025-12-30 20:00:00,113.74,1966.662522666732,445.8333333333333,445.8333333333333
2025-12-30 21:00:00,112.12,1966.8427116385733,445.8333333333333,445.8333333333333
2025-12-30 22:00:00,111.02,1967.543446529069,445.8333333333333,445.8333333333333
2025-12-30 23:00:00,105.87,1968.2842234133063,445.8333333333333,445.8333333333333
2025-12-31 00:00:00,102.56,1967.4833835384547,445.8333333333333,445.8333333333333
2025-12-31 01:00:00,98.66,1968.6446013569891,445.8333333333333,445.8333333333333
2025-12-31 02:00:00,95.59,1967.9638874633656,445.8333333333333,445.8333333333333
2025-12-31 03:00:00,95.73,1968.063992447722,445.8333333333333,445.8333333333333
2025-12-31 04:00:00,95.39,1967.2431315759995,445.8333333333333,445.8333333333333
2025-12-31 05:00:00,97.33,1965.9417667793653,445.8333333333333,445.8333333333333
2025-12-31 06:00:00,103.04,1965.160947901385,445.8333333333333,445.8333333333333
2025-12-31 07:00:00,110.06,1964.3100555343556,445.8333333333333,445.8333333333333
2025-12-31 08:00:00,112.0,1964.7805489608304,445.8333333333333,445.8333333333333
2025-12-31 09:00:00,110.14,1965.6114203309887,445.8333333333333,445.8333333333333
2025-12-31 10:00:00,102.4,1966.5824386792467,445.8333333333333,445.8333333333333
2025-12-31 11:00:00,98.1,1967.543446529069,445.8333333333333,445.8333333333333
2025-12-31 12:00:00,94.1,1967.163047588514,445.8333333333333,445.8333333333333
2025-12-31 13:00:00,94.36,1967.2431315759995,445.8333333333333,445.8333333333333
2025-12-31 14:00:00,98.1,1967.4833835384547,445.8333333333333,445.8333333333333
2025-12-31 15:00:00,107.18,1965.881703788752,445.8333333333333,445.8333333333333
2025-12-31 16:00:00,110.41,1965.361157870098,445.8333333333333,445.8333333333333
2025-12-31 17:00:00,112.37,1964.6604229796028,445.8333333333333,445.8333333333333
2025-12-31 18:00:00,113.97,1965.0608429170288,445.8333333333333,445.8333333333333
2025-12-31 19:00:00,112.05,1965.0608429170288,445.8333333333333,445.8333333333333
2025-12-31 20:00:00,113.68,1965.3411368732268,445.8333333333333,445.8333333333333
2025-12-31 21:00:00,112.2,1965.5613678388108,445.8333333333333,445.8333333333333
2025-12-31 22:00:00,111.59,1966.71257515891,445.8333333333333,445.8333333333333
2025-12-31 23:00:00,107.7,1967.0429216072864,445.8333333333333,445.8333333333333
